date,close,volume,sharesOutstanding,freeCashFlow,totalDebt,cashAndCashEquivalents,symbol
2021-09-27,141.7896728515625,74150700,16701272000.0,92953000000.0,136522000000.0,34940000000.0,AAPL
2021-09-28,138.41490173339844,108972300,16701272000.0,92953000000.0,136522000000.0,34940000000.0,AAPL
2021-09-29,139.312255859375,74602000,16701272000.0,92953000000.0,136522000000.0,34940000000.0,AAPL
2021-09-30,138.01499938964844,89056700,16701272000.0,92953000000.0,136522000000.0,34940000000.0,AAPL
2021-10-01,139.13665771484375,94639600,16701272000.0,92953000000.0,136522000000.0,34940000000.0,AAPL
2021-10-04,135.713134765625,98322000,16701272000.0,92953000000.0,136522000000.0,34940000000.0,AAPL
2021-10-05,137.63461303710938,80861100,16701272000.0,92953000000.0,136522000000.0,34940000000.0,AAPL
2021-10-06,138.50271606445312,83221100,16701272000.0,92953000000.0,136522000000.0,34940000000.0,AAPL
2021-10-07,139.7609405517578,61732700,16701272000.0,92953000000.0,136522000000.0,34940000000.0,AAPL
2021-10-08,139.38050842285156,58773200,16701272000.0,92953000000.0,136522000000.0,34940000000.0,AAPL
2021-10-11,139.29275512695312,64452200,16701272000.0,92953000000.0,136522000000.0,34940000000.0,AAPL
2021-10-12,138.02474975585938,73035900,16701272000.0,92953000000.0,136522000000.0,34940000000.0,AAPL
2021-10-13,137.43955993652344,78762700,16701272000.0,92953000000.0,136522000000.0,34940000000.0,AAPL
2021-10-14,140.21934509277344,69907100,16701272000.0,92953000000.0,136522000000.0,34940000000.0,AAPL
2021-10-15,141.2727813720703,67940300,16701272000.0,92953000000.0,136522000000.0,34940000000.0,AAPL
2021-10-18,142.94064331054688,85589200,16701272000.0,92953000000.0,136522000000.0,34940000000.0,AAPL
2021-10-19,145.09620666503906,76378900,16701272000.0,92953000000.0,136522000000.0,34940000000.0,AAPL
2021-10-20,145.58384704589844,58418800,16701272000.0,92953000000.0,136522000000.0,34940000000.0,AAPL
2021-10-21,145.7984619140625,61421000,16701272000.0,92953000000.0,136522000000.0,34940000000.0,AAPL
2021-10-22,145.02789306640625,58883400,16701272000.0,92953000000.0,136522000000.0,34940000000.0,AAPL
2021-10-25,144.9791717529297,50720600,16701272000.0,92953000000.0,136522000000.0,34940000000.0,AAPL
2021-10-26,145.64244079589844,60893400,16701272000.0,92953000000.0,136522000000.0,34940000000.0,AAPL
2021-10-27,145.18397521972656,56094900,16701272000.0,92953000000.0,136522000000.0,34940000000.0,AAPL
2021-10-28,148.8123779296875,100077900,16701272000.0,92953000000.0,136522000000.0,34940000000.0,AAPL
2021-10-29,146.11058044433594,124953200,16701272000.0,92953000000.0,136522000000.0,34940000000.0,AAPL
2021-11-01,145.29129028320312,74588300,16701272000.0,92953000000.0,136522000000.0,34940000000.0,AAPL
2021-11-02,146.32518005371094,69122000,16701272000.0,92953000000.0,136522000000.0,34940000000.0,AAPL
2021-11-03,147.7589874267578,54511500,16701272000.0,92953000000.0,136522000000.0,34940000000.0,AAPL
2021-11-04,147.2420196533203,60394600,16701272000.0,92953000000.0,136522000000.0,34940000000.0,AAPL
2021-11-05,147.7694854736328,65463900,16701272000.0,92953000000.0,136522000000.0,34940000000.0,AAPL
2021-11-08,146.94900512695312,55020900,16701272000.0,92953000000.0,136522000000.0,34940000000.0,AAPL
2021-11-09,147.31040954589844,56787900,16701272000.0,92953000000.0,136522000000.0,34940000000.0,AAPL
2021-11-10,144.48744201660156,65187100,16701272000.0,92953000000.0,136522000000.0,34940000000.0,AAPL
2021-11-11,144.43862915039062,41000000,16701272000.0,92953000000.0,136522000000.0,34940000000.0,AAPL
2021-11-12,146.50941467285156,63804000,16701272000.0,92953000000.0,136522000000.0,34940000000.0,AAPL
2021-11-15,146.5192108154297,59222800,16701272000.0,92953000000.0,136522000000.0,34940000000.0,AAPL
2021-11-16,147.49598693847656,59256200,16701272000.0,92953000000.0,136522000000.0,34940000000.0,AAPL
2021-11-17,149.92822265625,88807000,16701272000.0,92953000000.0,136522000000.0,34940000000.0,AAPL
2021-11-18,154.20655822753906,137827700,16701272000.0,92953000000.0,136522000000.0,34940000000.0,AAPL
2021-11-19,156.82435607910156,117305600,16701272000.0,92953000000.0,136522000000.0,34940000000.0,AAPL
2021-11-22,157.283447265625,117467900,16701272000.0,92953000000.0,136522000000.0,34940000000.0,AAPL
2021-11-23,157.66445922851562,96041900,16701272000.0,92953000000.0,136522000000.0,34940000000.0,AAPL
2021-11-24,158.18211364746094,69463600,16701272000.0,92953000000.0,136522000000.0,34940000000.0,AAPL
2021-11-26,153.1712188720703,76959800,16701272000.0,92953000000.0,136522000000.0,34940000000.0,AAPL
2021-11-29,156.5216064453125,88748200,16701272000.0,92953000000.0,136522000000.0,34940000000.0,AAPL
2021-11-30,161.46414184570312,174048100,16701272000.0,92953000000.0,136522000000.0,34940000000.0,AAPL
2021-12-01,160.94644165039062,152052500,16701272000.0,92953000000.0,136522000000.0,34940000000.0,AAPL
2021-12-02,159.95985412597656,136739200,16701272000.0,92953000000.0,136522000000.0,34940000000.0,AAPL
2021-12-03,158.08441162109375,118023100,16701272000.0,92953000000.0,136522000000.0,34940000000.0,AAPL
2021-12-06,161.4836883544922,107497000,16701272000.0,92953000000.0,136522000000.0,34940000000.0,AAPL
2021-12-07,167.20770263671875,120405400,16701272000.0,92953000000.0,136522000000.0,34940000000.0,AAPL
2021-12-08,171.01719665527344,116998900,16701272000.0,92953000000.0,136522000000.0,34940000000.0,AAPL
2021-12-09,170.50929260253906,108923700,16701272000.0,92953000000.0,136522000000.0,34940000000.0,AAPL
2021-12-10,175.2858123779297,115402700,16701272000.0,92953000000.0,136522000000.0,34940000000.0,AAPL
2021-12-13,171.66189575195312,153237000,16701272000.0,92953000000.0,136522000000.0,34940000000.0,AAPL
2021-12-14,170.28460693359375,139380400,16701272000.0,92953000000.0,136522000000.0,34940000000.0,AAPL
2021-12-15,175.13929748535156,131063300,16701272000.0,92953000000.0,136522000000.0,34940000000.0,AAPL
2021-12-16,168.26260375976562,150185800,16701272000.0,92953000000.0,136522000000.0,34940000000.0,AAPL
2021-12-17,167.16860961914062,195432700,16701272000.0,92953000000.0,136522000000.0,34940000000.0,AAPL
2021-12-20,165.8109130859375,107499100,16701272000.0,92953000000.0,136522000000.0,34940000000.0,AAPL
2021-12-21,168.97572326660156,91185900,16701272000.0,92953000000.0,136522000000.0,34940000000.0,AAPL
2021-12-22,171.56422424316406,92135300,16701272000.0,92953000000.0,136522000000.0,34940000000.0,AAPL
2021-12-23,172.18936157226562,68356600,16701272000.0,92953000000.0,136522000000.0,34940000000.0,AAPL
2021-12-27,176.14535522460938,74919600,16701272000.0,92953000000.0,136522000000.0,34940000000.0,AAPL
2021-12-28,175.1295166015625,79144300,16701272000.0,92953000000.0,136522000000.0,34940000000.0,AAPL
2021-12-29,175.2174072265625,62348900,16701272000.0,92953000000.0,136522000000.0,34940000000.0,AAPL
2021-12-30,174.0648193359375,59773000,16701272000.0,92953000000.0,136522000000.0,34940000000.0,AAPL
2021-12-31,173.449462890625,64062300,16701272000.0,92953000000.0,136522000000.0,34940000000.0,AAPL
2022-01-03,177.786376953125,104487900,16701272000.0,92953000000.0,136522000000.0,34940000000.0,AAPL
2022-01-04,175.52999877929688,99310400,16701272000.0,92953000000.0,136522000000.0,34940000000.0,AAPL
2022-01-05,170.86090087890625,94537600,16701272000.0,92953000000.0,136522000000.0,34940000000.0,AAPL
2022-01-06,168.0086669921875,96904000,16701272000.0,92953000000.0,136522000000.0,34940000000.0,AAPL
2022-01-07,168.17471313476562,86709100,16701272000.0,92953000000.0,136522000000.0,34940000000.0,AAPL
2022-01-10,168.19424438476562,106765600,16701272000.0,92953000000.0,136522000000.0,34940000000.0,AAPL
2022-01-11,171.01719665527344,76138300,16701272000.0,92953000000.0,136522000000.0,34940000000.0,AAPL
2022-01-12,171.4567413330078,74805200,16701272000.0,92953000000.0,136522000000.0,34940000000.0,AAPL
2022-01-13,168.19424438476562,84505800,16701272000.0,92953000000.0,136522000000.0,34940000000.0,AAPL
2022-01-14,169.05384826660156,80440800,16701272000.0,92953000000.0,136522000000.0,34940000000.0,AAPL
2022-01-18,165.85975646972656,90956700,16701272000.0,92953000000.0,136522000000.0,34940000000.0,AAPL
2022-01-19,162.37255859375,94815000,16701272000.0,92953000000.0,136522000000.0,34940000000.0,AAPL
2022-01-20,160.6924591064453,91420500,16701272000.0,92953000000.0,136522000000.0,34940000000.0,AAPL
2022-01-21,158.64125061035156,122848900,16701272000.0,92953000000.0,136522000000.0,34940000000.0,AAPL
2022-01-24,157.8695526123047,162294600,16701272000.0,92953000000.0,136522000000.0,34940000000.0,AAPL
2022-01-25,156.07225036621094,115798400,16701272000.0,92953000000.0,136522000000.0,34940000000.0,AAPL
2022-01-26,155.984375,108275300,16701272000.0,92953000000.0,136522000000.0,34940000000.0,AAPL
2022-01-27,155.52523803710938,121954600,16701272000.0,92953000000.0,136522000000.0,34940000000.0,AAPL
2022-01-28,166.37745666503906,179935700,16701272000.0,92953000000.0,136522000000.0,34940000000.0,AAPL
2022-01-31,170.72413635253906,115541600,16701272000.0,92953000000.0,136522000000.0,34940000000.0,AAPL
2022-02-01,170.55810546875,86213900,16701272000.0,92953000000.0,136522000000.0,34940000000.0,AAPL
2022-02-02,171.75958251953125,84914300,16701272000.0,92953000000.0,136522000000.0,34940000000.0,AAPL
2022-02-03,168.88783264160156,89418100,16701272000.0,92953000000.0,136522000000.0,34940000000.0,AAPL
2022-02-04,168.60414123535156,82465400,16701272000.0,92953000000.0,136522000000.0,34940000000.0,AAPL
2022-02-07,167.8901824951172,77251200,16701272000.0,92953000000.0,136522000000.0,34940000000.0,AAPL
2022-02-08,170.99058532714844,74829200,16701272000.0,92953000000.0,136522000000.0,34940000000.0,AAPL
2022-02-09,172.4087371826172,71285000,16701272000.0,92953000000.0,136522000000.0,34940000000.0,AAPL
2022-02-10,168.340087890625,90865900,16701272000.0,92953000000.0,136522000000.0,34940000000.0,AAPL
2022-02-11,164.93649291992188,98670700,16701272000.0,92953000000.0,136522000000.0,34940000000.0,AAPL
2022-02-14,165.17124938964844,86185500,16701272000.0,92953000000.0,136522000000.0,34940000000.0,AAPL
2022-02-15,168.99537658691406,62527400,16701272000.0,92953000000.0,136522000000.0,34940000000.0,AAPL
2022-02-16,168.76068115234375,61177400,16701272000.0,92953000000.0,136522000000.0,34940000000.0,AAPL
2022-02-17,165.17124938964844,69589300,16701272000.0,92953000000.0,136522000000.0,34940000000.0,AAPL
2022-02-18,163.62594604492188,82772700,16701272000.0,92953000000.0,136522000000.0,34940000000.0,AAPL
2022-02-22,160.71139526367188,91162800,16701272000.0,92953000000.0,136522000000.0,34940000000.0,AAPL
2022-02-23,156.5547637939453,90009200,16701272000.0,92953000000.0,136522000000.0,34940000000.0,AAPL
2022-02-24,159.16607666015625,141147500,16701272000.0,92953000000.0,136522000000.0,34940000000.0,AAPL
2022-02-25,161.229736328125,91974200,16701272000.0,92953000000.0,136522000000.0,34940000000.0,AAPL
2022-02-28,161.4938201904297,95056600,16701272000.0,92953000000.0,136522000000.0,34940000000.0,AAPL
2022-03-01,159.61598205566406,83474400,16701272000.0,92953000000.0,136522000000.0,34940000000.0,AAPL
2022-03-02,162.90220642089844,79724800,16701272000.0,92953000000.0,136522000000.0,34940000000.0,AAPL
2022-03-03,162.57943725585938,76678400,16701272000.0,92953000000.0,136522000000.0,34940000000.0,AAPL
2022-03-04,159.58663940429688,83737200,16701272000.0,92953000000.0,136522000000.0,34940000000.0,AAPL
2022-03-07,155.80162048339844,96418800,16701272000.0,92953000000.0,136522000000.0,34940000000.0,AAPL
2022-03-08,153.9824676513672,131148300,16701272000.0,92953000000.0,136522000000.0,34940000000.0,AAPL
2022-03-09,159.3714599609375,91454900,16701272000.0,92953000000.0,136522000000.0,34940000000.0,AAPL
2022-03-10,155.0387725830078,105342000,16701272000.0,92953000000.0,136522000000.0,34940000000.0,AAPL
2022-03-11,151.3319854736328,96970100,16701272000.0,92953000000.0,136522000000.0,34940000000.0,AAPL
2022-03-14,147.31227111816406,108732100,16701272000.0,92953000000.0,136522000000.0,34940000000.0,AAPL
2022-03-15,151.68409729003906,92964300,16701272000.0,92953000000.0,136522000000.0,34940000000.0,AAPL
2022-03-16,156.0852813720703,102300200,16701272000.0,92953000000.0,136522000000.0,34940000000.0,AAPL
2022-03-17,157.09266662597656,75615400,16701272000.0,92953000000.0,136522000000.0,34940000000.0,AAPL
2022-03-18,160.3788604736328,123511700,16701272000.0,92953000000.0,136522000000.0,34940000000.0,AAPL
2022-03-21,161.74810791015625,95811400,16701272000.0,92953000000.0,136522000000.0,34940000000.0,AAPL
2022-03-22,165.11256408691406,81532000,16701272000.0,92953000000.0,136522000000.0,34940000000.0,AAPL
2022-03-23,166.4720458984375,98062700,16701272000.0,92953000000.0,136522000000.0,34940000000.0,AAPL
2022-03-24,170.24728393554688,90131400,16701272000.0,92953000000.0,136522000000.0,34940000000.0,AAPL
2022-03-25,170.88302612304688,80546200,16701272000.0,92953000000.0,136522000000.0,34940000000.0,AAPL
2022-03-28,171.74366760253906,90371900,16701272000.0,92953000000.0,136522000000.0,34940000000.0,AAPL
2022-03-29,175.02987670898438,100589400,16701272000.0,92953000000.0,136522000000.0,34940000000.0,AAPL
2022-03-30,173.86599731445312,92633200,16701272000.0,92953000000.0,136522000000.0,34940000000.0,AAPL
2022-03-31,170.77542114257812,103049300,16701272000.0,92953000000.0,136522000000.0,34940000000.0,AAPL
2022-04-01,170.48202514648438,78751300,16701272000.0,92953000000.0,136522000000.0,34940000000.0,AAPL
2022-04-04,174.52130126953125,76468400,16701272000.0,92953000000.0,136522000000.0,34940000000.0,AAPL
2022-04-05,171.2155303955078,73401800,16701272000.0,92953000000.0,136522000000.0,34940000000.0,AAPL
2022-04-06,168.05648803710938,89058800,16701272000.0,92953000000.0,136522000000.0,34940000000.0,AAPL
2022-04-07,168.3596649169922,77594700,16701272000.0,92953000000.0,136522000000.0,34940000000.0,AAPL
2022-04-08,166.3546600341797,76575500,16701272000.0,92953000000.0,136522000000.0,34940000000.0,AAPL
2022-04-11,162.1099853515625,72246700,16701272000.0,92953000000.0,136522000000.0,34940000000.0,AAPL
2022-04-12,163.97802734375,79265200,16701272000.0,92953000000.0,136522000000.0,34940000000.0,AAPL
2022-04-13,166.65785217285156,70618900,16701272000.0,92953000000.0,136522000000.0,34940000000.0,AAPL
2022-04-14,161.6601104736328,75329400,16701272000.0,92953000000.0,136522000000.0,34940000000.0,AAPL
2022-04-18,161.4449462890625,69023900,16701272000.0,92953000000.0,136522000000.0,34940000000.0,AAPL
2022-04-19,163.72373962402344,67723800,16701272000.0,92953000000.0,136522000000.0,34940000000.0,AAPL
2022-04-20,163.5574493408203,67929800,16701272000.0,92953000000.0,136522000000.0,34940000000.0,AAPL
2022-04-21,162.76527404785156,87227800,16701272000.0,92953000000.0,136522000000.0,34940000000.0,AAPL
2022-04-22,158.2369384765625,84882400,16701272000.0,92953000000.0,136522000000.0,34940000000.0,AAPL
2022-04-25,159.30303955078125,96046400,16701272000.0,92953000000.0,136522000000.0,34940000000.0,AAPL
2022-04-26,153.35653686523438,95623200,16701272000.0,92953000000.0,136522000000.0,34940000000.0,AAPL
2022-04-27,153.131591796875,88063200,16701272000.0,92953000000.0,136522000000.0,34940000000.0,AAPL
2022-04-28,160.04632568359375,130216800,16701272000.0,92953000000.0,136522000000.0,34940000000.0,AAPL
2022-04-29,154.18785095214844,131747600,16701272000.0,92953000000.0,136522000000.0,34940000000.0,AAPL
2022-05-02,154.49107360839844,123055300,16701272000.0,92953000000.0,136522000000.0,34940000000.0,AAPL
2022-05-03,155.9776611328125,88966500,16701272000.0,92953000000.0,136522000000.0,34940000000.0,AAPL
2022-05-04,162.3740692138672,108256500,16701272000.0,92953000000.0,136522000000.0,34940000000.0,AAPL
2022-05-05,153.3271942138672,130525300,16701272000.0,92953000000.0,136522000000.0,34940000000.0,AAPL
2022-05-06,154.05201721191406,116124600,16701272000.0,92953000000.0,136522000000.0,34940000000.0,AAPL
2022-05-09,148.93914794921875,131577900,16701272000.0,92953000000.0,136522000000.0,34940000000.0,AAPL
2022-05-10,151.33885192871094,115366700,16701272000.0,92953000000.0,136522000000.0,34940000000.0,AAPL
2022-05-11,143.4932861328125,142689800,16701272000.0,92953000000.0,136522000000.0,34940000000.0,AAPL
2022-05-12,139.63412475585938,182602000,16701272000.0,92953000000.0,136522000000.0,34940000000.0,AAPL
2022-05-13,144.09075927734375,113990900,16701272000.0,92953000000.0,136522000000.0,34940000000.0,AAPL
2022-05-16,142.55294799804688,86643800,16701272000.0,92953000000.0,136522000000.0,34940000000.0,AAPL
2022-05-17,146.17701721191406,78336300,16701272000.0,92953000000.0,136522000000.0,34940000000.0,AAPL
2022-05-18,137.92982482910156,109742900,16701272000.0,92953000000.0,136522000000.0,34940000000.0,AAPL
2022-05-19,134.53106689453125,136095600,16701272000.0,92953000000.0,136522000000.0,34940000000.0,AAPL
2022-05-20,134.76614379882812,137426100,16701272000.0,92953000000.0,136522000000.0,34940000000.0,AAPL
2022-05-23,140.1728515625,117726300,16701272000.0,92953000000.0,136522000000.0,34940000000.0,AAPL
2022-05-24,137.47926330566406,104132700,16701272000.0,92953000000.0,136522000000.0,34940000000.0,AAPL
2022-05-25,137.635986328125,92482700,16701272000.0,92953000000.0,136522000000.0,34940000000.0,AAPL
2022-05-26,140.82907104492188,90601500,16701272000.0,92953000000.0,136522000000.0,34940000000.0,AAPL
2022-05-27,146.56881713867188,90978500,16701272000.0,92953000000.0,136522000000.0,34940000000.0,AAPL
2022-05-31,145.7852325439453,103718400,16701272000.0,92953000000.0,136522000000.0,34940000000.0,AAPL
2022-06-01,145.65789794921875,74286600,16701272000.0,92953000000.0,136522000000.0,34940000000.0,AAPL
2022-06-02,148.10658264160156,72348100,16701272000.0,92953000000.0,136522000000.0,34940000000.0,AAPL
2022-06-03,142.396240234375,88570300,16701272000.0,92953000000.0,136522000000.0,34940000000.0,AAPL
2022-06-06,143.140625,71598400,16701272000.0,92953000000.0,136522000000.0,34940000000.0,AAPL
2022-06-07,145.65789794921875,67808200,16701272000.0,92953000000.0,136522000000.0,34940000000.0,AAPL
2022-06-08,144.92330932617188,53950200,16701272000.0,92953000000.0,136522000000.0,34940000000.0,AAPL
2022-06-09,139.71246337890625,69473000,16701272000.0,92953000000.0,136522000000.0,34940000000.0,AAPL
2022-06-10,134.31556701660156,91437900,16701272000.0,92953000000.0,136522000000.0,34940000000.0,AAPL
2022-06-13,129.17333984375,122207100,16701272000.0,92953000000.0,136522000000.0,34940000000.0,AAPL
2022-06-14,130.03524780273438,84784300,16701272000.0,92953000000.0,136522000000.0,34940000000.0,AAPL
2022-06-15,132.6504364013672,91533000,16701272000.0,92953000000.0,136522000000.0,34940000000.0,AAPL
2022-06-16,127.39067840576172,108123900,16701272000.0,92953000000.0,136522000000.0,34940000000.0,AAPL
2022-06-17,128.85987854003906,134520300,16701272000.0,92953000000.0,136522000000.0,34940000000.0,AAPL
2022-06-21,133.08140563964844,81000500,16701272000.0,92953000000.0,136522000000.0,34940000000.0,AAPL
2022-06-22,132.57208251953125,73409200,16701272000.0,92953000000.0,136522000000.0,34940000000.0,AAPL
2022-06-23,135.43215942382812,72433800,16701272000.0,92953000000.0,136522000000.0,34940000000.0,AAPL
2022-06-24,138.7525634765625,89116800,16701272000.0,92953000000.0,136522000000.0,34940000000.0,AAPL
2022-06-27,138.7525634765625,70207900,16701272000.0,92953000000.0,136522000000.0,34940000000.0,AAPL
2022-06-28,134.6192169189453,67083400,16701272000.0,92953000000.0,136522000000.0,34940000000.0,AAPL
2022-06-29,136.37245178222656,66242400,16701272000.0,92953000000.0,136522000000.0,34940000000.0,AAPL
2022-06-30,133.91397094726562,98964500,16701272000.0,92953000000.0,136522000000.0,34940000000.0,AAPL
2022-07-01,136.07862854003906,71051600,16701272000.0,92953000000.0,136522000000.0,34940000000.0,AAPL
2022-07-05,138.6546173095703,73353800,16701272000.0,92953000000.0,136522000000.0,34940000000.0,AAPL
2022-07-06,139.98672485351562,74064300,16701272000.0,92953000000.0,136522000000.0,34940000000.0,AAPL
2022-07-07,143.34634399414062,66253700,16701272000.0,92953000000.0,136522000000.0,34940000000.0,AAPL
2022-07-08,144.02220153808594,64547800,16701272000.0,92953000000.0,136522000000.0,34940000000.0,AAPL
2022-07-11,141.89671325683594,63141600,16701272000.0,92953000000.0,136522000000.0,34940000000.0,AAPL
2022-07-12,142.8663787841797,77588800,16701272000.0,92953000000.0,136522000000.0,34940000000.0,AAPL
2022-07-13,142.5039825439453,71185600,16701272000.0,92953000000.0,136522000000.0,34940000000.0,AAPL
2022-07-14,145.4228057861328,78140700,16701272000.0,92953000000.0,136522000000.0,34940000000.0,AAPL
2022-07-15,147.08792114257812,76259900,16701272000.0,92953000000.0,136522000000.0,34940000000.0,AAPL
2022-07-18,144.05154418945312,81420900,16701272000.0,92953000000.0,136522000000.0,34940000000.0,AAPL
2022-07-19,147.90089416503906,82982400,16701272000.0,92953000000.0,136522000000.0,34940000000.0,AAPL
2022-07-20,149.89901733398438,64823400,16701272000.0,92953000000.0,136522000000.0,34940000000.0,AAPL
2022-07-21,152.16162109375,65086600,16701272000.0,92953000000.0,136522000000.0,34940000000.0,AAPL
2022-07-22,150.927490234375,66675400,16701272000.0,92953000000.0,136522000000.0,34940000000.0,AAPL
2022-07-25,149.81089782714844,53623900,16701272000.0,92953000000.0,136522000000.0,34940000000.0,AAPL
2022-07-26,148.48855590820312,55138700,16701272000.0,92953000000.0,136522000000.0,34940000000.0,AAPL
2022-07-27,153.57208251953125,78620700,16701272000.0,92953000000.0,136522000000.0,34940000000.0,AAPL
2022-07-28,154.12057495117188,81378700,16701272000.0,92953000000.0,136522000000.0,34940000000.0,AAPL
2022-07-29,159.17466735839844,101786900,16701272000.0,92953000000.0,136522000000.0,34940000000.0,AAPL
2022-08-01,158.1951446533203,67829400,16701272000.0,92953000000.0,136522000000.0,34940000000.0,AAPL
2022-08-02,156.72598266601562,59907000,16701272000.0,92953000000.0,136522000000.0,34940000000.0,AAPL
2022-08-03,162.7203826904297,82507500,16701272000.0,92953000000.0,136522000000.0,34940000000.0,AAPL
2022-08-04,162.40696716308594,55474100,16701272000.0,92953000000.0,136522000000.0,34940000000.0,AAPL
2022-08-05,162.18138122558594,56697000,16701272000.0,92953000000.0,136522000000.0,34940000000.0,AAPL
2022-08-08,161.7105712890625,60276900,16701272000.0,92953000000.0,136522000000.0,34940000000.0,AAPL
2022-08-09,161.75958251953125,63135500,16701272000.0,92953000000.0,136522000000.0,34940000000.0,AAPL
2022-08-10,165.99681091308594,70170500,16701272000.0,92953000000.0,136522000000.0,34940000000.0,AAPL
2022-08-11,165.2611846923828,57149200,16701272000.0,92953000000.0,136522000000.0,34940000000.0,AAPL
2022-08-12,168.80197143554688,68039400,16701272000.0,92953000000.0,136522000000.0,34940000000.0,AAPL
2022-08-15,169.87109375,54091700,16701272000.0,92953000000.0,136522000000.0,34940000000.0,AAPL
2022-08-16,169.7141876220703,56377100,16701272000.0,92953000000.0,136522000000.0,34940000000.0,AAPL
2022-08-17,171.20504760742188,79542000,16701272000.0,92953000000.0,136522000000.0,34940000000.0,AAPL
2022-08-18,170.81272888183594,62290100,16701272000.0,92953000000.0,136522000000.0,34940000000.0,AAPL
2022-08-19,168.2331085205078,70346300,16701272000.0,92953000000.0,136522000000.0,34940000000.0,AAPL
2022-08-22,164.35879516601562,69026800,16701272000.0,92953000000.0,136522000000.0,34940000000.0,AAPL
2022-08-23,164.02528381347656,54147100,16701272000.0,92953000000.0,136522000000.0,34940000000.0,AAPL
2022-08-24,164.3195343017578,53841500,16701272000.0,92953000000.0,136522000000.0,34940000000.0,AAPL
2022-08-25,166.77169799804688,51218200,16701272000.0,92953000000.0,136522000000.0,34940000000.0,AAPL
2022-08-26,160.48452758789062,78961000,16701272000.0,92953000000.0,136522000000.0,34940000000.0,AAPL
2022-08-29,158.28741455078125,73314000,16701272000.0,92953000000.0,136522000000.0,34940000000.0,AAPL
2022-08-30,155.86474609375,77906200,16701272000.0,92953000000.0,136522000000.0,34940000000.0,AAPL
2022-08-31,154.20713806152344,87991100,16701272000.0,92953000000.0,136522000000.0,34940000000.0,AAPL
2022-09-01,154.9329833984375,74229900,16701272000.0,92953000000.0,136522000000.0,34940000000.0,AAPL
2022-09-02,152.82415771484375,76957800,16701272000.0,92953000000.0,136522000000.0,34940000000.0,AAPL
2022-09-06,151.5686798095703,73714800,16701272000.0,92953000000.0,136522000000.0,34940000000.0,AAPL
2022-09-07,152.9713134765625,87449600,16701272000.0,92953000000.0,136522000000.0,34940000000.0,AAPL
2022-09-08,151.50003051757812,84923800,16701272000.0,92953000000.0,136522000000.0,34940000000.0,AAPL
2022-09-09,154.354248046875,68028800,16701272000.0,92953000000.0,136522000000.0,34940000000.0,AAPL
2022-09-12,160.2981414794922,104956000,16701272000.0,92953000000.0,136522000000.0,34940000000.0,AAPL
2022-09-13,150.89190673828125,122656600,16701272000.0,92953000000.0,136522000000.0,34940000000.0,AAPL
2022-09-14,152.33370971679688,87965400,16701272000.0,92953000000.0,136522000000.0,34940000000.0,AAPL
2022-09-15,149.45008850097656,90481100,16701272000.0,92953000000.0,136522000000.0,34940000000.0,AAPL
2022-09-16,147.8120880126953,162278800,16701272000.0,92953000000.0,136522000000.0,34940000000.0,AAPL
2022-09-19,151.5196533203125,81474200,16701272000.0,92953000000.0,136522000000.0,34940000000.0,AAPL
2022-09-20,153.8932647705078,107689800,16701272000.0,92953000000.0,136522000000.0,34940000000.0,AAPL
2022-09-21,150.77423095703125,101696800,16701272000.0,92953000000.0,136522000000.0,34940000000.0,AAPL
2022-09-22,149.81300354003906,86652500,16701272000.0,92953000000.0,136522000000.0,34940000000.0,AAPL
2022-09-23,147.54727172851562,96029900,16701272000.0,92953000000.0,136522000000.0,34940000000.0,AAPL
2022-09-26,147.88075256347656,93339400,16215963000.0,111443000000.0,132480000000.0,23646000000.0,AAPL
2022-09-27,148.8517608642578,84442700,16215963000.0,111443000000.0,132480000000.0,23646000000.0,AAPL
2022-09-28,146.9685821533203,146691400,16215963000.0,111443000000.0,132480000000.0,23646000000.0,AAPL
2022-09-29,139.74960327148438,128138200,16215963000.0,111443000000.0,132480000000.0,23646000000.0,AAPL
2022-09-30,135.5516357421875,124925300,16215963000.0,111443000000.0,132480000000.0,23646000000.0,AAPL
2022-10-03,139.72018432617188,114311700,16215963000.0,111443000000.0,132480000000.0,23646000000.0,AAPL
2022-10-04,143.30026245117188,87830100,16215963000.0,111443000000.0,132480000000.0,23646000000.0,AAPL
2022-10-05,143.59449768066406,79471000,16215963000.0,111443000000.0,132480000000.0,23646000000.0,AAPL
2022-10-06,142.64306640625,68402200,16215963000.0,111443000000.0,132480000000.0,23646000000.0,AAPL
2022-10-07,137.40542602539062,85925600,16215963000.0,111443000000.0,132480000000.0,23646000000.0,AAPL
2022-10-10,137.72906494140625,74899000,16215963000.0,111443000000.0,132480000000.0,23646000000.0,AAPL
2022-10-11,136.31668090820312,77033700,16215963000.0,111443000000.0,132480000000.0,23646000000.0,AAPL
2022-10-12,135.6889190673828,70433700,16215963000.0,111443000000.0,132480000000.0,23646000000.0,AAPL
2022-10-13,140.24986267089844,113224000,16215963000.0,111443000000.0,132480000000.0,23646000000.0,AAPL
2022-10-14,135.72816467285156,88598000,16215963000.0,111443000000.0,132480000000.0,23646000000.0,AAPL
2022-10-17,139.68096923828125,85250900,16215963000.0,111443000000.0,132480000000.0,23646000000.0,AAPL
2022-10-18,140.99526977539062,99136600,16215963000.0,111443000000.0,132480000000.0,23646000000.0,AAPL
2022-10-19,141.10317993164062,61758300,16215963000.0,111443000000.0,132480000000.0,23646000000.0,AAPL
2022-10-20,140.64215087890625,64522000,16215963000.0,111443000000.0,132480000000.0,23646000000.0,AAPL
2022-10-21,144.4477996826172,86548600,16215963000.0,111443000000.0,132480000000.0,23646000000.0,AAPL
2022-10-24,146.5860595703125,75981900,16215963000.0,111443000000.0,132480000000.0,23646000000.0,AAPL
2022-10-25,149.42066955566406,74732300,16215963000.0,111443000000.0,132480000000.0,23646000000.0,AAPL
2022-10-26,146.4879913330078,88194300,16215963000.0,111443000000.0,132480000000.0,23646000000.0,AAPL
2022-10-27,142.02517700195312,109180200,16215963000.0,111443000000.0,132480000000.0,23646000000.0,AAPL
2022-10-28,152.7555389404297,164762400,16215963000.0,111443000000.0,132480000000.0,23646000000.0,AAPL
2022-10-31,150.4014892578125,97943200,16215963000.0,111443000000.0,132480000000.0,23646000000.0,AAPL
2022-11-01,147.76303100585938,80379300,16215963000.0,111443000000.0,132480000000.0,23646000000.0,AAPL
2022-11-02,142.250732421875,93604600,16215963000.0,111443000000.0,132480000000.0,23646000000.0,AAPL
2022-11-03,136.21861267089844,97918500,16215963000.0,111443000000.0,132480000000.0,23646000000.0,AAPL
2022-11-04,135.95333862304688,140814800,16215963000.0,111443000000.0,132480000000.0,23646000000.0,AAPL
2022-11-07,136.48385620117188,83374600,16215963000.0,111443000000.0,132480000000.0,23646000000.0,AAPL
2022-11-08,137.05368041992188,89908500,16215963000.0,111443000000.0,132480000000.0,23646000000.0,AAPL
2022-11-09,132.5048828125,74917800,16215963000.0,111443000000.0,132480000000.0,23646000000.0,AAPL
2022-11-10,144.29444885253906,118854000,16215963000.0,111443000000.0,132480000000.0,23646000000.0,AAPL
2022-11-11,147.07481384277344,93979700,16215963000.0,111443000000.0,132480000000.0,23646000000.0,AAPL
2022-11-14,145.67971801757812,73374100,16215963000.0,111443000000.0,132480000000.0,23646000000.0,AAPL
2022-11-15,147.40884399414062,89868300,16215963000.0,111443000000.0,132480000000.0,23646000000.0,AAPL
2022-11-16,146.18075561523438,64218300,16215963000.0,111443000000.0,132480000000.0,23646000000.0,AAPL
2022-11-17,148.07691955566406,80389400,16215963000.0,111443000000.0,132480000000.0,23646000000.0,AAPL
2022-11-18,148.63693237304688,74829600,16215963000.0,111443000000.0,132480000000.0,23646000000.0,AAPL
2022-11-21,145.41444396972656,58724100,16215963000.0,111443000000.0,132480000000.0,23646000000.0,AAPL
2022-11-22,147.54641723632812,51804100,16215963000.0,111443000000.0,132480000000.0,23646000000.0,AAPL
2022-11-23,148.42074584960938,58301400,16215963000.0,111443000000.0,132480000000.0,23646000000.0,AAPL
2022-11-25,145.51268005371094,35195900,16215963000.0,111443000000.0,132480000000.0,23646000000.0,AAPL
2022-11-28,141.69090270996094,69246000,16215963000.0,111443000000.0,132480000000.0,23646000000.0,AAPL
2022-11-29,138.6943817138672,83763800,16215963000.0,111443000000.0,132480000000.0,23646000000.0,AAPL
2022-11-30,145.43408203125,111380900,16215963000.0,111443000000.0,132480000000.0,23646000000.0,AAPL
2022-12-01,145.7091827392578,71250400,16215963000.0,111443000000.0,132480000000.0,23646000000.0,AAPL
2022-12-02,145.21800231933594,65447400,16215963000.0,111443000000.0,132480000000.0,23646000000.0,AAPL
2022-12-05,144.0586700439453,68826400,16215963000.0,111443000000.0,132480000000.0,23646000000.0,AAPL
2022-12-06,140.40391540527344,64727200,16215963000.0,111443000000.0,132480000000.0,23646000000.0,AAPL
2022-12-07,138.46841430664062,69721100,16215963000.0,111443000000.0,132480000000.0,23646000000.0,AAPL
2022-12-08,140.1484375,62128300,16215963000.0,111443000000.0,132480000000.0,23646000000.0,AAPL
2022-12-09,139.66705322265625,76097000,16215963000.0,111443000000.0,132480000000.0,23646000000.0,AAPL
2022-12-12,141.95619201660156,70462700,16215963000.0,111443000000.0,132480000000.0,23646000000.0,AAPL
2022-12-13,142.91900634765625,93886200,16215963000.0,111443000000.0,132480000000.0,23646000000.0,AAPL
2022-12-14,140.69863891601562,82291200,16215963000.0,111443000000.0,132480000000.0,23646000000.0,AAPL
2022-12-15,134.10630798339844,98931900,16215963000.0,111443000000.0,132480000000.0,23646000000.0,AAPL
2022-12-16,132.1511993408203,160156900,16215963000.0,111443000000.0,132480000000.0,23646000000.0,AAPL
2022-12-19,130.04872131347656,79592600,16215963000.0,111443000000.0,132480000000.0,23646000000.0,AAPL
2022-12-20,129.97994995117188,77432800,16215963000.0,111443000000.0,132480000000.0,23646000000.0,AAPL
2022-12-21,133.07470703125,85928000,16215963000.0,111443000000.0,132480000000.0,23646000000.0,AAPL
2022-12-22,129.91116333007812,77852100,16215963000.0,111443000000.0,132480000000.0,23646000000.0,AAPL
2022-12-23,129.5476837158203,63814900,16215963000.0,111443000000.0,132480000000.0,23646000000.0,AAPL
2022-12-27,127.74976348876952,69007800,16215963000.0,111443000000.0,132480000000.0,23646000000.0,AAPL
2022-12-28,123.82974243164062,85438400,16215963000.0,111443000000.0,132480000000.0,23646000000.0,AAPL
2022-12-29,127.337158203125,75703700,16215963000.0,111443000000.0,132480000000.0,23646000000.0,AAPL
2022-12-30,127.6515121459961,77034200,16215963000.0,111443000000.0,132480000000.0,23646000000.0,AAPL
2023-01-03,122.87674713134766,112117500,16215963000.0,111443000000.0,132480000000.0,23646000000.0,AAPL
2023-01-04,124.14412689208984,89113600,16215963000.0,111443000000.0,132480000000.0,23646000000.0,AAPL
2023-01-05,122.8276138305664,80962700,16215963000.0,111443000000.0,132480000000.0,23646000000.0,AAPL
2023-01-06,127.34693145751952,87754700,16215963000.0,111443000000.0,132480000000.0,23646000000.0,AAPL
2023-01-09,127.86764526367188,70790800,16215963000.0,111443000000.0,132480000000.0,23646000000.0,AAPL
2023-01-10,128.43748474121094,63896200,16215963000.0,111443000000.0,132480000000.0,23646000000.0,AAPL
2023-01-11,131.1490936279297,69458900,16215963000.0,111443000000.0,132480000000.0,23646000000.0,AAPL
2023-01-12,131.07049560546875,71379600,16215963000.0,111443000000.0,132480000000.0,23646000000.0,AAPL
2023-01-13,132.3968048095703,57809700,16215963000.0,111443000000.0,132480000000.0,23646000000.0,AAPL
2023-01-17,133.55612182617188,63646600,16215963000.0,111443000000.0,132480000000.0,23646000000.0,AAPL
2023-01-18,132.8389434814453,69672800,16215963000.0,111443000000.0,132480000000.0,23646000000.0,AAPL
2023-01-19,132.8978729248047,58280400,16215963000.0,111443000000.0,132480000000.0,23646000000.0,AAPL
2023-01-20,135.45230102539062,80223600,16215963000.0,111443000000.0,132480000000.0,23646000000.0,AAPL
2023-01-23,138.63546752929688,81760300,16215963000.0,111443000000.0,132480000000.0,23646000000.0,AAPL
2023-01-24,140.0305938720703,66435100,16215963000.0,111443000000.0,132480000000.0,23646000000.0,AAPL
2023-01-25,139.37229919433594,65799300,16215963000.0,111443000000.0,132480000000.0,23646000000.0,AAPL
2023-01-26,141.4354705810547,54105100,16215963000.0,111443000000.0,132480000000.0,23646000000.0,AAPL
2023-01-27,143.37091064453125,70555800,16215963000.0,111443000000.0,132480000000.0,23646000000.0,AAPL
2023-01-30,140.49232482910156,64015300,16215963000.0,111443000000.0,132480000000.0,23646000000.0,AAPL
2023-01-31,141.75967407226562,65874500,16215963000.0,111443000000.0,132480000000.0,23646000000.0,AAPL
2023-02-01,142.8796844482422,77663600,16215963000.0,111443000000.0,132480000000.0,23646000000.0,AAPL
2023-02-02,148.17520141601562,118339000,16215963000.0,111443000000.0,132480000000.0,23646000000.0,AAPL
2023-02-03,151.79066467285156,154357300,16215963000.0,111443000000.0,132480000000.0,23646000000.0,AAPL
2023-02-06,149.06919860839844,69858300,16215963000.0,111443000000.0,132480000000.0,23646000000.0,AAPL
2023-02-07,151.93798828125,83322600,16215963000.0,111443000000.0,132480000000.0,23646000000.0,AAPL
2023-02-08,149.2559051513672,64120100,16215963000.0,111443000000.0,132480000000.0,23646000000.0,AAPL
2023-02-09,148.22427368164062,56007100,16215963000.0,111443000000.0,132480000000.0,23646000000.0,AAPL
2023-02-10,148.58837890625,57450700,16215963000.0,111443000000.0,132480000000.0,23646000000.0,AAPL
2023-02-13,151.3828582763672,62199000,16215963000.0,111443000000.0,132480000000.0,23646000000.0,AAPL
2023-02-14,150.74322509765625,61707600,16215963000.0,111443000000.0,132480000000.0,23646000000.0,AAPL
2023-02-15,152.83912658691406,65573800,16215963000.0,111443000000.0,132480000000.0,23646000000.0,AAPL
2023-02-16,151.2450714111328,68167900,16215963000.0,111443000000.0,132480000000.0,23646000000.0,AAPL
2023-02-17,150.10365295410156,59144100,16215963000.0,111443000000.0,132480000000.0,23646000000.0,AAPL
2023-02-21,146.0989532470703,58867200,16215963000.0,111443000000.0,132480000000.0,23646000000.0,AAPL
2023-02-22,146.5220489501953,51011300,16215963000.0,111443000000.0,132480000000.0,23646000000.0,AAPL
2023-02-23,147.0041961669922,48394200,16215963000.0,111443000000.0,132480000000.0,23646000000.0,AAPL
2023-02-24,144.35733032226562,55469600,16215963000.0,111443000000.0,132480000000.0,23646000000.0,AAPL
2023-02-27,145.5479278564453,44998500,16215963000.0,111443000000.0,132480000000.0,23646000000.0,AAPL
2023-02-28,145.04611206054688,50547000,16215963000.0,111443000000.0,132480000000.0,23646000000.0,AAPL
2023-03-01,142.9797821044922,55479000,16215963000.0,111443000000.0,132480000000.0,23646000000.0,AAPL
2023-03-02,143.57015991210938,52238100,16215963000.0,111443000000.0,132480000000.0,23646000000.0,AAPL
2023-03-03,148.60806274414062,70732300,16215963000.0,111443000000.0,132480000000.0,23646000000.0,AAPL
2023-03-06,151.3631134033203,87558000,16215963000.0,111443000000.0,132480000000.0,23646000000.0,AAPL
2023-03-07,149.1688995361328,56182000,16215963000.0,111443000000.0,132480000000.0,23646000000.0,AAPL
2023-03-08,150.4185333251953,47204800,16215963000.0,111443000000.0,132480000000.0,23646000000.0,AAPL
2023-03-09,148.1751251220703,53833600,16215963000.0,111443000000.0,132480000000.0,23646000000.0,AAPL
2023-03-10,146.11863708496094,68572400,16215963000.0,111443000000.0,132480000000.0,23646000000.0,AAPL
2023-03-13,148.05703735351562,84457100,16215963000.0,111443000000.0,132480000000.0,23646000000.0,AAPL
2023-03-14,150.1430206298828,73695900,16215963000.0,111443000000.0,132480000000.0,23646000000.0,AAPL
2023-03-15,150.53662109375,77167900,16215963000.0,111443000000.0,132480000000.0,23646000000.0,AAPL
2023-03-16,153.35076904296875,76161100,16215963000.0,111443000000.0,132480000000.0,23646000000.0,AAPL
2023-03-17,152.514404296875,98944600,16215963000.0,111443000000.0,132480000000.0,23646000000.0,AAPL
2023-03-20,154.87588500976562,73641400,16215963000.0,111443000000.0,132480000000.0,23646000000.0,AAPL
2023-03-21,156.72573852539062,73938300,16215963000.0,111443000000.0,132480000000.0,23646000000.0,AAPL
2023-03-22,155.2989959716797,75701800,16215963000.0,111443000000.0,132480000000.0,23646000000.0,AAPL
2023-03-23,156.38133239746094,67622100,16215963000.0,111443000000.0,132480000000.0,23646000000.0,AAPL
2023-03-24,157.68020629882812,59196500,16215963000.0,111443000000.0,132480000000.0,23646000000.0,AAPL
2023-03-27,155.7417755126953,52390300,16215963000.0,111443000000.0,132480000000.0,23646000000.0,AAPL
2023-03-28,155.12188720703125,45992200,16215963000.0,111443000000.0,132480000000.0,23646000000.0,AAPL
2023-03-29,158.19189453125,51305700,16215963000.0,111443000000.0,132480000000.0,23646000000.0,AAPL
2023-03-30,159.75633239746094,49501700,16215963000.0,111443000000.0,132480000000.0,23646000000.0,AAPL
2023-03-31,162.25564575195312,68749800,16215963000.0,111443000000.0,132480000000.0,23646000000.0,AAPL
2023-04-03,163.5052490234375,56976200,16215963000.0,111443000000.0,132480000000.0,23646000000.0,AAPL
2023-04-04,162.97393798828125,46278300,16215963000.0,111443000000.0,132480000000.0,23646000000.0,AAPL
2023-04-05,161.1339111328125,51511700,16215963000.0,111443000000.0,132480000000.0,23646000000.0,AAPL
2023-04-06,162.0194854736328,45390100,16215963000.0,111443000000.0,132480000000.0,23646000000.0,AAPL
2023-04-10,159.43170166015625,47716900,16215963000.0,111443000000.0,132480000000.0,23646000000.0,AAPL
2023-04-11,158.22137451171875,47644200,16215963000.0,111443000000.0,132480000000.0,23646000000.0,AAPL
2023-04-12,157.5325927734375,50133100,16215963000.0,111443000000.0,132480000000.0,23646000000.0,AAPL
2023-04-13,162.90505981445312,68445600,16215963000.0,111443000000.0,132480000000.0,23646000000.0,AAPL
2023-04-14,162.56065368652344,49386500,16215963000.0,111443000000.0,132480000000.0,23646000000.0,AAPL
2023-04-17,162.58033752441406,41516200,16215963000.0,111443000000.0,132480000000.0,23646000000.0,AAPL
2023-04-18,163.80047607421875,49923000,16215963000.0,111443000000.0,132480000000.0,23646000000.0,AAPL
2023-04-19,164.94186401367188,47720200,16215963000.0,111443000000.0,132480000000.0,23646000000.0,AAPL
2023-04-20,163.9775848388672,52456400,16215963000.0,111443000000.0,132480000000.0,23646000000.0,AAPL
2023-04-21,162.3737335205078,58337300,16215963000.0,111443000000.0,132480000000.0,23646000000.0,AAPL
2023-04-24,162.6787567138672,41949600,16215963000.0,111443000000.0,132480000000.0,23646000000.0,AAPL
2023-04-25,161.14376831054688,48714100,16215963000.0,111443000000.0,132480000000.0,23646000000.0,AAPL
2023-04-26,161.1339111328125,45498800,16215963000.0,111443000000.0,132480000000.0,23646000000.0,AAPL
2023-04-27,165.7093505859375,64902300,16215963000.0,111443000000.0,132480000000.0,23646000000.0,AAPL
2023-04-28,166.95895385742188,55275900,16215963000.0,111443000000.0,132480000000.0,23646000000.0,AAPL
2023-05-01,166.8704071044922,52472900,16215963000.0,111443000000.0,132480000000.0,23646000000.0,AAPL
2023-05-02,165.83726501464844,48425700,16215963000.0,111443000000.0,132480000000.0,23646000000.0,AAPL
2023-05-03,164.7647247314453,65136000,16215963000.0,111443000000.0,132480000000.0,23646000000.0,AAPL
2023-05-04,163.13136291503906,81235400,16215963000.0,111443000000.0,132480000000.0,23646000000.0,AAPL
2023-05-05,170.78662109375,113453200,16215963000.0,111443000000.0,132480000000.0,23646000000.0,AAPL
2023-05-08,170.7177734375,55962800,16215963000.0,111443000000.0,132480000000.0,23646000000.0,AAPL
2023-05-09,169.01548767089844,45326900,16215963000.0,111443000000.0,132480000000.0,23646000000.0,AAPL
2023-05-10,170.77676391601562,53724500,16215963000.0,111443000000.0,132480000000.0,23646000000.0,AAPL
2023-05-11,170.96372985839844,49514700,16215963000.0,111443000000.0,132480000000.0,23646000000.0,AAPL
2023-05-12,170.03750610351562,45533100,16215963000.0,111443000000.0,132480000000.0,23646000000.0,AAPL
2023-05-15,169.54483032226562,37266700,16215963000.0,111443000000.0,132480000000.0,23646000000.0,AAPL
2023-05-16,169.54483032226562,42110300,16215963000.0,111443000000.0,132480000000.0,23646000000.0,AAPL
2023-05-17,170.1557159423828,57951600,16215963000.0,111443000000.0,132480000000.0,23646000000.0,AAPL
2023-05-18,172.48110961914062,65496700,16215963000.0,111443000000.0,132480000000.0,23646000000.0,AAPL
2023-05-19,172.58949279785156,55809500,16215963000.0,111443000000.0,132480000000.0,23646000000.0,AAPL
2023-05-22,171.64358520507812,43570900,16215963000.0,111443000000.0,132480000000.0,23646000000.0,AAPL
2023-05-23,169.0423126220703,50747300,16215963000.0,111443000000.0,132480000000.0,23646000000.0,AAPL
2023-05-24,169.31820678710938,45143500,16215963000.0,111443000000.0,132480000000.0,23646000000.0,AAPL
2023-05-25,170.45135498046875,56058300,16215963000.0,111443000000.0,132480000000.0,23646000000.0,AAPL
2023-05-26,172.85556030273438,54835000,16215963000.0,111443000000.0,132480000000.0,23646000000.0,AAPL
2023-05-30,174.69808959960938,55964400,16215963000.0,111443000000.0,132480000000.0,23646000000.0,AAPL
2023-05-31,174.6488037109375,99625300,16215963000.0,111443000000.0,132480000000.0,23646000000.0,AAPL
2023-06-01,177.44712829589844,68901800,16215963000.0,111443000000.0,132480000000.0,23646000000.0,AAPL
2023-06-02,178.2945556640625,61996900,16215963000.0,111443000000.0,132480000000.0,23646000000.0,AAPL
2023-06-05,176.9446258544922,121946500,16215963000.0,111443000000.0,132480000000.0,23646000000.0,AAPL
2023-06-06,176.580078125,64848400,16215963000.0,111443000000.0,132480000000.0,23646000000.0,AAPL
2023-06-07,175.21047973632812,61944600,16215963000.0,111443000000.0,132480000000.0,23646000000.0,AAPL
2023-06-08,177.92010498046875,50214900,16215963000.0,111443000000.0,132480000000.0,23646000000.0,AAPL
2023-06-09,178.30441284179688,48900000,16215963000.0,111443000000.0,132480000000.0,23646000000.0,AAPL
2023-06-12,181.09283447265625,54274900,16215963000.0,111443000000.0,132480000000.0,23646000000.0,AAPL
2023-06-13,180.6199188232422,54929100,16215963000.0,111443000000.0,132480000000.0,23646000000.0,AAPL
2023-06-14,181.25050354003903,57462900,16215963000.0,111443000000.0,132480000000.0,23646000000.0,AAPL
2023-06-15,183.28024291992188,65433200,16215963000.0,111443000000.0,132480000000.0,23646000000.0,AAPL
2023-06-16,182.206298828125,101256200,16215963000.0,111443000000.0,132480000000.0,23646000000.0,AAPL
2023-06-20,182.29493713378903,49799100,16215963000.0,111443000000.0,132480000000.0,23646000000.0,AAPL
2023-06-21,181.26036071777344,49515700,16215963000.0,111443000000.0,132480000000.0,23646000000.0,AAPL
2023-06-22,184.2557373046875,51245300,16215963000.0,111443000000.0,132480000000.0,23646000000.0,AAPL
2023-06-23,183.94041442871097,53117000,16215963000.0,111443000000.0,132480000000.0,23646000000.0,AAPL
2023-06-26,182.5511474609375,48088700,16215963000.0,111443000000.0,132480000000.0,23646000000.0,AAPL
2023-06-27,185.30018615722656,50730800,16215963000.0,111443000000.0,132480000000.0,23646000000.0,AAPL
2023-06-28,186.47271728515625,51216800,16215963000.0,111443000000.0,132480000000.0,23646000000.0,AAPL
2023-06-29,186.80775451660156,46347300,16215963000.0,111443000000.0,132480000000.0,23646000000.0,AAPL
2023-06-30,191.12347412109375,85213200,16215963000.0,111443000000.0,132480000000.0,23646000000.0,AAPL
2023-07-03,189.63558959960935,31458200,16215963000.0,111443000000.0,132480000000.0,23646000000.0,AAPL
2023-07-05,188.522216796875,46920300,16215963000.0,111443000000.0,132480000000.0,23646000000.0,AAPL
2023-07-06,188.99514770507812,45094300,16215963000.0,111443000000.0,132480000000.0,23646000000.0,AAPL
2023-07-07,187.8817138671875,46815000,16215963000.0,111443000000.0,132480000000.0,23646000000.0,AAPL
2023-07-10,185.84210205078125,59922200,16215963000.0,111443000000.0,132480000000.0,23646000000.0,AAPL
2023-07-11,185.3198699951172,46638100,16215963000.0,111443000000.0,132480000000.0,23646000000.0,AAPL
2023-07-12,186.985107421875,60750200,16215963000.0,111443000000.0,132480000000.0,23646000000.0,AAPL
2023-07-13,187.7437438964844,41342300,16215963000.0,111443000000.0,132480000000.0,23646000000.0,AAPL
2023-07-14,187.89158630371097,41616200,16215963000.0,111443000000.0,132480000000.0,23646000000.0,AAPL
2023-07-17,191.1431579589844,50520200,16215963000.0,111443000000.0,132480000000.0,23646000000.0,AAPL
2023-07-18,190.88699340820312,48288200,16215963000.0,111443000000.0,132480000000.0,23646000000.0,AAPL
2023-07-19,192.2368927001953,80507300,16215963000.0,111443000000.0,132480000000.0,23646000000.0,AAPL
2023-07-20,190.2958068847656,59581200,16215963000.0,111443000000.0,132480000000.0,23646000000.0,AAPL
2023-07-21,189.1232452392578,71951700,16215963000.0,111443000000.0,132480000000.0,23646000000.0,AAPL
2023-07-24,189.92137145996097,45377800,16215963000.0,111443000000.0,132480000000.0,23646000000.0,AAPL
2023-07-25,190.7786102294922,37283200,16215963000.0,111443000000.0,132480000000.0,23646000000.0,AAPL
2023-07-26,191.64569091796875,47471900,16215963000.0,111443000000.0,132480000000.0,23646000000.0,AAPL
2023-07-27,190.38446044921875,47460200,16215963000.0,111443000000.0,132480000000.0,23646000000.0,AAPL
2023-07-28,192.9561767578125,48291400,16215963000.0,111443000000.0,132480000000.0,23646000000.0,AAPL
2023-07-31,193.56707763671875,38824100,16215963000.0,111443000000.0,132480000000.0,23646000000.0,AAPL
2023-08-01,192.73939514160156,35175100,16215963000.0,111443000000.0,132480000000.0,23646000000.0,AAPL
2023-08-02,189.7538604736328,50389300,16215963000.0,111443000000.0,132480000000.0,23646000000.0,AAPL
2023-08-03,188.364501953125,61235200,16215963000.0,111443000000.0,132480000000.0,23646000000.0,AAPL
2023-08-04,179.31927490234375,115956800,16215963000.0,111443000000.0,132480000000.0,23646000000.0,AAPL
2023-08-07,176.225341796875,97576100,16215963000.0,111443000000.0,132480000000.0,23646000000.0,AAPL
2023-08-08,177.1614227294922,67823000,16215963000.0,111443000000.0,132480000000.0,23646000000.0,AAPL
2023-08-09,175.57504272460938,60378500,16215963000.0,111443000000.0,132480000000.0,23646000000.0,AAPL
2023-08-10,175.35826110839844,54686900,16215963000.0,111443000000.0,132480000000.0,23646000000.0,AAPL
2023-08-11,175.41748046875,52036700,16215963000.0,111443000000.0,132480000000.0,23646000000.0,AAPL
2023-08-14,177.065185546875,43675600,16215963000.0,111443000000.0,132480000000.0,23646000000.0,AAPL
2023-08-15,175.08200073242188,43622600,16215963000.0,111443000000.0,132480000000.0,23646000000.0,AAPL
2023-08-16,174.2137451171875,46964900,16215963000.0,111443000000.0,132480000000.0,23646000000.0,AAPL
2023-08-17,171.67803955078125,66062900,16215963000.0,111443000000.0,132480000000.0,23646000000.0,AAPL
2023-08-18,172.1614990234375,61172200,16215963000.0,111443000000.0,132480000000.0,23646000000.0,AAPL
2023-08-21,173.49351501464844,46311900,16215963000.0,111443000000.0,132480000000.0,23646000000.0,AAPL
2023-08-22,174.86492919921875,42038900,16215963000.0,111443000000.0,132480000000.0,23646000000.0,AAPL
2023-08-23,178.70301818847656,52722800,16215963000.0,111443000000.0,132480000000.0,23646000000.0,AAPL
2023-08-24,174.0262908935547,54945800,16215963000.0,111443000000.0,132480000000.0,23646000000.0,AAPL
2023-08-25,176.2265167236328,51449600,16215963000.0,111443000000.0,132480000000.0,23646000000.0,AAPL
2023-08-28,177.7854461669922,43820700,16215963000.0,111443000000.0,132480000000.0,23646000000.0,AAPL
2023-08-29,181.66297912597656,53003900,16215963000.0,111443000000.0,132480000000.0,23646000000.0,AAPL
2023-08-30,185.1458740234375,60813900,16215963000.0,111443000000.0,132480000000.0,23646000000.0,AAPL
2023-08-31,185.36294555664065,60794500,16215963000.0,111443000000.0,132480000000.0,23646000000.0,AAPL
2023-09-01,186.93174743652344,45766500,16215963000.0,111443000000.0,132480000000.0,23646000000.0,AAPL
2023-09-05,187.16851806640625,45280000,16215963000.0,111443000000.0,132480000000.0,23646000000.0,AAPL
2023-09-06,180.46913146972656,81755800,16215963000.0,111443000000.0,132480000000.0,23646000000.0,AAPL
2023-09-07,175.19052124023438,112488800,16215963000.0,111443000000.0,132480000000.0,23646000000.0,AAPL
2023-09-08,175.80226135253906,65551300,16215963000.0,111443000000.0,132480000000.0,23646000000.0,AAPL
2023-09-11,176.9665069580078,58953100,16215963000.0,111443000000.0,132480000000.0,23646000000.0,AAPL
2023-09-12,173.94732666015625,90370200,16215963000.0,111443000000.0,132480000000.0,23646000000.0,AAPL
2023-09-13,171.88522338867188,84267900,16215963000.0,111443000000.0,132480000000.0,23646000000.0,AAPL
2023-09-14,173.3948211669922,60895800,16215963000.0,111443000000.0,132480000000.0,23646000000.0,AAPL
2023-09-15,172.67457580566406,109259500,16215963000.0,111443000000.0,132480000000.0,23646000000.0,AAPL
2023-09-18,175.59506225585938,67257600,16215963000.0,111443000000.0,132480000000.0,23646000000.0,AAPL
2023-09-19,176.6803741455078,51826900,16215963000.0,111443000000.0,132480000000.0,23646000000.0,AAPL
2023-09-20,173.14817810058594,58436200,16215963000.0,111443000000.0,132480000000.0,23646000000.0,AAPL
2023-09-21,171.6089630126953,63149100,16215963000.0,111443000000.0,132480000000.0,23646000000.0,AAPL
2023-09-22,172.45750427246094,56725400,16215963000.0,111443000000.0,132480000000.0,23646000000.0,AAPL
2023-09-25,173.73031616210938,46172700,16215963000.0,111443000000.0,132480000000.0,23646000000.0,AAPL
2023-09-26,169.66526794433594,64588900,16215963000.0,111443000000.0,132480000000.0,23646000000.0,AAPL
2023-09-27,168.1556854248047,66921800,16215963000.0,111443000000.0,132480000000.0,23646000000.0,AAPL
2023-09-28,168.41220092773438,56294400,16215963000.0,111443000000.0,132480000000.0,23646000000.0,AAPL
2023-09-29,168.92527770996094,51861100,16215963000.0,111443000000.0,132480000000.0,23646000000.0,AAPL
2023-10-02,171.43138122558594,52164500,15744231000.0,99584000000.0,123930000000.0,29965000000.0,AAPL
2023-10-03,170.099365234375,49594600,15744231000.0,99584000000.0,123930000000.0,29965000000.0,AAPL
2023-10-04,171.34255981445312,53020300,15744231000.0,99584000000.0,123930000000.0,29965000000.0,AAPL
2023-10-05,172.5758819580078,48527900,15744231000.0,99584000000.0,123930000000.0,29965000000.0,AAPL
2023-10-06,175.12147521972656,57266700,15744231000.0,99584000000.0,123930000000.0,29965000000.0,AAPL
2023-10-09,176.6014404296875,42390800,15744231000.0,99584000000.0,123930000000.0,29965000000.0,AAPL
2023-10-10,176.00946044921875,43698000,15744231000.0,99584000000.0,123930000000.0,29965000000.0,AAPL
2023-10-11,177.40065002441406,47551100,15744231000.0,99584000000.0,123930000000.0,29965000000.0,AAPL
2023-10-12,178.2985076904297,56743100,15744231000.0,99584000000.0,123930000000.0,29965000000.0,AAPL
2023-10-13,176.46331787109375,51427100,15744231000.0,99584000000.0,123930000000.0,29965000000.0,AAPL
2023-10-16,176.3350372314453,52517000,15744231000.0,99584000000.0,123930000000.0,29965000000.0,AAPL
2023-10-17,174.7859649658203,57549400,15744231000.0,99584000000.0,123930000000.0,29965000000.0,AAPL
2023-10-18,173.49351501464844,54764400,15744231000.0,99584000000.0,123930000000.0,29965000000.0,AAPL
2023-10-19,173.1185760498047,59302900,15744231000.0,99584000000.0,123930000000.0,29965000000.0,AAPL
2023-10-20,170.57301330566406,64244000,15744231000.0,99584000000.0,123930000000.0,29965000000.0,AAPL
2023-10-23,170.69137573242188,55980100,15744231000.0,99584000000.0,123930000000.0,29965000000.0,AAPL
2023-10-24,171.12551879882812,43816600,15744231000.0,99584000000.0,123930000000.0,29965000000.0,AAPL
2023-10-25,168.81674194335938,57157000,15744231000.0,99584000000.0,123930000000.0,29965000000.0,AAPL
2023-10-26,164.66290283203125,70625300,15744231000.0,99584000000.0,123930000000.0,29965000000.0,AAPL
2023-10-27,165.9751739501953,58499100,15744231000.0,99584000000.0,123930000000.0,29965000000.0,AAPL
2023-10-30,168.01751708984375,51131000,15744231000.0,99584000000.0,123930000000.0,29965000000.0,AAPL
2023-10-31,168.49114990234375,44846000,15744231000.0,99584000000.0,123930000000.0,29965000000.0,AAPL
2023-11-01,171.64840698242188,56934900,15744231000.0,99584000000.0,123930000000.0,29965000000.0,AAPL
2023-11-02,175.20037841796875,77334800,15744231000.0,99584000000.0,123930000000.0,29965000000.0,AAPL
2023-11-03,174.2926483154297,79829200,15744231000.0,99584000000.0,123930000000.0,29965000000.0,AAPL
2023-11-06,176.8382568359375,63841300,15744231000.0,99584000000.0,123930000000.0,29965000000.0,AAPL
2023-11-07,179.39370727539062,70530000,15744231000.0,99584000000.0,123930000000.0,29965000000.0,AAPL
2023-11-08,180.44940185546875,49340300,15744231000.0,99584000000.0,123930000000.0,29965000000.0,AAPL
2023-11-09,179.975830078125,53763500,15744231000.0,99584000000.0,123930000000.0,29965000000.0,AAPL
2023-11-10,184.1548309326172,66133400,15744231000.0,99584000000.0,123930000000.0,29965000000.0,AAPL
2023-11-13,182.5741271972656,43627500,15744231000.0,99584000000.0,123930000000.0,29965000000.0,AAPL
2023-11-14,185.18234252929688,60108400,15744231000.0,99584000000.0,123930000000.0,29965000000.0,AAPL
2023-11-15,185.74546813964844,53790500,15744231000.0,99584000000.0,123930000000.0,29965000000.0,AAPL
2023-11-16,187.42501831054688,54412900,15744231000.0,99584000000.0,123930000000.0,29965000000.0,AAPL
2023-11-17,187.40524291992188,50922700,15744231000.0,99584000000.0,123930000000.0,29965000000.0,AAPL
2023-11-20,189.14401245117188,46505100,15744231000.0,99584000000.0,123930000000.0,29965000000.0,AAPL
2023-11-21,188.34376525878903,38134500,15744231000.0,99584000000.0,123930000000.0,29965000000.0,AAPL
2023-11-22,189.00570678710935,39617700,15744231000.0,99584000000.0,123930000000.0,29965000000.0,AAPL
2023-11-24,187.68185424804688,24048300,15744231000.0,99584000000.0,123930000000.0,29965000000.0,AAPL
2023-11-27,187.5040283203125,40552600,15744231000.0,99584000000.0,123930000000.0,29965000000.0,AAPL
2023-11-28,188.10665893554688,38415400,15744231000.0,99584000000.0,123930000000.0,29965000000.0,AAPL
2023-11-29,187.0890960693359,43014200,15744231000.0,99584000000.0,123930000000.0,29965000000.0,AAPL
2023-11-30,187.66212463378903,48794400,15744231000.0,99584000000.0,123930000000.0,29965000000.0,AAPL
2023-12-01,188.93653869628903,45704800,15744231000.0,99584000000.0,123930000000.0,29965000000.0,AAPL
2023-12-04,187.1483459472656,43389500,15744231000.0,99584000000.0,123930000000.0,29965000000.0,AAPL
2023-12-05,191.09033203125,66628400,15744231000.0,99584000000.0,123930000000.0,29965000000.0,AAPL
2023-12-06,190.00357055664065,41089700,15744231000.0,99584000000.0,123930000000.0,29965000000.0,AAPL
2023-12-07,191.93006896972656,47477700,15744231000.0,99584000000.0,123930000000.0,29965000000.0,AAPL
2023-12-08,193.3527374267578,53406400,15744231000.0,99584000000.0,123930000000.0,29965000000.0,AAPL
2023-12-11,190.8531951904297,60943700,15744231000.0,99584000000.0,123930000000.0,29965000000.0,AAPL
2023-12-12,192.3647918701172,52696900,15744231000.0,99584000000.0,123930000000.0,29965000000.0,AAPL
2023-12-13,195.5756378173828,70404200,15744231000.0,99584000000.0,123930000000.0,29965000000.0,AAPL
2023-12-14,195.7238311767578,66831600,15744231000.0,99584000000.0,123930000000.0,29965000000.0,AAPL
2023-12-15,195.1903381347656,128538400,15744231000.0,99584000000.0,123930000000.0,29965000000.0,AAPL
2023-12-18,193.5305633544922,55751900,15744231000.0,99584000000.0,123930000000.0,29965000000.0,AAPL
2023-12-19,194.56790161132812,40714100,15744231000.0,99584000000.0,123930000000.0,29965000000.0,AAPL
2023-12-20,192.4833221435547,52242800,15744231000.0,99584000000.0,123930000000.0,29965000000.0,AAPL
2023-12-21,192.33511352539065,46482500,15744231000.0,99584000000.0,123930000000.0,29965000000.0,AAPL
2023-12-22,191.2681579589844,37149600,15744231000.0,99584000000.0,123930000000.0,29965000000.0,AAPL
2023-12-26,190.72476196289065,28919300,15744231000.0,99584000000.0,123930000000.0,29965000000.0,AAPL
2023-12-27,190.82354736328125,48087700,15744231000.0,99584000000.0,123930000000.0,29965000000.0,AAPL
2023-12-28,191.2483673095703,34049900,15744231000.0,99584000000.0,123930000000.0,29965000000.0,AAPL
2023-12-29,190.21099853515625,42672100,15744231000.0,99584000000.0,123930000000.0,29965000000.0,AAPL
2024-01-02,183.4040069580078,82488700,15744231000.0,99584000000.0,123930000000.0,29965000000.0,AAPL
2024-01-03,182.03074645996097,58414500,15744231000.0,99584000000.0,123930000000.0,29965000000.0,AAPL
2024-01-04,179.71893310546875,71983600,15744231000.0,99584000000.0,123930000000.0,29965000000.0,AAPL
2024-01-05,178.9977264404297,62379700,15744231000.0,99584000000.0,123930000000.0,29965000000.0,AAPL
2024-01-08,183.3249664306641,59144500,15744231000.0,99584000000.0,123930000000.0,29965000000.0,AAPL
2024-01-09,182.9100341796875,42841800,15744231000.0,99584000000.0,123930000000.0,29965000000.0,AAPL
2024-01-10,183.94737243652344,46792900,15744231000.0,99584000000.0,123930000000.0,29965000000.0,AAPL
2024-01-11,183.35464477539065,49128400,15744231000.0,99584000000.0,123930000000.0,29965000000.0,AAPL
2024-01-12,183.68064880371097,40477800,15744231000.0,99584000000.0,123930000000.0,29965000000.0,AAPL
2024-01-16,181.4181976318359,65603000,15744231000.0,99584000000.0,123930000000.0,29965000000.0,AAPL
2024-01-17,180.4796600341797,47317400,15744231000.0,99584000000.0,123930000000.0,29965000000.0,AAPL
2024-01-18,186.3580322265625,78005800,15744231000.0,99584000000.0,123930000000.0,29965000000.0,AAPL
2024-01-19,189.2527008056641,68903000,15744231000.0,99584000000.0,123930000000.0,29965000000.0,AAPL
2024-01-22,191.5546417236328,60133900,15744231000.0,99584000000.0,123930000000.0,29965000000.0,AAPL
2024-01-23,192.82908630371097,42355600,15744231000.0,99584000000.0,123930000000.0,29965000000.0,AAPL
2024-01-24,192.1573028564453,53631300,15744231000.0,99584000000.0,123930000000.0,29965000000.0,AAPL
2024-01-25,191.83126831054688,54822100,15744231000.0,99584000000.0,123930000000.0,29965000000.0,AAPL
2024-01-26,190.1023406982422,44594000,15744231000.0,99584000000.0,123930000000.0,29965000000.0,AAPL
2024-01-29,189.4206390380859,47145600,15744231000.0,99584000000.0,123930000000.0,29965000000.0,AAPL
2024-01-30,185.7751007080078,55859400,15744231000.0,99584000000.0,123930000000.0,29965000000.0,AAPL
2024-01-31,182.17892456054688,55467800,15744231000.0,99584000000.0,123930000000.0,29965000000.0,AAPL
2024-02-01,184.60931396484375,64885400,15744231000.0,99584000000.0,123930000000.0,29965000000.0,AAPL
2024-02-02,183.61148071289065,102551700,15744231000.0,99584000000.0,123930000000.0,29965000000.0,AAPL
2024-02-05,185.41941833496097,69668800,15744231000.0,99584000000.0,123930000000.0,29965000000.0,AAPL
2024-02-06,187.0199279785156,43490800,15744231000.0,99584000000.0,123930000000.0,29965000000.0,AAPL
2024-02-07,187.12860107421875,53439000,15744231000.0,99584000000.0,123930000000.0,29965000000.0,AAPL
2024-02-08,186.05172729492188,40962000,15744231000.0,99584000000.0,123930000000.0,29965000000.0,AAPL
2024-02-09,186.81341552734375,45155200,15744231000.0,99584000000.0,123930000000.0,29965000000.0,AAPL
2024-02-12,185.13177490234375,41781900,15744231000.0,99584000000.0,123930000000.0,29965000000.0,AAPL
2024-02-13,183.0445251464844,56529500,15744231000.0,99584000000.0,123930000000.0,29965000000.0,AAPL
2024-02-14,182.16407775878903,54630500,15744231000.0,99584000000.0,123930000000.0,29965000000.0,AAPL
2024-02-15,181.8772430419922,65434500,15744231000.0,99584000000.0,123930000000.0,29965000000.0,AAPL
2024-02-16,180.3439483642578,49752500,15744231000.0,99584000000.0,123930000000.0,29965000000.0,AAPL
2024-02-20,179.60203552246094,53665600,15744231000.0,99584000000.0,123930000000.0,29965000000.0,AAPL
2024-02-21,180.35385131835935,41371400,15744231000.0,99584000000.0,123930000000.0,29965000000.0,AAPL
2024-02-22,182.3817443847656,52292200,15744231000.0,99584000000.0,123930000000.0,29965000000.0,AAPL
2024-02-23,180.55169677734375,45119700,15744231000.0,99584000000.0,123930000000.0,29965000000.0,AAPL
2024-02-26,179.2063751220703,40867400,15744231000.0,99584000000.0,123930000000.0,29965000000.0,AAPL
2024-02-27,180.66049194335935,54318900,15744231000.0,99584000000.0,123930000000.0,29965000000.0,AAPL
2024-02-28,179.4635467529297,48953900,15744231000.0,99584000000.0,123930000000.0,29965000000.0,AAPL
2024-02-29,178.80076599121094,136682600,15744231000.0,99584000000.0,123930000000.0,29965000000.0,AAPL
2024-03-01,177.7225341796875,73563100,15744231000.0,99584000000.0,123930000000.0,29965000000.0,AAPL
2024-03-04,173.2117156982422,81510100,15744231000.0,99584000000.0,123930000000.0,29965000000.0,AAPL
2024-03-05,168.28541564941406,95132400,15744231000.0,99584000000.0,123930000000.0,29965000000.0,AAPL
2024-03-06,167.29620361328125,68587700,15744231000.0,99584000000.0,123930000000.0,29965000000.0,AAPL
2024-03-07,167.177490234375,71765100,15744231000.0,99584000000.0,123930000000.0,29965000000.0,AAPL
2024-03-08,168.88882446289062,76267000,15744231000.0,99584000000.0,123930000000.0,29965000000.0,AAPL
2024-03-11,170.8870391845703,60139500,15744231000.0,99584000000.0,123930000000.0,29965000000.0,AAPL
2024-03-12,171.36187744140625,59825400,15744231000.0,99584000000.0,123930000000.0,29965000000.0,AAPL
2024-03-13,169.2845458984375,52488700,15744231000.0,99584000000.0,123930000000.0,29965000000.0,AAPL
2024-03-14,171.13433837890625,72913500,15744231000.0,99584000000.0,123930000000.0,29965000000.0,AAPL
2024-03-15,170.75845336914062,121752700,15744231000.0,99584000000.0,123930000000.0,29965000000.0,AAPL
2024-03-18,171.8466033935547,75604200,15744231000.0,99584000000.0,123930000000.0,29965000000.0,AAPL
2024-03-19,174.18113708496094,55215200,15744231000.0,99584000000.0,123930000000.0,29965000000.0,AAPL
2024-03-20,176.74319458007812,53423100,15744231000.0,99584000000.0,123930000000.0,29965000000.0,AAPL
2024-03-21,169.52191162109375,106181300,15744231000.0,99584000000.0,123930000000.0,29965000000.0,AAPL
2024-03-22,170.42210388183594,71160100,15744231000.0,99584000000.0,123930000000.0,29965000000.0,AAPL
2024-03-25,169.00755310058594,54288300,15744231000.0,99584000000.0,123930000000.0,29965000000.0,AAPL
2024-03-26,167.8798370361328,57388400,15744231000.0,99584000000.0,123930000000.0,29965000000.0,AAPL
2024-03-27,171.44100952148438,60273300,15744231000.0,99584000000.0,123930000000.0,29965000000.0,AAPL
2024-03-28,169.63075256347656,65672700,15744231000.0,99584000000.0,123930000000.0,29965000000.0,AAPL
2024-04-01,168.1963653564453,46240500,15744231000.0,99584000000.0,123930000000.0,29965000000.0,AAPL
2024-04-02,167.01919555664062,49329500,15744231000.0,99584000000.0,123930000000.0,29965000000.0,AAPL
2024-04-03,167.82046508789062,47691700,15744231000.0,99584000000.0,123930000000.0,29965000000.0,AAPL
2024-04-04,166.99945068359375,53704400,15744231000.0,99584000000.0,123930000000.0,29965000000.0,AAPL
2024-04-05,167.75125122070312,42104800,15744231000.0,99584000000.0,123930000000.0,29965000000.0,AAPL
2024-04-08,166.63340759277344,37425500,15744231000.0,99584000000.0,123930000000.0,29965000000.0,AAPL
2024-04-09,167.8402862548828,42373800,15744231000.0,99584000000.0,123930000000.0,29965000000.0,AAPL
2024-04-10,165.9706573486328,49709300,15744231000.0,99584000000.0,123930000000.0,29965000000.0,AAPL
2024-04-11,173.15234375,91070300,15744231000.0,99584000000.0,123930000000.0,29965000000.0,AAPL
2024-04-12,174.6460723876953,101670900,15744231000.0,99584000000.0,123930000000.0,29965000000.0,AAPL
2024-04-15,170.82769775390625,73531800,15744231000.0,99584000000.0,123930000000.0,29965000000.0,AAPL
2024-04-16,167.55340576171875,73711200,15744231000.0,99584000000.0,123930000000.0,29965000000.0,AAPL
2024-04-17,166.1882781982422,50901200,15744231000.0,99584000000.0,123930000000.0,29965000000.0,AAPL
2024-04-18,165.23861694335938,43122900,15744231000.0,99584000000.0,123930000000.0,29965000000.0,AAPL
2024-04-19,163.22061157226562,68149400,15744231000.0,99584000000.0,123930000000.0,29965000000.0,AAPL
2024-04-22,164.0515594482422,48116400,15744231000.0,99584000000.0,123930000000.0,29965000000.0,AAPL
2024-04-23,165.10012817382812,49537800,15744231000.0,99584000000.0,123930000000.0,29965000000.0,AAPL
2024-04-24,167.19728088378906,48251800,15744231000.0,99584000000.0,123930000000.0,29965000000.0,AAPL
2024-04-25,168.05789184570312,50558300,15744231000.0,99584000000.0,123930000000.0,29965000000.0,AAPL
2024-04-26,167.4742431640625,44838400,15744231000.0,99584000000.0,123930000000.0,29965000000.0,AAPL
2024-04-29,171.62896728515625,68169400,15744231000.0,99584000000.0,123930000000.0,29965000000.0,AAPL
2024-04-30,168.4931640625,65934800,15744231000.0,99584000000.0,123930000000.0,29965000000.0,AAPL
2024-05-01,167.4742431640625,50383100,15744231000.0,99584000000.0,123930000000.0,29965000000.0,AAPL
2024-05-02,171.16403198242188,94214900,15744231000.0,99584000000.0,123930000000.0,29965000000.0,AAPL
2024-05-03,181.4024353027344,163224100,15744231000.0,99584000000.0,123930000000.0,29965000000.0,AAPL
2024-05-06,179.7504425048828,78569700,15744231000.0,99584000000.0,123930000000.0,29965000000.0,AAPL
2024-05-07,180.4329833984375,77305800,15744231000.0,99584000000.0,123930000000.0,29965000000.0,AAPL
2024-05-08,180.76931762695312,45057100,15744231000.0,99584000000.0,123930000000.0,29965000000.0,AAPL
2024-05-09,182.57958984375,48983000,15744231000.0,99584000000.0,123930000000.0,29965000000.0,AAPL
2024-05-10,181.32156372070312,50759500,15744231000.0,99584000000.0,123930000000.0,29965000000.0,AAPL
2024-05-13,184.5210723876953,72044800,15744231000.0,99584000000.0,123930000000.0,29965000000.0,AAPL
2024-05-14,185.66021728515625,52393600,15744231000.0,99584000000.0,123930000000.0,29965000000.0,AAPL
2024-05-15,187.92860412597656,70400000,15744231000.0,99584000000.0,123930000000.0,29965000000.0,AAPL
2024-05-16,188.0474395751953,52845200,15744231000.0,99584000000.0,123930000000.0,29965000000.0,AAPL
2024-05-17,188.07717895507812,41282900,15744231000.0,99584000000.0,123930000000.0,29965000000.0,AAPL
2024-05-20,189.23611450195312,44361300,15744231000.0,99584000000.0,123930000000.0,29965000000.0,AAPL
2024-05-21,190.5337677001953,42309400,15744231000.0,99584000000.0,123930000000.0,29965000000.0,AAPL
2024-05-22,189.0974578857422,34648500,15744231000.0,99584000000.0,123930000000.0,29965000000.0,AAPL
2024-05-23,185.11541748046875,51005900,15744231000.0,99584000000.0,123930000000.0,29965000000.0,AAPL
2024-05-24,188.1861267089844,36327000,15744231000.0,99584000000.0,123930000000.0,29965000000.0,AAPL
2024-05-28,188.1960601806641,52280100,15744231000.0,99584000000.0,123930000000.0,29965000000.0,AAPL
2024-05-29,188.4932098388672,53068000,15744231000.0,99584000000.0,123930000000.0,29965000000.0,AAPL
2024-05-30,189.48374938964844,49889100,15744231000.0,99584000000.0,123930000000.0,29965000000.0,AAPL
2024-05-31,190.43470764160156,75158300,15744231000.0,99584000000.0,123930000000.0,29965000000.0,AAPL
2024-06-03,192.19789123535156,50080500,15744231000.0,99584000000.0,123930000000.0,29965000000.0,AAPL
2024-06-04,192.5148773193359,47471400,15744231000.0,99584000000.0,123930000000.0,29965000000.0,AAPL
2024-06-05,194.02052307128903,54156800,15744231000.0,99584000000.0,123930000000.0,29965000000.0,AAPL
2024-06-06,192.6436309814453,41181800,15744231000.0,99584000000.0,123930000000.0,29965000000.0,AAPL
2024-06-07,195.03089904785156,53103900,15744231000.0,99584000000.0,123930000000.0,29965000000.0,AAPL
2024-06-10,191.29649353027344,97010200,15744231000.0,99584000000.0,123930000000.0,29965000000.0,AAPL
2024-06-11,205.19398498535156,172373300,15744231000.0,99584000000.0,123930000000.0,29965000000.0,AAPL
2024-06-12,211.05810546875,198134300,15744231000.0,99584000000.0,123930000000.0,29965000000.0,AAPL
2024-06-13,212.2170867919922,97862700,15744231000.0,99584000000.0,123930000000.0,29965000000.0,AAPL
2024-06-14,210.4835968017578,70122700,15744231000.0,99584000000.0,123930000000.0,29965000000.0,AAPL
2024-06-17,214.6241149902344,93728300,15744231000.0,99584000000.0,123930000000.0,29965000000.0,AAPL
2024-06-18,212.26658630371097,79943300,15744231000.0,99584000000.0,123930000000.0,29965000000.0,AAPL
2024-06-20,207.70013427734375,86172500,15744231000.0,99584000000.0,123930000000.0,29965000000.0,AAPL
2024-06-21,205.5308380126953,241805100,15744231000.0,99584000000.0,123930000000.0,29965000000.0,AAPL
2024-06-24,206.17466735839844,80727000,15744231000.0,99584000000.0,123930000000.0,29965000000.0,AAPL
2024-06-25,207.09588623046875,55549700,15744231000.0,99584000000.0,123930000000.0,29965000000.0,AAPL
2024-06-26,211.2364044189453,66213200,15744231000.0,99584000000.0,123930000000.0,29965000000.0,AAPL
2024-06-27,212.07839965820312,49772700,15744231000.0,99584000000.0,123930000000.0,29965000000.0,AAPL
2024-06-28,208.63124084472656,82542700,15744231000.0,99584000000.0,123930000000.0,29965000000.0,AAPL
2024-07-01,214.7033538818359,60402900,15744231000.0,99584000000.0,123930000000.0,29965000000.0,AAPL
2024-07-02,218.19012451171875,58046200,15744231000.0,99584000000.0,123930000000.0,29965000000.0,AAPL
2024-07-03,219.4580535888672,37369800,15744231000.0,99584000000.0,123930000000.0,29965000000.0,AAPL
2024-07-05,224.2028045654297,60412400,15744231000.0,99584000000.0,123930000000.0,29965000000.0,AAPL
2024-07-08,225.6688690185547,59085900,15744231000.0,99584000000.0,123930000000.0,29965000000.0,AAPL
2024-07-09,226.52072143554688,48076100,15744231000.0,99584000000.0,123930000000.0,29965000000.0,AAPL
2024-07-10,230.78012084960935,62627700,15744231000.0,99584000000.0,123930000000.0,29965000000.0,AAPL
2024-07-11,225.4212188720703,64710600,15744231000.0,99584000000.0,123930000000.0,29965000000.0,AAPL
2024-07-12,228.36314392089844,53046500,15744231000.0,99584000000.0,123930000000.0,29965000000.0,AAPL
2024-07-15,232.18670654296875,62631300,15744231000.0,99584000000.0,123930000000.0,29965000000.0,AAPL
2024-07-16,232.60275268554688,43234300,15744231000.0,99584000000.0,123930000000.0,29965000000.0,AAPL
2024-07-17,226.7188415527344,57345900,15744231000.0,99584000000.0,123930000000.0,29965000000.0,AAPL
2024-07-18,222.06320190429688,66034600,15744231000.0,99584000000.0,123930000000.0,29965000000.0,AAPL
2024-07-19,222.1919708251953,49151500,15744231000.0,99584000000.0,123930000000.0,29965000000.0,AAPL
2024-07-22,221.8452911376953,48201800,15744231000.0,99584000000.0,123930000000.0,29965000000.0,AAPL
2024-07-23,222.8853759765625,39960300,15744231000.0,99584000000.0,123930000000.0,29965000000.0,AAPL
2024-07-24,216.47645568847656,61777600,15744231000.0,99584000000.0,123930000000.0,29965000000.0,AAPL
2024-07-25,215.4364013671875,51391200,15744231000.0,99584000000.0,123930000000.0,29965000000.0,AAPL
2024-07-26,215.9019470214844,41601300,15744231000.0,99584000000.0,123930000000.0,29965000000.0,AAPL
2024-07-29,216.1793212890625,36311800,15744231000.0,99584000000.0,123930000000.0,29965000000.0,AAPL
2024-07-30,216.73403930664065,41643800,15744231000.0,99584000000.0,123930000000.0,29965000000.0,AAPL
2024-07-31,219.98304748535156,50036300,15744231000.0,99584000000.0,123930000000.0,29965000000.0,AAPL
2024-08-01,216.2981719970703,62501000,15744231000.0,99584000000.0,123930000000.0,29965000000.0,AAPL
2024-08-02,217.7839813232422,105568600,15744231000.0,99584000000.0,123930000000.0,29965000000.0,AAPL
2024-08-05,207.2940216064453,119548600,15744231000.0,99584000000.0,123930000000.0,29965000000.0,AAPL
2024-08-06,205.2732696533203,69660500,15744231000.0,99584000000.0,123930000000.0,29965000000.0,AAPL
2024-08-07,207.83880615234375,63516400,15744231000.0,99584000000.0,123930000000.0,29965000000.0,AAPL
2024-08-08,211.2958526611328,47161100,15744231000.0,99584000000.0,123930000000.0,29965000000.0,AAPL
2024-08-09,214.1981964111328,42201600,15744231000.0,99584000000.0,123930000000.0,29965000000.0,AAPL
2024-08-12,215.72540283203125,38028100,15744231000.0,99584000000.0,123930000000.0,29965000000.0,AAPL
2024-08-13,219.43438720703125,44155300,15744231000.0,99584000000.0,123930000000.0,29965000000.0,AAPL
2024-08-14,219.88064575195312,41960600,15744231000.0,99584000000.0,123930000000.0,29965000000.0,AAPL
2024-08-15,222.8557586669922,46414000,15744231000.0,99584000000.0,123930000000.0,29965000000.0,AAPL
2024-08-16,224.17474365234375,44340200,15744231000.0,99584000000.0,123930000000.0,29965000000.0,AAPL
2024-08-19,224.01605224609375,40687800,15744231000.0,99584000000.0,123930000000.0,29965000000.0,AAPL
2024-08-20,224.63092041015625,30299000,15744231000.0,99584000000.0,123930000000.0,29965000000.0,AAPL
2024-08-21,224.52182006835935,34765500,15744231000.0,99584000000.0,123930000000.0,29965000000.0,AAPL
2024-08-22,222.66734313964844,43695300,15744231000.0,99584000000.0,123930000000.0,29965000000.0,AAPL
2024-08-23,224.9581756591797,38677300,15744231000.0,99584000000.0,123930000000.0,29965000000.0,AAPL
2024-08-26,225.29534912109375,30602200,15744231000.0,99584000000.0,123930000000.0,29965000000.0,AAPL
2024-08-27,226.1383056640625,35934600,15744231000.0,99584000000.0,123930000000.0,29965000000.0,AAPL
2024-08-28,224.611083984375,38052200,15744231000.0,99584000000.0,123930000000.0,29965000000.0,AAPL
2024-08-29,227.8836975097656,51906300,15744231000.0,99584000000.0,123930000000.0,29965000000.0,AAPL
2024-08-30,227.1002655029297,52990800,15744231000.0,99584000000.0,123930000000.0,29965000000.0,AAPL
2024-09-03,220.9219512939453,50190600,15744231000.0,99584000000.0,123930000000.0,29965000000.0,AAPL
2024-09-04,219.0178680419922,43840200,15744231000.0,99584000000.0,123930000000.0,29965000000.0,AAPL
2024-09-05,220.53517150878903,36615400,15744231000.0,99584000000.0,123930000000.0,29965000000.0,AAPL
2024-09-06,218.98812866210935,48423000,15744231000.0,99584000000.0,123930000000.0,29965000000.0,AAPL
2024-09-09,219.0773773193359,67180000,15744231000.0,99584000000.0,123930000000.0,29965000000.0,AAPL
2024-09-10,218.2840118408203,51591000,15744231000.0,99584000000.0,123930000000.0,29965000000.0,AAPL
2024-09-11,220.8128662109375,44587100,15744231000.0,99584000000.0,123930000000.0,29965000000.0,AAPL
2024-09-12,220.9219512939453,37455600,15744231000.0,99584000000.0,123930000000.0,29965000000.0,AAPL
2024-09-13,220.6541748046875,36766600,15744231000.0,99584000000.0,123930000000.0,29965000000.0,AAPL
2024-09-16,214.52545166015625,59357400,15744231000.0,99584000000.0,123930000000.0,29965000000.0,AAPL
2024-09-17,214.99156188964844,45519300,15744231000.0,99584000000.0,123930000000.0,29965000000.0,AAPL
2024-09-18,218.85919189453125,59894900,15744231000.0,99584000000.0,123930000000.0,29965000000.0,AAPL
2024-09-19,226.97134399414065,66781300,15744231000.0,99584000000.0,123930000000.0,29965000000.0,AAPL
2024-09-20,226.3069000244141,318679900,15744231000.0,99584000000.0,123930000000.0,29965000000.0,AAPL
2024-09-23,224.5912628173828,54146000,15744231000.0,99584000000.0,123930000000.0,29965000000.0,AAPL
2024-09-24,225.48377990722656,43556100,15744231000.0,99584000000.0,123930000000.0,29965000000.0,AAPL
2024-09-25,224.4920654296875,42308700,15744231000.0,99584000000.0,123930000000.0,29965000000.0,AAPL
2024-09-26,225.632568359375,36636700,15744231000.0,99584000000.0,123930000000.0,29965000000.0,AAPL
2024-09-27,225.90028381347656,34026000,15744231000.0,99584000000.0,123930000000.0,29965000000.0,AAPL
2024-09-30,231.0670623779297,54541900,15343783000.0,108807000000.0,119059000000.0,29943000000.0,AAPL
2024-10-01,224.3334197998047,63285000,15343783000.0,108807000000.0,119059000000.0,29943000000.0,AAPL
2024-10-02,224.898681640625,32880600,15343783000.0,108807000000.0,119059000000.0,29943000000.0,AAPL
2024-10-03,223.79786682128903,34044200,15343783000.0,108807000000.0,119059000000.0,29943000000.0,AAPL
2024-10-04,224.9185028076172,37245100,15343783000.0,108807000000.0,119059000000.0,29943000000.0,AAPL
2024-10-07,219.8509063720703,39505400,15343783000.0,108807000000.0,119059000000.0,29943000000.0,AAPL
2024-10-08,223.8970489501953,31855700,15343783000.0,108807000000.0,119059000000.0,29943000000.0,AAPL
2024-10-09,227.63575744628903,33591100,15343783000.0,108807000000.0,119059000000.0,29943000000.0,AAPL
2024-10-10,227.1399078369141,28183500,15343783000.0,108807000000.0,119059000000.0,29943000000.0,AAPL
2024-10-11,225.66229248046875,31759200,15343783000.0,108807000000.0,119059000000.0,29943000000.0,AAPL
2024-10-14,229.3811798095703,39882100,15343783000.0,108807000000.0,119059000000.0,29943000000.0,AAPL
2024-10-15,231.9100341796875,64751400,15343783000.0,108807000000.0,119059000000.0,29943000000.0,AAPL
2024-10-16,229.857177734375,34082200,15343783000.0,108807000000.0,119059000000.0,29943000000.0,AAPL
2024-10-17,230.22412109375,32993800,15343783000.0,108807000000.0,119059000000.0,29943000000.0,AAPL
2024-10-18,233.0504913330078,46431500,15343783000.0,108807000000.0,119059000000.0,29943000000.0,AAPL
2024-10-21,234.51821899414065,36254500,15343783000.0,108807000000.0,119059000000.0,29943000000.0,AAPL
2024-10-22,233.9033660888672,38846600,15343783000.0,108807000000.0,119059000000.0,29943000000.0,AAPL
2024-10-23,228.84564208984375,52287000,15343783000.0,108807000000.0,119059000000.0,29943000000.0,AAPL
2024-10-24,228.6572265625,31109500,15343783000.0,108807000000.0,119059000000.0,29943000000.0,AAPL
2024-10-25,229.4902801513672,38802300,15343783000.0,108807000000.0,119059000000.0,29943000000.0,AAPL
2024-10-28,231.46376037597656,36087100,15343783000.0,108807000000.0,119059000000.0,29943000000.0,AAPL
2024-10-29,231.7315216064453,35417200,15343783000.0,108807000000.0,119059000000.0,29943000000.0,AAPL
2024-10-30,228.191162109375,47070900,15343783000.0,108807000000.0,119059000000.0,29943000000.0,AAPL
2024-10-31,224.0359039306641,64370100,15343783000.0,108807000000.0,119059000000.0,29943000000.0,AAPL
2024-11-01,221.0607757568359,65276700,15343783000.0,108807000000.0,119059000000.0,29943000000.0,AAPL
2024-11-04,220.1682281494141,44944500,15343783000.0,108807000000.0,119059000000.0,29943000000.0,AAPL
2024-11-05,221.59629821777344,28111300,15343783000.0,108807000000.0,119059000000.0,29943000000.0,AAPL
2024-11-06,220.8723602294922,54561100,15343783000.0,108807000000.0,119059000000.0,29943000000.0,AAPL
2024-11-07,225.5928497314453,42137700,15343783000.0,108807000000.0,119059000000.0,29943000000.0,AAPL
2024-11-08,225.32481384277344,38328800,15343783000.0,108807000000.0,119059000000.0,29943000000.0,AAPL
2024-11-11,222.61447143554688,42005600,15343783000.0,108807000000.0,119059000000.0,29943000000.0,AAPL
2024-11-12,222.61447143554688,40398300,15343783000.0,108807000000.0,119059000000.0,29943000000.0,AAPL
2024-11-13,223.498046875,48566200,15343783000.0,108807000000.0,119059000000.0,29943000000.0,AAPL
2024-11-14,226.5757598876953,44923900,15343783000.0,108807000000.0,119059000000.0,29943000000.0,AAPL
2024-11-15,223.37893676757812,47923700,15343783000.0,108807000000.0,119059000000.0,29943000000.0,AAPL
2024-11-18,226.3771820068359,44633700,15343783000.0,108807000000.0,119059000000.0,29943000000.0,AAPL
2024-11-19,226.6352996826172,36211800,15343783000.0,108807000000.0,119059000000.0,29943000000.0,AAPL
2024-11-20,227.35011291503903,35169600,15343783000.0,108807000000.0,119059000000.0,29943000000.0,AAPL
2024-11-21,226.8736114501953,42108300,15343783000.0,108807000000.0,119059000000.0,29943000000.0,AAPL
2024-11-22,228.21385192871097,38168300,15343783000.0,108807000000.0,119059000000.0,29943000000.0,AAPL
2024-11-25,231.19223022460935,90152800,15343783000.0,108807000000.0,119059000000.0,29943000000.0,AAPL
2024-11-26,233.366455078125,45986200,15343783000.0,108807000000.0,119059000000.0,29943000000.0,AAPL
2024-11-27,233.2373962402344,33498400,15343783000.0,108807000000.0,119059000000.0,29943000000.0,AAPL
2024-11-29,235.62010192871097,28481400,15343783000.0,108807000000.0,119059000000.0,29943000000.0,AAPL
2024-12-02,237.86380004882812,48137100,15343783000.0,108807000000.0,119059000000.0,29943000000.0,AAPL
2024-12-03,240.90174865722656,38861000,15343783000.0,108807000000.0,119059000000.0,29943000000.0,AAPL
2024-12-04,241.25917053222656,44383900,15343783000.0,108807000000.0,119059000000.0,29943000000.0,AAPL
2024-12-05,241.28895568847656,40033900,15343783000.0,108807000000.0,119059000000.0,29943000000.0,AAPL
2024-12-06,241.09039306640625,36870600,15343783000.0,108807000000.0,119059000000.0,29943000000.0,AAPL
2024-12-09,244.97222900390625,44649200,15343783000.0,108807000000.0,119059000000.0,29943000000.0,AAPL
2024-12-10,245.98487854003903,36914800,15343783000.0,108807000000.0,119059000000.0,29943000000.0,AAPL
2024-12-11,244.714111328125,45205800,15343783000.0,108807000000.0,119059000000.0,29943000000.0,AAPL
2024-12-12,246.1735382080078,32777500,15343783000.0,108807000000.0,119059000000.0,29943000000.0,AAPL
2024-12-13,246.34228515625,33155300,15343783000.0,108807000000.0,119059000000.0,29943000000.0,AAPL
2024-12-16,249.23130798339844,51694800,15343783000.0,108807000000.0,119059000000.0,29943000000.0,AAPL
2024-12-17,251.6537322998047,51356400,15343783000.0,108807000000.0,119059000000.0,29943000000.0,AAPL
2024-12-18,246.2628631591797,56774100,15343783000.0,108807000000.0,119059000000.0,29943000000.0,AAPL
2024-12-19,247.9903106689453,60882300,15343783000.0,108807000000.0,119059000000.0,29943000000.0,AAPL
2024-12-20,252.656494140625,147495300,15343783000.0,108807000000.0,119059000000.0,29943000000.0,AAPL
2024-12-23,253.43084716796875,40858800,15343783000.0,108807000000.0,119059000000.0,29943000000.0,AAPL
2024-12-24,256.3397521972656,23234700,15343783000.0,108807000000.0,119059000000.0,29943000000.0,AAPL
2024-12-26,257.1537780761719,27237100,15343783000.0,108807000000.0,119059000000.0,29943000000.0,AAPL
2024-12-27,253.74853515625,42355300,15343783000.0,108807000000.0,119059000000.0,29943000000.0,AAPL
2024-12-30,250.38296508789065,35557500,15343783000.0,108807000000.0,119059000000.0,29943000000.0,AAPL
2024-12-31,248.6157684326172,39480700,15343783000.0,108807000000.0,119059000000.0,29943000000.0,AAPL
2025-01-02,242.09312438964844,55740700,15343783000.0,108807000000.0,119059000000.0,29943000000.0,AAPL
2025-01-03,241.6066436767578,40244100,15343783000.0,108807000000.0,119059000000.0,29943000000.0,AAPL
2025-01-06,243.23484802246097,45045600,15343783000.0,108807000000.0,119059000000.0,29943000000.0,AAPL
2025-01-07,240.46495056152344,40856000,15343783000.0,108807000000.0,119059000000.0,29943000000.0,AAPL
2025-01-08,240.9514007568359,37628900,15343783000.0,108807000000.0,119059000000.0,29943000000.0,AAPL
2025-01-10,235.1435546875,61710900,15343783000.0,108807000000.0,119059000000.0,29943000000.0,AAPL
2025-01-13,232.7112274169922,49630700,15343783000.0,108807000000.0,119059000000.0,29943000000.0,AAPL
2025-01-14,231.5992889404297,39435300,15343783000.0,108807000000.0,119059000000.0,29943000000.0,AAPL
2025-01-15,236.1562042236328,39832000,15343783000.0,108807000000.0,119059000000.0,29943000000.0,AAPL
2025-01-16,226.6154327392578,71759100,15343783000.0,108807000000.0,119059000000.0,29943000000.0,AAPL
2025-01-17,228.32305908203125,68488300,15343783000.0,108807000000.0,119059000000.0,29943000000.0,AAPL
2025-01-21,221.0359649658203,98070400,15343783000.0,108807000000.0,119059000000.0,29943000000.0,AAPL
2025-01-22,222.2173614501953,64126500,15343783000.0,108807000000.0,119059000000.0,29943000000.0,AAPL
2025-01-23,222.048583984375,60234800,15343783000.0,108807000000.0,119059000000.0,29943000000.0,AAPL
2025-01-24,221.17494201660156,54697900,15343783000.0,108807000000.0,119059000000.0,29943000000.0,AAPL
2025-01-27,228.20391845703125,94863400,15343783000.0,108807000000.0,119059000000.0,29943000000.0,AAPL
2025-01-28,236.5433807373047,75707600,15343783000.0,108807000000.0,119059000000.0,29943000000.0,AAPL
2025-01-29,237.6354522705078,45486100,15343783000.0,108807000000.0,119059000000.0,29943000000.0,AAPL
2025-01-30,235.87823486328125,55658300,15343783000.0,108807000000.0,119059000000.0,29943000000.0,AAPL
2025-01-31,234.29966735839844,100959800,15343783000.0,108807000000.0,119059000000.0,29943000000.0,AAPL
2025-02-03,226.36724853515625,73063300,15343783000.0,108807000000.0,119059000000.0,29943000000.0,AAPL
2025-02-04,231.12274169921875,45067300,15343783000.0,108807000000.0,119059000000.0,29943000000.0,AAPL
2025-02-05,230.79513549804688,39620300,15343783000.0,108807000000.0,119059000000.0,29943000000.0,AAPL
2025-02-06,231.5397186279297,29925300,15343783000.0,108807000000.0,119059000000.0,29943000000.0,AAPL
2025-02-07,225.989990234375,39707200,15343783000.0,108807000000.0,119059000000.0,29943000000.0,AAPL
2025-02-10,226.25833129882812,33115600,15343783000.0,108807000000.0,119059000000.0,29943000000.0,AAPL
2025-02-11,231.19793701171875,53718400,15343783000.0,108807000000.0,119059000000.0,29943000000.0,AAPL
2025-02-12,235.42198181152344,45243300,15343783000.0,108807000000.0,119059000000.0,29943000000.0,AAPL
2025-02-13,240.0534820556641,53614100,15343783000.0,108807000000.0,119059000000.0,29943000000.0,AAPL
2025-02-14,243.10470581054688,40896200,15343783000.0,108807000000.0,119059000000.0,29943000000.0,AAPL
2025-02-18,242.97552490234375,48822500,15343783000.0,108807000000.0,119059000000.0,29943000000.0,AAPL
2025-02-19,243.37306213378903,32204200,15343783000.0,108807000000.0,119059000000.0,29943000000.0,AAPL
2025-02-20,244.32720947265625,32316900,15343783000.0,108807000000.0,119059000000.0,29943000000.0,AAPL
2025-02-21,244.04893493652344,53197400,15343783000.0,108807000000.0,119059000000.0,29943000000.0,AAPL
2025-02-24,245.5894470214844,51326400,15343783000.0,108807000000.0,119059000000.0,29943000000.0,AAPL
2025-02-25,245.52978515625,48013300,15343783000.0,108807000000.0,119059000000.0,29943000000.0,AAPL
2025-02-26,238.89064025878903,44433600,15343783000.0,108807000000.0,119059000000.0,29943000000.0,AAPL
2025-02-27,235.84933471679688,41153600,15343783000.0,108807000000.0,119059000000.0,29943000000.0,AAPL
2025-02-28,240.36160278320312,56833400,15343783000.0,108807000000.0,119059000000.0,29943000000.0,AAPL
2025-03-03,236.57485961914065,47184000,15343783000.0,108807000000.0,119059000000.0,29943000000.0,AAPL
2025-03-04,234.4877471923828,53798100,15343783000.0,108807000000.0,119059000000.0,29943000000.0,AAPL
2025-03-05,234.29888916015625,47227600,15343783000.0,108807000000.0,119059000000.0,29943000000.0,AAPL
2025-03-06,233.89138793945312,45170400,15343783000.0,108807000000.0,119059000000.0,29943000000.0,AAPL
2025-03-07,237.60853576660156,46273600,15343783000.0,108807000000.0,119059000000.0,29943000000.0,AAPL
2025-03-10,226.08935546875,72071200,15343783000.0,108807000000.0,119059000000.0,29943000000.0,AAPL
2025-03-11,219.48995971679688,76137400,15343783000.0,108807000000.0,119059000000.0,29943000000.0,AAPL
2025-03-12,215.6535491943359,62547500,15343783000.0,108807000000.0,119059000000.0,29943000000.0,AAPL
2025-03-13,208.3981781005859,61368300,15343783000.0,108807000000.0,119059000000.0,29943000000.0,AAPL
2025-03-14,212.18490600585935,60107600,15343783000.0,108807000000.0,119059000000.0,29943000000.0,AAPL
2025-03-17,212.69178771972656,48073400,15343783000.0,108807000000.0,119059000000.0,29943000000.0,AAPL
2025-03-18,211.3897705078125,42432400,15343783000.0,108807000000.0,119059000000.0,29943000000.0,AAPL
2025-03-19,213.9241943359375,54385400,15343783000.0,108807000000.0,119059000000.0,29943000000.0,AAPL
2025-03-20,212.79116821289065,48862900,15343783000.0,108807000000.0,119059000000.0,29943000000.0,AAPL
2025-03-21,216.93569946289065,94127800,15343783000.0,108807000000.0,119059000000.0,29943000000.0,AAPL
2025-03-24,219.38064575195312,44299500,15343783000.0,108807000000.0,119059000000.0,29943000000.0,AAPL
2025-03-25,222.38218688964844,34493600,15343783000.0,108807000000.0,119059000000.0,29943000000.0,AAPL
2025-03-26,220.1757354736328,34466100,15343783000.0,108807000000.0,119059000000.0,29943000000.0,AAPL
2025-03-27,222.48158264160156,37094800,15343783000.0,108807000000.0,119059000000.0,29943000000.0,AAPL
2025-03-28,216.5679473876953,39818600,15343783000.0,108807000000.0,119059000000.0,29943000000.0,AAPL
2025-03-31,220.77207946777344,65299300,15343783000.0,108807000000.0,119059000000.0,29943000000.0,AAPL
2025-04-01,221.8255920410156,36412700,15343783000.0,108807000000.0,119059000000.0,29943000000.0,AAPL
2025-04-02,222.52130126953125,35905900,15343783000.0,108807000000.0,119059000000.0,29943000000.0,AAPL
2025-04-03,201.94786071777344,103419000,15343783000.0,108807000000.0,119059000000.0,29943000000.0,AAPL
2025-04-04,187.22840881347656,125910900,15343783000.0,108807000000.0,119059000000.0,29943000000.0,AAPL
2025-04-07,180.3507080078125,160466300,15343783000.0,108807000000.0,119059000000.0,29943000000.0,AAPL
2025-04-08,171.365966796875,120859500,15343783000.0,108807000000.0,119059000000.0,29943000000.0,AAPL
2025-04-09,197.63438415527344,184395900,15343783000.0,108807000000.0,119059000000.0,29943000000.0,AAPL
2025-04-10,189.2559356689453,121880000,15343783000.0,108807000000.0,119059000000.0,29943000000.0,AAPL
2025-04-11,196.93865966796875,87435900,15343783000.0,108807000000.0,119059000000.0,29943000000.0,AAPL
2025-04-14,201.2819671630859,101352900,15343783000.0,108807000000.0,119059000000.0,29943000000.0,AAPL
2025-04-15,200.90428161621097,51343900,15343783000.0,108807000000.0,119059000000.0,29943000000.0,AAPL
2025-04-16,193.0823974609375,59732400,15343783000.0,108807000000.0,119059000000.0,29943000000.0,AAPL
2025-04-17,195.77581787109375,52164700,15343783000.0,108807000000.0,119059000000.0,29943000000.0,AAPL
2025-04-21,191.97918701171875,46742500,15343783000.0,108807000000.0,119059000000.0,29943000000.0,AAPL
2025-04-22,198.5189666748047,52976400,15343783000.0,108807000000.0,119059000000.0,29943000000.0,AAPL
2025-04-23,203.3492431640625,52929200,15343783000.0,108807000000.0,119059000000.0,29943000000.0,AAPL
2025-04-24,207.09619140625,47311000,15343783000.0,108807000000.0,119059000000.0,29943000000.0,AAPL
2025-04-25,208.00064086914065,38222300,15343783000.0,108807000000.0,119059000000.0,29943000000.0,AAPL
2025-04-28,208.8553771972656,38743100,15343783000.0,108807000000.0,119059000000.0,29943000000.0,AAPL
2025-04-29,209.9188537597656,36827600,15343783000.0,108807000000.0,119059000000.0,29943000000.0,AAPL
2025-04-30,211.20095825195312,52286500,15343783000.0,108807000000.0,119059000000.0,29943000000.0,AAPL
2025-05-01,212.01596069335935,57365700,15343783000.0,108807000000.0,119059000000.0,29943000000.0,AAPL
2025-05-02,204.09466552734375,101010600,15343783000.0,108807000000.0,119059000000.0,29943000000.0,AAPL
2025-05-05,197.67416381835935,69018500,15343783000.0,108807000000.0,119059000000.0,29943000000.0,AAPL
2025-05-06,197.2964630126953,51216500,15343783000.0,108807000000.0,119059000000.0,29943000000.0,AAPL
2025-05-07,195.05029296875,68536700,15343783000.0,108807000000.0,119059000000.0,29943000000.0,AAPL
2025-05-08,196.28271484375,50478900,15343783000.0,108807000000.0,119059000000.0,29943000000.0,AAPL
2025-05-09,197.31634521484375,36453900,15343783000.0,108807000000.0,119059000000.0,29943000000.0,AAPL
2025-05-12,209.776123046875,63775800,15343783000.0,108807000000.0,119059000000.0,29943000000.0,AAPL
2025-05-13,211.9058532714844,51909300,15343783000.0,108807000000.0,119059000000.0,29943000000.0,AAPL
2025-05-14,211.30870056152344,49325800,15343783000.0,108807000000.0,119059000000.0,29943000000.0,AAPL
2025-05-15,210.4329376220703,45029500,15343783000.0,108807000000.0,119059000000.0,29943000000.0,AAPL
2025-05-16,210.24386596679688,54737900,15343783000.0,108807000000.0,119059000000.0,29943000000.0,AAPL
2025-05-19,207.7758026123047,46140500,15343783000.0,108807000000.0,119059000000.0,29943000000.0,AAPL
2025-05-20,205.8650360107422,42496600,15343783000.0,108807000000.0,119059000000.0,29943000000.0,AAPL
2025-05-21,201.11798095703125,59211800,15343783000.0,108807000000.0,119059000000.0,29943000000.0,AAPL
2025-05-22,200.39149475097656,46742400,15343783000.0,108807000000.0,119059000000.0,29943000000.0,AAPL
2025-05-23,194.3307952880859,78432900,15343783000.0,108807000000.0,119059000000.0,29943000000.0,AAPL
2025-05-27,199.24703979492188,56288500,15343783000.0,108807000000.0,119059000000.0,29943000000.0,AAPL
2025-05-28,199.45602416992188,45339700,15343783000.0,108807000000.0,119059000000.0,29943000000.0,AAPL
2025-05-29,198.98825073242188,51396800,15343783000.0,108807000000.0,119059000000.0,29943000000.0,AAPL
2025-05-30,199.8839569091797,70819900,15343783000.0,108807000000.0,119059000000.0,29943000000.0,AAPL
2025-06-02,200.72987365722656,35423300,15343783000.0,108807000000.0,119059000000.0,29943000000.0,AAPL
2025-06-03,202.29229736328125,46381600,15343783000.0,108807000000.0,119059000000.0,29943000000.0,AAPL
2025-06-04,201.8444671630859,43604000,15343783000.0,108807000000.0,119059000000.0,29943000000.0,AAPL
2025-06-05,199.6649932861328,55126100,15343783000.0,108807000000.0,119059000000.0,29943000000.0,AAPL
2025-06-06,202.9391632080078,46607700,15343783000.0,108807000000.0,119059000000.0,29943000000.0,AAPL
2025-06-09,200.4810485839844,72862600,15343783000.0,108807000000.0,119059000000.0,29943000000.0,AAPL
2025-06-10,201.6951904296875,54672600,15343783000.0,108807000000.0,119059000000.0,29943000000.0,AAPL
2025-06-11,197.8238983154297,60989900,15343783000.0,108807000000.0,119059000000.0,29943000000.0,AAPL
2025-06-12,198.2418975830078,43904600,15343783000.0,108807000000.0,119059000000.0,29943000000.0,AAPL
2025-06-13,195.5051116943359,51447300,15343783000.0,108807000000.0,119059000000.0,29943000000.0,AAPL
2025-06-16,197.46563720703125,43020700,15343783000.0,108807000000.0,119059000000.0,29943000000.0,AAPL
2025-06-17,194.69900512695312,38856200,15343783000.0,108807000000.0,119059000000.0,29943000000.0,AAPL
2025-06-18,195.6344757080078,45394700,15343783000.0,108807000000.0,119059000000.0,29943000000.0,AAPL
2025-06-20,200.03323364257812,96813500,15343783000.0,108807000000.0,119059000000.0,29943000000.0,AAPL
2025-06-23,200.53082275390625,55814300,15343783000.0,108807000000.0,119059000000.0,29943000000.0,AAPL
2025-06-24,199.3365936279297,54064000,15343783000.0,108807000000.0,119059000000.0,29943000000.0,AAPL
2025-06-25,200.5904998779297,39525700,15343783000.0,108807000000.0,119059000000.0,29943000000.0,AAPL
2025-06-26,200.03323364257812,50799100,15343783000.0,108807000000.0,119059000000.0,29943000000.0,AAPL
2025-06-27,200.11285400390625,73188600,15343783000.0,108807000000.0,119059000000.0,29943000000.0,AAPL
2025-06-30,204.18316650390625,91912800,15343783000.0,108807000000.0,119059000000.0,29943000000.0,AAPL
2025-07-01,206.8204345703125,78788900,15343783000.0,108807000000.0,119059000000.0,29943000000.0,AAPL
2025-07-02,211.418212890625,67941800,15343783000.0,108807000000.0,119059000000.0,29943000000.0,AAPL
2025-07-03,212.5228729248047,34955800,15343783000.0,108807000000.0,119059000000.0,29943000000.0,AAPL
2025-07-07,208.940185546875,50229000,15343783000.0,108807000000.0,119059000000.0,29943000000.0,AAPL
2025-07-08,208.9998779296875,42848900,15343783000.0,108807000000.0,119059000000.0,29943000000.0,AAPL
2025-07-09,210.1244354248047,48749400,15343783000.0,108807000000.0,119059000000.0,29943000000.0,AAPL
2025-07-10,211.3883514404297,44443600,15343783000.0,108807000000.0,119059000000.0,29943000000.0,AAPL
2025-07-11,210.14434814453125,39765800,15343783000.0,108807000000.0,119059000000.0,29943000000.0,AAPL
2025-07-14,207.6165771484375,38840100,15343783000.0,108807000000.0,119059000000.0,29943000000.0,AAPL
2025-07-15,208.10421752929688,42296300,15343783000.0,108807000000.0,119059000000.0,29943000000.0,AAPL
2025-07-16,209.149169921875,47490500,15343783000.0,108807000000.0,119059000000.0,29943000000.0,AAPL
2025-07-17,209.0098571777344,48068100,15343783000.0,108807000000.0,119059000000.0,29943000000.0,AAPL
2025-07-18,210.16424560546875,48974600,15343783000.0,108807000000.0,119059000000.0,29943000000.0,AAPL
2025-07-21,211.45799255371097,51377400,15343783000.0,108807000000.0,119059000000.0,29943000000.0,AAPL
2025-07-22,213.36878967285156,46404100,15343783000.0,108807000000.0,119059000000.0,29943000000.0,AAPL
2025-07-23,213.11996459960935,46989300,15343783000.0,108807000000.0,119059000000.0,29943000000.0,AAPL
2025-07-24,212.7318420410156,46022600,15343783000.0,108807000000.0,119059000000.0,29943000000.0,AAPL
2025-07-25,212.8512725830078,40268800,15343783000.0,108807000000.0,119059000000.0,29943000000.0,AAPL
2025-07-28,213.0204620361328,37858000,15343783000.0,108807000000.0,119059000000.0,29943000000.0,AAPL
2025-07-29,210.2538299560547,51411700,15343783000.0,108807000000.0,119059000000.0,29943000000.0,AAPL
2025-07-30,208.04449462890625,45512500,15343783000.0,108807000000.0,119059000000.0,29943000000.0,AAPL
2025-07-31,206.57162475585935,80698400,15343783000.0,108807000000.0,119059000000.0,29943000000.0,AAPL
2025-08-01,201.40658569335935,104434500,15343783000.0,108807000000.0,119059000000.0,29943000000.0,AAPL
2025-08-04,202.3719482421875,75109300,15343783000.0,108807000000.0,119059000000.0,29943000000.0,AAPL
2025-08-05,201.9439697265625,44155100,15343783000.0,108807000000.0,119059000000.0,29943000000.0,AAPL
2025-08-06,212.22430419921875,108483100,15343783000.0,108807000000.0,119059000000.0,29943000000.0,AAPL
2025-08-07,218.97169494628903,90224800,15343783000.0,108807000000.0,119059000000.0,29943000000.0,AAPL
2025-08-08,228.2468719482422,113854000,15343783000.0,108807000000.0,119059000000.0,29943000000.0,AAPL
2025-08-11,226.3438720703125,61806100,15343783000.0,108807000000.0,119059000000.0,29943000000.0,AAPL
2025-08-12,228.8047790527344,55626200,15343783000.0,108807000000.0,119059000000.0,29943000000.0,AAPL
2025-08-13,232.4712677001953,69878500,15343783000.0,108807000000.0,119059000000.0,29943000000.0,AAPL
2025-08-14,231.9232940673828,51916300,15343783000.0,108807000000.0,119059000000.0,29943000000.0,AAPL
2025-08-15,230.73765563964844,56038700,15343783000.0,108807000000.0,119059000000.0,29943000000.0,AAPL
2025-08-18,230.04022216796875,37476200,15343783000.0,108807000000.0,119059000000.0,29943000000.0,AAPL
2025-08-19,229.71145629882812,39402600,15343783000.0,108807000000.0,119059000000.0,29943000000.0,AAPL
2025-08-20,225.1781768798828,42263900,15343783000.0,108807000000.0,119059000000.0,29943000000.0,AAPL
2025-08-21,224.07228088378903,30621200,15343783000.0,108807000000.0,119059000000.0,29943000000.0,AAPL
2025-08-22,226.9217529296875,42477800,15343783000.0,108807000000.0,119059000000.0,29943000000.0,AAPL
2025-08-25,226.323974609375,30983100,15343783000.0,108807000000.0,119059000000.0,29943000000.0,AAPL
2025-08-26,228.46603393554688,54575100,15343783000.0,108807000000.0,119059000000.0,29943000000.0,AAPL
2025-08-27,229.6417236328125,31259500,15343783000.0,108807000000.0,119059000000.0,29943000000.0,AAPL
2025-08-28,231.70408630371097,38074700,15343783000.0,108807000000.0,119059000000.0,29943000000.0,AAPL
2025-08-29,231.28562927246097,39418400,15343783000.0,108807000000.0,119059000000.0,29943000000.0,AAPL
2025-09-02,228.87454223632812,44075600,15343783000.0,108807000000.0,119059000000.0,29943000000.0,AAPL
2025-09-03,237.59234619140625,66427800,15343783000.0,108807000000.0,119059000000.0,29943000000.0,AAPL
2025-09-04,238.89752197265625,47549400,15343783000.0,108807000000.0,119059000000.0,29943000000.0,AAPL
2025-09-05,238.80783081054688,54870400,15343783000.0,108807000000.0,119059000000.0,29943000000.0,AAPL
2025-09-08,237.00450134277344,48999500,15343783000.0,108807000000.0,119059000000.0,29943000000.0,AAPL
2025-09-09,233.48748779296875,66313900,15343783000.0,108807000000.0,119059000000.0,29943000000.0,AAPL
2025-09-10,225.955322265625,83440800,15343783000.0,108807000000.0,119059000000.0,29943000000.0,AAPL
2025-09-11,229.18341064453125,50208600,15343783000.0,108807000000.0,119059000000.0,29943000000.0,AAPL
2025-09-12,233.2085418701172,55824200,15343783000.0,108807000000.0,119059000000.0,29943000000.0,AAPL
2025-09-15,235.828857421875,42699500,15343783000.0,108807000000.0,119059000000.0,29943000000.0,AAPL
2025-09-16,237.2735137939453,63421100,15343783000.0,108807000000.0,119059000000.0,29943000000.0,AAPL
2025-09-17,238.1104431152344,46508000,15343783000.0,108807000000.0,119059000000.0,29943000000.0,AAPL
2025-09-18,237.00450134277344,44249600,15343783000.0,108807000000.0,119059000000.0,29943000000.0,AAPL
2025-09-19,244.59646606445312,163741300,15343783000.0,108807000000.0,119059000000.0,29943000000.0,AAPL
2025-09-22,255.13751220703125,105517400,15343783000.0,108807000000.0,119059000000.0,29943000000.0,AAPL
2025-09-23,253.4935760498047,60275200,15343783000.0,108807000000.0,119059000000.0,29943000000.0,AAPL
2025-09-24,251.38140869140625,42303700,15343783000.0,108807000000.0,119059000000.0,29943000000.0,AAPL
2025-09-25,255.9246063232422,55202100,15343783000.0,108807000000.0,119059000000.0,29943000000.0,AAPL
2025-09-26,254.51980590820312,46076300,15343783000.0,108807000000.0,119059000000.0,29943000000.0,AAPL
2025-09-29,253.4935760498047,40127700,14948500000.0,98767000000.0,112377000000.0,35934000000.0,AAPL
2025-09-30,253.69287109375,37704300,14948500000.0,98767000000.0,112377000000.0,35934000000.0,AAPL
2025-10-01,254.5098571777344,48713900,14948500000.0,98767000000.0,112377000000.0,35934000000.0,AAPL
2025-10-02,256.18365478515625,42630200,14948500000.0,98767000000.0,112377000000.0,35934000000.0,AAPL
2025-10-03,257.07037353515625,49155600,14948500000.0,98767000000.0,112377000000.0,35934000000.0,AAPL
2025-10-06,255.7452850341797,44664100,14948500000.0,98767000000.0,112377000000.0,35934000000.0,AAPL
2025-10-07,255.5360565185547,31955800,14948500000.0,98767000000.0,112377000000.0,35934000000.0,AAPL
2025-10-08,257.1102600097656,36496900,14948500000.0,98767000000.0,112377000000.0,35934000000.0,AAPL
2025-10-09,253.1050262451172,38322000,14948500000.0,98767000000.0,112377000000.0,35934000000.0,AAPL
2025-10-10,244.3673095703125,61999100,14948500000.0,98767000000.0,112377000000.0,35934000000.0,AAPL
2025-10-13,246.74851989746097,38142900,14948500000.0,98767000000.0,112377000000.0,35934000000.0,AAPL
2025-10-14,246.8581085205078,35478000,14948500000.0,98767000000.0,112377000000.0,35934000000.0,AAPL
2025-10-15,248.42233276367188,33893600,14948500000.0,98767000000.0,112377000000.0,35934000000.0,AAPL
2025-10-16,246.5392913818359,39777000,14948500000.0,98767000000.0,112377000000.0,35934000000.0,AAPL
2025-10-17,251.36146545410156,49147000,14948500000.0,98767000000.0,112377000000.0,35934000000.0,AAPL
2025-10-20,261.2748718261719,90483000,14948500000.0,98767000000.0,112377000000.0,35934000000.0,AAPL
2025-10-21,261.80291748046875,46695900,14948500000.0,98767000000.0,112377000000.0,35934000000.0,AAPL
2025-10-22,257.49884033203125,45015300,14948500000.0,98767000000.0,112377000000.0,35934000000.0,AAPL
2025-10-23,258.6246337890625,32754900,14948500000.0,98767000000.0,112377000000.0,35934000000.0,AAPL
2025-10-24,261.85272216796875,38253700,14948500000.0,98767000000.0,112377000000.0,35934000000.0,AAPL
2025-10-27,267.8207092285156,44888200,14948500000.0,98767000000.0,112377000000.0,35934000000.0,AAPL
2025-10-28,268.010009765625,41534800,14948500000.0,98767000000.0,112377000000.0,35934000000.0,AAPL
2025-10-29,268.7073974609375,51086700,14948500000.0,98767000000.0,112377000000.0,35934000000.0,AAPL
2025-10-30,270.4011535644531,69886500,14948500000.0,98767000000.0,112377000000.0,35934000000.0,AAPL
2025-10-31,269.37493896484375,86167100,14948500000.0,98767000000.0,112377000000.0,35934000000.0,AAPL
2025-11-03,268.05975341796875,50194600,14948500000.0,98767000000.0,112377000000.0,35934000000.0,AAPL
2025-11-04,269.0461730957031,49274800,14948500000.0,98767000000.0,112377000000.0,35934000000.0,AAPL
2025-11-05,269.14581298828125,43683100,14948500000.0,98767000000.0,112377000000.0,35934000000.0,AAPL
2025-11-06,268.7771301269531,51204000,14948500000.0,98767000000.0,112377000000.0,35934000000.0,AAPL
2025-11-07,267.4819030761719,48227400,14948500000.0,98767000000.0,112377000000.0,35934000000.0,AAPL
2025-11-10,268.6986083984375,41312400,14948500000.0,98767000000.0,112377000000.0,35934000000.0,AAPL
2025-11-11,274.5028076171875,46208300,14948500000.0,98767000000.0,112377000000.0,35934000000.0,AAPL
2025-11-12,272.7276611328125,48398000,14948500000.0,98767000000.0,112377000000.0,35934000000.0,AAPL
2025-11-13,272.2090759277344,49602800,14948500000.0,98767000000.0,112377000000.0,35934000000.0,AAPL
2025-11-14,271.6705017089844,47431300,14948500000.0,98767000000.0,112377000000.0,35934000000.0,AAPL
2025-11-17,266.73394775390625,45018300,14948500000.0,98767000000.0,112377000000.0,35934000000.0,AAPL
2025-11-18,266.7140197753906,45677300,14948500000.0,98767000000.0,112377000000.0,35934000000.0,AAPL
2025-11-19,267.8309631347656,40424500,14948500000.0,98767000000.0,112377000000.0,35934000000.0,AAPL
2025-11-20,265.5272521972656,45823600,14948500000.0,98767000000.0,112377000000.0,35934000000.0,AAPL
2025-11-21,270.75299072265625,59030800,14948500000.0,98767000000.0,112377000000.0,35934000000.0,AAPL
2025-11-24,275.1709899902344,65585800,14948500000.0,98767000000.0,112377000000.0,35934000000.0,AAPL
2025-11-25,276.2181701660156,46914200,14948500000.0,98767000000.0,112377000000.0,35934000000.0,AAPL
2025-11-26,276.79656982421875,33431400,14948500000.0,98767000000.0,112377000000.0,35934000000.0,AAPL
2025-11-28,278.0930480957031,20135600,14948500000.0,98767000000.0,112377000000.0,35934000000.0,AAPL
2025-12-01,282.3315124511719,46587700,14948500000.0,98767000000.0,112377000000.0,35934000000.0,AAPL
2025-12-02,285.4131164550781,53669500,14948500000.0,98767000000.0,112377000000.0,35934000000.0,AAPL
2025-12-03,283.378662109375,43538700,14948500000.0,98767000000.0,112377000000.0,35934000000.0,AAPL
2025-12-04,279.9380187988281,43989100,14948500000.0,98767000000.0,112377000000.0,35934000000.0,AAPL
2025-12-05,278.0232238769531,47265800,14948500000.0,98767000000.0,112377000000.0,35934000000.0,AAPL
2025-12-08,277.1356506347656,38211800,14948500000.0,98767000000.0,112377000000.0,35934000000.0,AAPL
2025-12-09,276.42755126953125,32193300,14948500000.0,98767000000.0,112377000000.0,35934000000.0,AAPL
2025-12-10,278.0232238769531,33038300,14948500000.0,98767000000.0,112377000000.0,35934000000.0,AAPL
2025-12-11,277.2752685546875,33248000,14948500000.0,98767000000.0,112377000000.0,35934000000.0,AAPL
2025-12-12,277.52459716796875,39532900,14948500000.0,98767000000.0,112377000000.0,35934000000.0,AAPL
2025-12-15,273.3658752441406,50409100,14948500000.0,98767000000.0,112377000000.0,35934000000.0,AAPL
2025-12-16,273.8645324707031,37648600,14948500000.0,98767000000.0,112377000000.0,35934000000.0,AAPL
2025-12-17,271.10205078125,50138700,14948500000.0,98767000000.0,112377000000.0,35934000000.0,AAPL
2025-12-18,271.4511413574219,51630700,14948500000.0,98767000000.0,112377000000.0,35934000000.0,AAPL
2025-12-19,272.9271240234375,144632000,14948500000.0,98767000000.0,112377000000.0,35934000000.0,AAPL
2025-12-22,270.23443603515625,36571800,14948500000.0,98767000000.0,112377000000.0,35934000000.0,AAPL
2025-12-23,271.62066650390625,29642000,14948500000.0,98767000000.0,112377000000.0,35934000000.0,AAPL
2025-12-24,273.06671142578125,17910600,14948500000.0,98767000000.0,112377000000.0,35934000000.0,AAPL
2025-12-26,272.6578369140625,21521800,14948500000.0,98767000000.0,112377000000.0,35934000000.0,AAPL
2025-12-29,273.0168762207031,23715200,14948500000.0,98767000000.0,112377000000.0,35934000000.0,AAPL
2025-12-30,272.3387145996094,22139600,14948500000.0,98767000000.0,112377000000.0,35934000000.0,AAPL
2025-12-31,271.12200927734375,27293600,14948500000.0,98767000000.0,112377000000.0,35934000000.0,AAPL
2026-01-02,270.2743225097656,37838100,14948500000.0,98767000000.0,112377000000.0,35934000000.0,AAPL
2026-01-05,266.5345153808594,45647200,14948500000.0,98767000000.0,112377000000.0,35934000000.0,AAPL
2026-01-06,261.6477966308594,52352100,14948500000.0,98767000000.0,112377000000.0,35934000000.0,AAPL
2026-01-07,259.623291015625,48309800,14948500000.0,98767000000.0,112377000000.0,35934000000.0,AAPL
2026-01-08,258.3368225097656,50419300,14948500000.0,98767000000.0,112377000000.0,35934000000.0,AAPL
2026-01-09,258.6659240722656,39997000,14948500000.0,98767000000.0,112377000000.0,35934000000.0,AAPL
2026-01-12,259.5435485839844,45263800,14948500000.0,98767000000.0,112377000000.0,35934000000.0,AAPL
2026-01-13,260.34136962890625,45730800,14948500000.0,98767000000.0,112377000000.0,35934000000.0,AAPL
2026-01-14,259.2543029785156,40019400,14948500000.0,98767000000.0,112377000000.0,35934000000.0,AAPL
2026-01-15,257.5090637207031,39388600,14948500000.0,98767000000.0,112377000000.0,35934000000.0,AAPL
2026-01-16,254.8363494873047,72142800,14948500000.0,98767000000.0,112377000000.0,35934000000.0,AAPL
2026-01-20,246.0303192138672,80267500,14948500000.0,98767000000.0,112377000000.0,35934000000.0,AAPL
2026-01-21,246.9777374267578,54641700,14948500000.0,98767000000.0,112377000000.0,35934000000.0,AAPL
2026-01-22,247.67584228515625,39708300,14948500000.0,98767000000.0,112377000000.0,35934000000.0,AAPL
2026-01-23,247.36666870117188,41689000,14948500000.0,98767000000.0,112377000000.0,35934000000.0,AAPL
2026-01-26,254.7166748046875,55969200,14948500000.0,98767000000.0,112377000000.0,35934000000.0,AAPL
2026-01-27,257.5688781738281,49648300,14948500000.0,98767000000.0,112377000000.0,35934000000.0,AAPL
2026-01-28,255.743896484375,41288000,14948500000.0,98767000000.0,112377000000.0,35934000000.0,AAPL
2026-01-29,257.5788879394531,67253000,14948500000.0,98767000000.0,112377000000.0,35934000000.0,AAPL
2026-01-30,258.775634765625,92443400,14948500000.0,98767000000.0,112377000000.0,35934000000.0,AAPL
2026-02-02,269.2770690917969,73913400,14948500000.0,98767000000.0,112377000000.0,35934000000.0,AAPL
2026-02-03,268.7485046386719,64394700,14948500000.0,98767000000.0,112377000000.0,35934000000.0,AAPL
2026-02-04,275.7394104003906,90545700,14948500000.0,98767000000.0,112377000000.0,35934000000.0,AAPL
2026-02-05,275.1610412597656,52977400,14948500000.0,98767000000.0,112377000000.0,35934000000.0,AAPL
2026-02-06,277.364990234375,50453400,14948500000.0,98767000000.0,112377000000.0,35934000000.0,AAPL
2026-02-09,274.13079833984375,44623400,14948500000.0,98767000000.0,112377000000.0,35934000000.0,AAPL
2026-02-10,273.19244384765625,34376900,14948500000.0,98767000000.0,112377000000.0,35934000000.0,AAPL
2026-02-11,275.00921630859375,51931300,14948500000.0,98767000000.0,112377000000.0,35934000000.0,AAPL
2026-02-12,261.2637939453125,81077200,14948500000.0,98767000000.0,112377000000.0,35934000000.0,AAPL
2026-02-13,255.32435607910156,56290700,14948500000.0,98767000000.0,112377000000.0,35934000000.0,AAPL
2026-02-17,263.4099426269531,58469100,14948500000.0,98767000000.0,112377000000.0,35934000000.0,AAPL
2026-02-18,263.8791198730469,34203300,14948500000.0,98767000000.0,112377000000.0,35934000000.0,AAPL
2026-02-19,260.11578369140625,30845300,14948500000.0,98767000000.0,112377000000.0,35934000000.0,AAPL
2026-02-20,264.1086730957031,42070500,14948500000.0,98767000000.0,112377000000.0,35934000000.0,AAPL
2026-02-23,265.705810546875,37308200,14948500000.0,98767000000.0,112377000000.0,35934000000.0,AAPL
2026-02-24,271.6552429199219,47014600,14948500000.0,98767000000.0,112377000000.0,35934000000.0,AAPL
2026-02-25,273.74151611328125,33714300,14948500000.0,98767000000.0,112377000000.0,35934000000.0,AAPL
2026-02-26,272.4637756347656,32345100,14948500000.0,98767000000.0,112377000000.0,35934000000.0,AAPL
2026-02-27,263.7093811035156,72366500,14948500000.0,98767000000.0,112377000000.0,35934000000.0,AAPL
2026-03-02,264.2484130859375,41827900,14948500000.0,98767000000.0,112377000000.0,35934000000.0,AAPL
2026-03-03,263.2801818847656,38568900,14948500000.0,98767000000.0,112377000000.0,35934000000.0,AAPL
2026-03-04,262.0523376464844,39803100,14948500000.0,98767000000.0,112377000000.0,35934000000.0,AAPL
2026-03-05,259.8263244628906,49658600,14948500000.0,98767000000.0,112377000000.0,35934000000.0,AAPL
2026-03-06,257.0013427734375,41120000,14948500000.0,98767000000.0,112377000000.0,35934000000.0,AAPL
2026-03-09,259.41705322265625,38218500,14948500000.0,98767000000.0,112377000000.0,35934000000.0,AAPL
2026-03-10,260.3653564453125,30590800,14948500000.0,98767000000.0,112377000000.0,35934000000.0,AAPL
2026-03-11,260.3453674316406,26218900,14948500000.0,98767000000.0,112377000000.0,35934000000.0,AAPL
2026-03-12,255.30438232421875,40794000,14948500000.0,98767000000.0,112377000000.0,35934000000.0,AAPL
2026-03-13,249.6744384765625,36930000,14948500000.0,98767000000.0,112377000000.0,35934000000.0,AAPL
2026-03-16,252.36964416503903,32074200,14948500000.0,98767000000.0,112377000000.0,35934000000.0,AAPL
2026-03-17,253.7771148681641,32361600,14948500000.0,98767000000.0,112377000000.0,35934000000.0,AAPL
2026-03-18,249.49476623535156,35757900,14948500000.0,98767000000.0,112377000000.0,35934000000.0,AAPL
2026-03-19,248.5165252685547,34864100,14948500000.0,98767000000.0,112377000000.0,35934000000.0,AAPL
2026-03-20,247.54823303222656,88331100,14948500000.0,98767000000.0,112377000000.0,35934000000.0,AAPL
2026-03-23,251.04200744628903,40546100,14948500000.0,98767000000.0,112377000000.0,35934000000.0,AAPL
2026-03-24,251.1917266845703,45152300,14948500000.0,98767000000.0,112377000000.0,35934000000.0,AAPL
2026-03-25,252.16998291015625,28476700,14948500000.0,98767000000.0,112377000000.0,35934000000.0,AAPL
2026-03-26,252.43951416015625,41796700,14948500000.0,98767000000.0,112377000000.0,35934000000.0,AAPL
2026-03-27,248.35679626464844,47900000,14948500000.0,98767000000.0,112377000000.0,35934000000.0,AAPL
2026-03-30,246.1906585693359,39446200,14948500000.0,98767000000.0,112377000000.0,35934000000.0,AAPL
2026-03-31,253.337890625,49598100,14948500000.0,98767000000.0,112377000000.0,35934000000.0,AAPL
2026-04-01,255.17462158203125,40059400,14948500000.0,98767000000.0,112377000000.0,35934000000.0,AAPL
2026-04-02,255.464111328125,31289400,14948500000.0,98767000000.0,112377000000.0,35934000000.0,AAPL
2026-04-06,258.3988342285156,29329900,14948500000.0,98767000000.0,112377000000.0,35934000000.0,AAPL
2026-04-07,253.0484161376953,62148000,14948500000.0,98767000000.0,112377000000.0,35934000000.0,AAPL
2026-04-08,258.43878173828125,41032800,14948500000.0,98767000000.0,112377000000.0,35934000000.0,AAPL
2026-04-09,260.02593994140625,28121600,14948500000.0,98767000000.0,112377000000.0,35934000000.0,AAPL
2026-04-10,260.0159912109375,31291500,14948500000.0,98767000000.0,112377000000.0,35934000000.0,AAPL
2026-04-13,258.73828125,36234700,14948500000.0,98767000000.0,112377000000.0,35934000000.0,AAPL
2026-04-14,258.368896484375,48370700,14948500000.0,98767000000.0,112377000000.0,35934000000.0,AAPL
2026-04-15,265.95538330078125,49913500,14948500000.0,98767000000.0,112377000000.0,35934000000.0,AAPL
2026-04-16,262.9307556152344,43323100,14948500000.0,98767000000.0,112377000000.0,35934000000.0,AAPL
2026-04-17,269.7486267089844,61436200,14948500000.0,98767000000.0,112377000000.0,35934000000.0,AAPL
2026-04-20,272.5635681152344,36590200,14948500000.0,98767000000.0,112377000000.0,35934000000.0,AAPL
2026-04-21,265.69586181640625,50209800,14948500000.0,98767000000.0,112377000000.0,35934000000.0,AAPL
2026-04-22,272.68341064453125,43249200,14948500000.0,98767000000.0,112377000000.0,35934000000.0,AAPL
2026-04-23,272.9429016113281,33399600,14948500000.0,98767000000.0,112377000000.0,35934000000.0,AAPL
2026-04-24,270.5771179199219,38157100,14948500000.0,98767000000.0,112377000000.0,35934000000.0,AAPL
2026-04-27,267.1332702636719,41466800,14948500000.0,98767000000.0,112377000000.0,35934000000.0,AAPL
2026-04-28,270.2277526855469,40018900,14948500000.0,98767000000.0,112377000000.0,35934000000.0,AAPL
2026-04-29,269.688720703125,30047900,14948500000.0,98767000000.0,112377000000.0,35934000000.0,AAPL
2026-04-30,270.86663818359375,91848200,14948500000.0,98767000000.0,112377000000.0,35934000000.0,AAPL
2026-05-01,279.6409606933594,79915400,14948500000.0,98767000000.0,112377000000.0,35934000000.0,AAPL
2026-05-04,276.33685302734375,46668400,14948500000.0,98767000000.0,112377000000.0,35934000000.0,AAPL
2026-05-05,283.67376708984375,49311700,14948500000.0,98767000000.0,112377000000.0,35934000000.0,AAPL
2026-05-06,286.9978332519531,58336100,14948500000.0,98767000000.0,112377000000.0,35934000000.0,AAPL
2026-05-07,286.9279479980469,45224300,14948500000.0,98767000000.0,112377000000.0,35934000000.0,AAPL
2026-05-08,292.7974853515625,52692800,14948500000.0,98767000000.0,112377000000.0,35934000000.0,AAPL
2026-05-11,292.42779541015625,42247300,14948500000.0,98767000000.0,112377000000.0,35934000000.0,AAPL
2026-05-12,294.54595947265625,45748100,14948500000.0,98767000000.0,112377000000.0,35934000000.0,AAPL
2026-05-13,298.6124572753906,52684300,14948500000.0,98767000000.0,112377000000.0,35934000000.0,AAPL
2026-05-14,297.9530334472656,35324900,14948500000.0,98767000000.0,112377000000.0,35934000000.0,AAPL
2026-05-15,299.9713134765625,54862800,14948500000.0,98767000000.0,112377000000.0,35934000000.0,AAPL
2026-05-18,297.5833435058594,34483000,14948500000.0,98767000000.0,112377000000.0,35934000000.0,AAPL
2026-05-19,298.7123718261719,42243600,14948500000.0,98767000000.0,112377000000.0,35934000000.0,AAPL
2026-05-20,301.98956298828125,38229800,14948500000.0,98767000000.0,112377000000.0,35934000000.0,AAPL
2026-05-21,304.7271728515625,42965100,14948500000.0,98767000000.0,112377000000.0,35934000000.0,AAPL
2026-05-22,308.55389404296875,43670200,14948500000.0,98767000000.0,112377000000.0,35934000000.0,AAPL
2026-05-26,308.0643005371094,48000500,14948500000.0,98767000000.0,112377000000.0,35934000000.0,AAPL
2026-05-27,310.5821533203125,50430900,14948500000.0,98767000000.0,112377000000.0,35934000000.0,AAPL
2026-05-28,312.24072265625,48220400,14948500000.0,98767000000.0,112377000000.0,35934000000.0,AAPL
2026-05-29,311.7911071777344,70026800,14948500000.0,98767000000.0,112377000000.0,35934000000.0,AAPL
2026-06-01,306.0460510253906,48849900,14948500000.0,98767000000.0,112377000000.0,35934000000.0,AAPL
2026-06-02,314.92840576171875,44534700,14948500000.0,98767000000.0,112377000000.0,35934000000.0,AAPL
2026-06-03,309.9926452636719,50836700,14948500000.0,98767000000.0,112377000000.0,35934000000.0,AAPL
2026-06-04,310.9618225097656,44869100,14948500000.0,98767000000.0,112377000000.0,35934000000.0,AAPL
2026-06-05,307.0751647949219,65310500,14948500000.0,98767000000.0,112377000000.0,35934000000.0,AAPL
2026-06-08,301.2801818847656,77949100,14948500000.0,98767000000.0,112377000000.0,35934000000.0,AAPL
2026-06-09,290.29962158203125,70108800,14948500000.0,98767000000.0,112377000000.0,35934000000.0,AAPL
2026-06-10,291.3287353515625,52793300,14948500000.0,98767000000.0,112377000000.0,35934000000.0,AAPL
2026-06-11,295.375244140625,42572500,14948500000.0,98767000000.0,112377000000.0,35934000000.0,AAPL
2026-06-12,290.879150390625,38742100,14948500000.0,98767000000.0,112377000000.0,35934000000.0,AAPL
2026-06-15,296.1645812988281,45732600,14948500000.0,98767000000.0,112377000000.0,35934000000.0,AAPL
2026-06-16,298.9821472167969,39874400,14948500000.0,98767000000.0,112377000000.0,35934000000.0,AAPL
2026-06-17,295.6949768066406,42745100,14948500000.0,98767000000.0,112377000000.0,35934000000.0,AAPL
2026-06-18,297.7532043457031,85962200,14948500000.0,98767000000.0,112377000000.0,35934000000.0,AAPL
2026-06-22,296.75408935546875,44879900,14948500000.0,98767000000.0,112377000000.0,35934000000.0,AAPL
2026-06-23,294.04638671875,52010900,14948500000.0,98767000000.0,112377000000.0,35934000000.0,AAPL
2026-06-24,292.8274230957031,53081900,14948500000.0,98767000000.0,112377000000.0,35934000000.0,AAPL
2026-06-25,274.91290283203125,107013700,14948500000.0,98767000000.0,112377000000.0,35934000000.0,AAPL
2026-06-26,283.53546142578125,261775500,14948500000.0,98767000000.0,112377000000.0,35934000000.0,AAPL
2026-06-29,281.4972229003906,66427000,14948500000.0,98767000000.0,112377000000.0,35934000000.0,AAPL
2026-06-30,289.11065673828125,65100200,14948500000.0,98767000000.0,112377000000.0,35934000000.0,AAPL
2026-07-01,294.1263427734375,50164200,14948500000.0,98767000000.0,112377000000.0,35934000000.0,AAPL
2026-07-02,308.3640441894531,75352800,14948500000.0,98767000000.0,112377000000.0,35934000000.0,AAPL
2026-07-06,312.3905944824219,53590000,14948500000.0,98767000000.0,112377000000.0,35934000000.0,AAPL
2026-07-07,310.3923034667969,42490000,14948500000.0,98767000000.0,112377000000.0,35934000000.0,AAPL
2026-07-08,313.1199645996094,41323500,14948500000.0,98767000000.0,112377000000.0,35934000000.0,AAPL
2026-07-09,315.947509765625,48124500,14948500000.0,98767000000.0,112377000000.0,35934000000.0,AAPL
2026-07-10,315.0483093261719,34132300,14948500000.0,98767000000.0,112377000000.0,35934000000.0,AAPL
2026-07-13,317.03656005859375,43257800,14948500000.0,98767000000.0,112377000000.0,35934000000.0,AAPL
2026-07-14,314.58868408203125,36336800,14948500000.0,98767000000.0,112377000000.0,35934000000.0,AAPL
2026-07-15,327.2178039550781,60957600,14948500000.0,98767000000.0,112377000000.0,35934000000.0,AAPL
2026-07-16,332.97283935546875,62970600,14948500000.0,98767000000.0,112377000000.0,35934000000.0,AAPL
2026-07-17,333.452392578125,63407100,14948500000.0,98767000000.0,112377000000.0,35934000000.0,AAPL
2026-07-20,326.3085632324219,53468000,14948500000.0,98767000000.0,112377000000.0,35934000000.0,AAPL
2026-07-21,327.45758056640625,41338900,14948500000.0,98767000000.0,112377000000.0,35934000000.0,AAPL
2026-07-22,325.60919189453125,38755900,14948500000.0,98767000000.0,112377000000.0,35934000000.0,AAPL
2026-07-23,321.3828430175781,40840800,14948500000.0,98767000000.0,112377000000.0,35934000000.0,AAPL
2026-07-24,332.7330322265625,47489400,14948500000.0,98767000000.0,112377000000.0,35934000000.0,AAPL
2026-07-27,336.61968994140625,49604300,14948500000.0,98767000000.0,112377000000.0,35934000000.0,AAPL
2026-07-28,339.78692626953125,51859000,14948500000.0,98767000000.0,112377000000.0,35934000000.0,AAPL
2026-07-29,337.8985900878906,56090800,14948500000.0,98767000000.0,112377000000.0,35934000000.0,AAPL
2026-07-30,333.1426696777344,74817800,14948500000.0,98767000000.0,112377000000.0,35934000000.0,AAPL
2026-07-31,308.6438293457031,132489100,14948500000.0,98767000000.0,112377000000.0,35934000000.0,AAPL
2026-08-03,303.1585693359375,75052000,14948500000.0,98767000000.0,112377000000.0,35934000000.0,AAPL
2026-08-04,309.1134033203125,68001000,14948500000.0,98767000000.0,112377000000.0,35934000000.0,AAPL
2026-08-05,310.7320251464844,49438800,14948500000.0,98767000000.0,112377000000.0,35934000000.0,AAPL
2026-08-06,312.14080810546875,46139900,14948500000.0,98767000000.0,112377000000.0,35934000000.0,AAPL
2026-08-07,313.05999755859375,34437200,14948500000.0,98767000000.0,112377000000.0,35934000000.0,AAPL
2026-08-10,308.260009765625,44812500,14948500000.0,98767000000.0,112377000000.0,35934000000.0,AAPL
2026-08-11,304.9100036621094,37476700,14948500000.0,98767000000.0,112377000000.0,35934000000.0,AAPL
2026-08-12,302.25,41657800,14948500000.0,98767000000.0,112377000000.0,35934000000.0,AAPL
2026-08-13,305.260009765625,40349300,14948500000.0,98767000000.0,112377000000.0,35934000000.0,AAPL
2026-08-14,305.92999267578125,28229400,14948500000.0,98767000000.0,112377000000.0,35934000000.0,AAPL
2026-08-17,305.5899963378906,38169300,14948500000.0,98767000000.0,112377000000.0,35934000000.0,AAPL
2026-08-18,310.0299987792969,53424500,14948500000.0,98767000000.0,112377000000.0,35934000000.0,AAPL
2026-08-19,316.8299865722656,50505600,14948500000.0,98767000000.0,112377000000.0,35934000000.0,AAPL
2026-08-20,311.29998779296875,40959200,14948500000.0,98767000000.0,112377000000.0,35934000000.0,AAPL
2026-08-21,309.3500061035156,46876800,14948500000.0,98767000000.0,112377000000.0,35934000000.0,AAPL
2026-08-24,310.3399963378906,34673600,14948500000.0,98767000000.0,112377000000.0,35934000000.0,AAPL
2026-08-25,309.8999938964844,25869800,14948500000.0,98767000000.0,112377000000.0,35934000000.0,AAPL
2026-08-26,313.45001220703125,34024500,14948500000.0,98767000000.0,112377000000.0,35934000000.0,AAPL
2026-08-27,314.5799865722656,32419200,14948500000.0,98767000000.0,112377000000.0,35934000000.0,AAPL
2026-08-28,319.70001220703125,38649400,14948500000.0,98767000000.0,112377000000.0,35934000000.0,AAPL
2026-08-31,316.8500061035156,41242700,14948500000.0,98767000000.0,112377000000.0,35934000000.0,AAPL
2026-09-01,325.1300048828125,53167400,14948500000.0,98767000000.0,112377000000.0,35934000000.0,AAPL
2026-09-02,324.9599914550781,33746700,14948500000.0,98767000000.0,112377000000.0,35934000000.0,AAPL
