date,close,volume,sharesOutstanding,freeCashFlow,totalDebt,cashAndCashEquivalents,symbol
2021-12-31,166.7169952392578,47830000,10120000000.0,-14726000000.0,116395000000.0,36220000000.0,AMZN
2022-01-03,170.4044952392578,63520000,10120000000.0,-14726000000.0,116395000000.0,36220000000.0,AMZN
2022-01-04,167.52200317382812,70726000,10120000000.0,-14726000000.0,116395000000.0,36220000000.0,AMZN
2022-01-05,164.35699462890625,64302000,10120000000.0,-14726000000.0,116395000000.0,36220000000.0,AMZN
2022-01-06,163.25399780273438,51958000,10120000000.0,-14726000000.0,116395000000.0,36220000000.0,AMZN
2022-01-07,162.5540008544922,46606000,10120000000.0,-14726000000.0,116395000000.0,36220000000.0,AMZN
2022-01-10,161.48599243164062,87798000,10120000000.0,-14726000000.0,116395000000.0,36220000000.0,AMZN
2022-01-11,165.36199951171875,62806000,10120000000.0,-14726000000.0,116395000000.0,36220000000.0,AMZN
2022-01-12,165.20700073242188,50030000,10120000000.0,-14726000000.0,116395000000.0,36220000000.0,AMZN
2022-01-13,161.21400451660156,52188000,10120000000.0,-14726000000.0,116395000000.0,36220000000.0,AMZN
2022-01-14,162.13800048828125,45974000,10120000000.0,-14726000000.0,116395000000.0,36220000000.0,AMZN
2022-01-18,158.91749572753906,67292000,10120000000.0,-14726000000.0,116395000000.0,36220000000.0,AMZN
2022-01-19,156.2989959716797,53242000,10120000000.0,-14726000000.0,116395000000.0,36220000000.0,AMZN
2022-01-20,151.66749572753906,71974000,10120000000.0,-14726000000.0,116395000000.0,36220000000.0,AMZN
2022-01-21,142.64300537109375,163972000,10120000000.0,-14726000000.0,116395000000.0,36220000000.0,AMZN
2022-01-24,144.54400634765625,155624000,10120000000.0,-14726000000.0,116395000000.0,36220000000.0,AMZN
2022-01-25,139.98599243164062,90824000,10120000000.0,-14726000000.0,116395000000.0,36220000000.0,AMZN
2022-01-26,138.87249755859375,95602000,10120000000.0,-14726000000.0,116395000000.0,36220000000.0,AMZN
2022-01-27,139.6374969482422,77516000,10120000000.0,-14726000000.0,116395000000.0,36220000000.0,AMZN
2022-01-28,143.97799682617188,74392000,10120000000.0,-14726000000.0,116395000000.0,36220000000.0,AMZN
2022-01-31,149.57350158691406,78308000,10120000000.0,-14726000000.0,116395000000.0,36220000000.0,AMZN
2022-02-01,151.19349670410156,59220000,10120000000.0,-14726000000.0,116395000000.0,36220000000.0,AMZN
2022-02-02,150.6125030517578,87330000,10120000000.0,-14726000000.0,116395000000.0,36220000000.0,AMZN
2022-02-03,138.8455047607422,225532000,10120000000.0,-14726000000.0,116395000000.0,36220000000.0,AMZN
2022-02-04,157.63949584960938,253456000,10120000000.0,-14726000000.0,116395000000.0,36220000000.0,AMZN
2022-02-07,157.9355010986328,102624000,10120000000.0,-14726000000.0,116395000000.0,36220000000.0,AMZN
2022-02-08,161.4134979248047,76040000,10120000000.0,-14726000000.0,116395000000.0,36220000000.0,AMZN
2022-02-09,161.1894989013672,68786000,10120000000.0,-14726000000.0,116395000000.0,36220000000.0,AMZN
2022-02-10,159.0034942626953,68268000,10120000000.0,-14726000000.0,116395000000.0,36220000000.0,AMZN
2022-02-11,153.2935028076172,77100000,10120000000.0,-14726000000.0,116395000000.0,36220000000.0,AMZN
2022-02-14,155.16700744628906,83230000,10120000000.0,-14726000000.0,116395000000.0,36220000000.0,AMZN
2022-02-15,156.510498046875,56440000,10120000000.0,-14726000000.0,116395000000.0,36220000000.0,AMZN
2022-02-16,158.10049438476562,52704000,10120000000.0,-14726000000.0,116395000000.0,36220000000.0,AMZN
2022-02-17,154.65249633789062,64032000,10120000000.0,-14726000000.0,116395000000.0,36220000000.0,AMZN
2022-02-18,152.60150146484375,63604000,10120000000.0,-14726000000.0,116395000000.0,36220000000.0,AMZN
2022-02-22,150.19749450683594,66128000,10120000000.0,-14726000000.0,116395000000.0,36220000000.0,AMZN
2022-02-23,144.82699584960938,64244000,10120000000.0,-14726000000.0,116395000000.0,36220000000.0,AMZN
2022-02-24,151.35800170898438,100786000,10120000000.0,-14726000000.0,116395000000.0,36220000000.0,AMZN
2022-02-25,153.7884979248047,62396000,10120000000.0,-14726000000.0,116395000000.0,36220000000.0,AMZN
2022-02-28,153.56300354003906,57684000,10120000000.0,-14726000000.0,116395000000.0,36220000000.0,AMZN
2022-03-01,151.14199829101562,44874000,10120000000.0,-14726000000.0,116395000000.0,36220000000.0,AMZN
2022-03-02,152.05250549316406,47334000,10120000000.0,-14726000000.0,116395000000.0,36220000000.0,AMZN
2022-03-03,147.89849853515625,65198000,10120000000.0,-14726000000.0,116395000000.0,36220000000.0,AMZN
2022-03-04,145.64100646972656,60934000,10120000000.0,-14726000000.0,116395000000.0,36220000000.0,AMZN
2022-03-07,137.4530029296875,86934000,10120000000.0,-14726000000.0,116395000000.0,36220000000.0,AMZN
2022-03-08,136.01449584960938,91662000,10120000000.0,-14726000000.0,116395000000.0,36220000000.0,AMZN
2022-03-09,139.2790069580078,82656000,10120000000.0,-14726000000.0,116395000000.0,36220000000.0,AMZN
2022-03-10,146.8175048828125,135062000,10120000000.0,-14726000000.0,116395000000.0,36220000000.0,AMZN
2022-03-11,145.52450561523438,68900000,10120000000.0,-14726000000.0,116395000000.0,36220000000.0,AMZN
2022-03-14,141.85299682617188,74086000,10120000000.0,-14726000000.0,116395000000.0,36220000000.0,AMZN
2022-03-15,147.3665008544922,75584000,10120000000.0,-14726000000.0,116395000000.0,36220000000.0,AMZN
2022-03-16,153.10400390625,84958000,10120000000.0,-14726000000.0,116395000000.0,36220000000.0,AMZN
2022-03-17,157.23899841308594,72934000,10120000000.0,-14726000000.0,116395000000.0,36220000000.0,AMZN
2022-03-18,161.25050354003906,102962000,10120000000.0,-14726000000.0,116395000000.0,36220000000.0,AMZN
2022-03-21,161.4915008544922,66538000,10120000000.0,-14726000000.0,116395000000.0,36220000000.0,AMZN
2022-03-22,164.88900756835938,64086000,10120000000.0,-14726000000.0,116395000000.0,36220000000.0,AMZN
2022-03-23,163.4080047607422,55812000,10120000000.0,-14726000000.0,116395000000.0,36220000000.0,AMZN
2022-03-24,163.64950561523438,56798000,10120000000.0,-14726000000.0,116395000000.0,36220000000.0,AMZN
2022-03-25,164.77349853515625,49032000,10120000000.0,-14726000000.0,116395000000.0,36220000000.0,AMZN
2022-03-28,168.99049377441406,59854000,10120000000.0,-14726000000.0,116395000000.0,36220000000.0,AMZN
2022-03-29,169.31500244140625,66154000,10120000000.0,-14726000000.0,116395000000.0,36220000000.0,AMZN
2022-03-30,166.30099487304688,56168000,10120000000.0,-14726000000.0,116395000000.0,36220000000.0,AMZN
2022-03-31,162.99749755859375,59966000,10120000000.0,-14726000000.0,116395000000.0,36220000000.0,AMZN
2022-04-01,163.55999755859375,57090000,10120000000.0,-14726000000.0,116395000000.0,36220000000.0,AMZN
2022-04-04,168.34649658203125,49882000,10120000000.0,-14726000000.0,116395000000.0,36220000000.0,AMZN
2022-04-05,164.05499267578125,53728000,10120000000.0,-14726000000.0,116395000000.0,36220000000.0,AMZN
2022-04-06,158.75599670410156,79056000,10120000000.0,-14726000000.0,116395000000.0,36220000000.0,AMZN
2022-04-07,157.7845001220703,68136000,10120000000.0,-14726000000.0,116395000000.0,36220000000.0,AMZN
2022-04-08,154.4604949951172,46002000,10120000000.0,-14726000000.0,116395000000.0,36220000000.0,AMZN
2022-04-11,151.1219940185547,52112000,10120000000.0,-14726000000.0,116395000000.0,36220000000.0,AMZN
2022-04-12,150.78750610351562,55178000,10120000000.0,-14726000000.0,116395000000.0,36220000000.0,AMZN
2022-04-13,155.54100036621094,53390000,10120000000.0,-14726000000.0,116395000000.0,36220000000.0,AMZN
2022-04-14,151.7064971923828,51598000,10120000000.0,-14726000000.0,116395000000.0,36220000000.0,AMZN
2022-04-18,152.78500366210938,46514000,10120000000.0,-14726000000.0,116395000000.0,36220000000.0,AMZN
2022-04-19,158.11549377441406,54926000,10120000000.0,-14726000000.0,116395000000.0,36220000000.0,AMZN
2022-04-20,153.9980010986328,59630000,10120000000.0,-14726000000.0,116395000000.0,36220000000.0,AMZN
2022-04-21,148.29600524902344,63970000,10120000000.0,-14726000000.0,116395000000.0,36220000000.0,AMZN
2022-04-22,144.35000610351562,73078000,10120000000.0,-14726000000.0,116395000000.0,36220000000.0,AMZN
2022-04-25,146.07400512695312,61874000,10120000000.0,-14726000000.0,116395000000.0,36220000000.0,AMZN
2022-04-26,139.39100646972656,77530000,10120000000.0,-14726000000.0,116395000000.0,36220000000.0,AMZN
2022-04-27,138.16700744628906,71336000,10120000000.0,-14726000000.0,116395000000.0,36220000000.0,AMZN
2022-04-28,144.59649658203125,117316000,10120000000.0,-14726000000.0,116395000000.0,36220000000.0,AMZN
2022-04-29,124.28150177001952,272662000,10120000000.0,-14726000000.0,116395000000.0,36220000000.0,AMZN
2022-05-02,124.5,148788000,10120000000.0,-14726000000.0,116395000000.0,36220000000.0,AMZN
2022-05-03,124.25350189208984,79134000,10120000000.0,-14726000000.0,116395000000.0,36220000000.0,AMZN
2022-05-04,125.92849731445312,110746000,10120000000.0,-14726000000.0,116395000000.0,36220000000.0,AMZN
2022-05-05,116.40699768066406,144392000,10120000000.0,-14726000000.0,116395000000.0,36220000000.0,AMZN
2022-05-06,114.77249908447266,124260000,10120000000.0,-14726000000.0,116395000000.0,36220000000.0,AMZN
2022-05-09,108.78900146484376,128124000,10120000000.0,-14726000000.0,116395000000.0,36220000000.0,AMZN
2022-05-10,108.85900115966795,105434000,10120000000.0,-14726000000.0,116395000000.0,36220000000.0,AMZN
2022-05-11,105.37200164794922,109704000,10120000000.0,-14726000000.0,116395000000.0,36220000000.0,AMZN
2022-05-12,106.93049621582033,132026000,10120000000.0,-14726000000.0,116395000000.0,36220000000.0,AMZN
2022-05-13,113.05500030517578,93684000,10120000000.0,-14726000000.0,116395000000.0,36220000000.0,AMZN
2022-05-16,110.8105010986328,74566000,10120000000.0,-14726000000.0,116395000000.0,36220000000.0,AMZN
2022-05-17,115.36849975585938,76448000,10120000000.0,-14726000000.0,116395000000.0,36220000000.0,AMZN
2022-05-18,107.1125030517578,108380000,10120000000.0,-14726000000.0,116395000000.0,36220000000.0,AMZN
2022-05-19,107.31900024414062,88142000,10120000000.0,-14726000000.0,116395000000.0,36220000000.0,AMZN
2022-05-20,107.59100341796876,99500000,10120000000.0,-14726000000.0,116395000000.0,36220000000.0,AMZN
2022-05-23,107.55699920654295,107798000,10120000000.0,-14726000000.0,116395000000.0,36220000000.0,AMZN
2022-05-24,104.0999984741211,102934000,10120000000.0,-14726000000.0,116395000000.0,36220000000.0,AMZN
2022-05-25,106.7750015258789,93120000,10120000000.0,-14726000000.0,116395000000.0,36220000000.0,AMZN
2022-05-26,111.07749938964844,93002000,10120000000.0,-14726000000.0,116395000000.0,36220000000.0,AMZN
2022-05-27,115.14649963378906,93660000,10120000000.0,-14726000000.0,116395000000.0,36220000000.0,AMZN
2022-05-31,120.20950317382812,144634000,10120000000.0,-14726000000.0,116395000000.0,36220000000.0,AMZN
2022-06-01,121.68399810791016,127528000,10120000000.0,-14726000000.0,116395000000.0,36220000000.0,AMZN
2022-06-02,125.51100158691406,100560000,10120000000.0,-14726000000.0,116395000000.0,36220000000.0,AMZN
2022-06-03,122.3499984741211,97604000,10120000000.0,-14726000000.0,116395000000.0,36220000000.0,AMZN
2022-06-06,124.79000091552734,135269000,10120000000.0,-14726000000.0,116395000000.0,36220000000.0,AMZN
2022-06-07,123.0,85156700,10120000000.0,-14726000000.0,116395000000.0,36220000000.0,AMZN
2022-06-08,121.18000030517578,64926600,10120000000.0,-14726000000.0,116395000000.0,36220000000.0,AMZN
2022-06-09,116.1500015258789,67029800,10120000000.0,-14726000000.0,116395000000.0,36220000000.0,AMZN
2022-06-10,109.6500015258789,87266000,10120000000.0,-14726000000.0,116395000000.0,36220000000.0,AMZN
2022-06-13,103.66999816894533,99277700,10120000000.0,-14726000000.0,116395000000.0,36220000000.0,AMZN
2022-06-14,102.30999755859376,69728800,10120000000.0,-14726000000.0,116395000000.0,36220000000.0,AMZN
2022-06-15,107.66999816894533,85011100,10120000000.0,-14726000000.0,116395000000.0,36220000000.0,AMZN
2022-06-16,103.66000366210938,82186300,10120000000.0,-14726000000.0,116395000000.0,36220000000.0,AMZN
2022-06-17,106.22000122070312,99772100,10120000000.0,-14726000000.0,116395000000.0,36220000000.0,AMZN
2022-06-21,108.68000030517578,70901200,10120000000.0,-14726000000.0,116395000000.0,36220000000.0,AMZN
2022-06-22,108.9499969482422,60040100,10120000000.0,-14726000000.0,116395000000.0,36220000000.0,AMZN
2022-06-23,112.44000244140624,64345300,10120000000.0,-14726000000.0,116395000000.0,36220000000.0,AMZN
2022-06-24,116.45999908447266,69867600,10120000000.0,-14726000000.0,116395000000.0,36220000000.0,AMZN
2022-06-27,113.22000122070312,62133200,10120000000.0,-14726000000.0,116395000000.0,36220000000.0,AMZN
2022-06-28,107.4000015258789,74942900,10120000000.0,-14726000000.0,116395000000.0,36220000000.0,AMZN
2022-06-29,108.91999816894533,66375300,10120000000.0,-14726000000.0,116395000000.0,36220000000.0,AMZN
2022-06-30,106.20999908447266,97679400,10120000000.0,-14726000000.0,116395000000.0,36220000000.0,AMZN
2022-07-01,109.55999755859376,73021200,10120000000.0,-14726000000.0,116395000000.0,36220000000.0,AMZN
2022-07-05,113.5,76583700,10120000000.0,-14726000000.0,116395000000.0,36220000000.0,AMZN
2022-07-06,114.33000183105467,66958900,10120000000.0,-14726000000.0,116395000000.0,36220000000.0,AMZN
2022-07-07,116.33000183105467,57872300,10120000000.0,-14726000000.0,116395000000.0,36220000000.0,AMZN
2022-07-08,115.54000091552734,45719700,10120000000.0,-14726000000.0,116395000000.0,36220000000.0,AMZN
2022-07-11,111.75,53487600,10120000000.0,-14726000000.0,116395000000.0,36220000000.0,AMZN
2022-07-12,109.22000122070312,54280300,10120000000.0,-14726000000.0,116395000000.0,36220000000.0,AMZN
2022-07-13,110.4000015258789,61353800,10120000000.0,-14726000000.0,116395000000.0,36220000000.0,AMZN
2022-07-14,110.62999725341795,51163100,10120000000.0,-14726000000.0,116395000000.0,36220000000.0,AMZN
2022-07-15,113.5500030517578,84317800,10120000000.0,-14726000000.0,116395000000.0,36220000000.0,AMZN
2022-07-18,113.76000213623048,59115400,10120000000.0,-14726000000.0,116395000000.0,36220000000.0,AMZN
2022-07-19,118.20999908447266,60990000,10120000000.0,-14726000000.0,116395000000.0,36220000000.0,AMZN
2022-07-20,122.7699966430664,71268300,10120000000.0,-14726000000.0,116395000000.0,36220000000.0,AMZN
2022-07-21,124.62999725341795,60239900,10120000000.0,-14726000000.0,116395000000.0,36220000000.0,AMZN
2022-07-22,122.41999816894533,51463800,10120000000.0,-14726000000.0,116395000000.0,36220000000.0,AMZN
2022-07-25,121.13999938964844,50221300,10120000000.0,-14726000000.0,116395000000.0,36220000000.0,AMZN
2022-07-26,114.80999755859376,67075100,10120000000.0,-14726000000.0,116395000000.0,36220000000.0,AMZN
2022-07-27,120.97000122070312,61582000,10120000000.0,-14726000000.0,116395000000.0,36220000000.0,AMZN
2022-07-28,122.27999877929688,82245500,10120000000.0,-14726000000.0,116395000000.0,36220000000.0,AMZN
2022-07-29,134.9499969482422,148892900,10120000000.0,-14726000000.0,116395000000.0,36220000000.0,AMZN
2022-08-01,135.38999938964844,76846900,10120000000.0,-14726000000.0,116395000000.0,36220000000.0,AMZN
2022-08-02,134.16000366210938,61922400,10120000000.0,-14726000000.0,116395000000.0,36220000000.0,AMZN
2022-08-03,139.52000427246094,71827800,10120000000.0,-14726000000.0,116395000000.0,36220000000.0,AMZN
2022-08-04,142.57000732421875,70585000,10120000000.0,-14726000000.0,116395000000.0,36220000000.0,AMZN
2022-08-05,140.8000030517578,50686900,10120000000.0,-14726000000.0,116395000000.0,36220000000.0,AMZN
2022-08-08,139.41000366210938,52229000,10120000000.0,-14726000000.0,116395000000.0,36220000000.0,AMZN
2022-08-09,137.8300018310547,40434700,10120000000.0,-14726000000.0,116395000000.0,36220000000.0,AMZN
2022-08-10,142.69000244140625,54773800,10120000000.0,-14726000000.0,116395000000.0,36220000000.0,AMZN
2022-08-11,140.63999938964844,44867300,10120000000.0,-14726000000.0,116395000000.0,36220000000.0,AMZN
2022-08-12,143.5500030517578,47643500,10120000000.0,-14726000000.0,116395000000.0,36220000000.0,AMZN
2022-08-15,143.17999267578125,39014600,10120000000.0,-14726000000.0,116395000000.0,36220000000.0,AMZN
2022-08-16,144.77999877929688,59102900,10120000000.0,-14726000000.0,116395000000.0,36220000000.0,AMZN
2022-08-17,142.10000610351562,48149800,10120000000.0,-14726000000.0,116395000000.0,36220000000.0,AMZN
2022-08-18,142.3000030517578,37458700,10120000000.0,-14726000000.0,116395000000.0,36220000000.0,AMZN
2022-08-19,138.22999572753906,47792800,10120000000.0,-14726000000.0,116395000000.0,36220000000.0,AMZN
2022-08-22,133.22000122070312,50461500,10120000000.0,-14726000000.0,116395000000.0,36220000000.0,AMZN
2022-08-23,133.6199951171875,36252100,10120000000.0,-14726000000.0,116395000000.0,36220000000.0,AMZN
2022-08-24,133.8000030517578,38627000,10120000000.0,-14726000000.0,116395000000.0,36220000000.0,AMZN
2022-08-25,137.27999877929688,37496300,10120000000.0,-14726000000.0,116395000000.0,36220000000.0,AMZN
2022-08-26,130.75,53322700,10120000000.0,-14726000000.0,116395000000.0,36220000000.0,AMZN
2022-08-29,129.7899932861328,48101600,10120000000.0,-14726000000.0,116395000000.0,36220000000.0,AMZN
2022-08-30,128.72999572753906,49203000,10120000000.0,-14726000000.0,116395000000.0,36220000000.0,AMZN
2022-08-31,126.7699966430664,53648700,10120000000.0,-14726000000.0,116395000000.0,36220000000.0,AMZN
2022-09-01,127.81999969482422,56636100,10120000000.0,-14726000000.0,116395000000.0,36220000000.0,AMZN
2022-09-02,127.51000213623048,57429800,10120000000.0,-14726000000.0,116395000000.0,36220000000.0,AMZN
2022-09-06,126.11000061035156,43888600,10120000000.0,-14726000000.0,116395000000.0,36220000000.0,AMZN
2022-09-07,129.47999572753906,47900300,10120000000.0,-14726000000.0,116395000000.0,36220000000.0,AMZN
2022-09-08,129.82000732421875,43988500,10120000000.0,-14726000000.0,116395000000.0,36220000000.0,AMZN
2022-09-09,133.27000427246094,49387600,10120000000.0,-14726000000.0,116395000000.0,36220000000.0,AMZN
2022-09-12,136.4499969482422,53826900,10120000000.0,-14726000000.0,116395000000.0,36220000000.0,AMZN
2022-09-13,126.81999969482422,72694000,10120000000.0,-14726000000.0,116395000000.0,36220000000.0,AMZN
2022-09-14,128.5500030517578,45316800,10120000000.0,-14726000000.0,116395000000.0,36220000000.0,AMZN
2022-09-15,126.27999877929688,52887200,10120000000.0,-14726000000.0,116395000000.0,36220000000.0,AMZN
2022-09-16,123.52999877929688,115667800,10120000000.0,-14726000000.0,116395000000.0,36220000000.0,AMZN
2022-09-19,124.66000366210938,47279700,10120000000.0,-14726000000.0,116395000000.0,36220000000.0,AMZN
2022-09-20,122.19000244140624,47698400,10120000000.0,-14726000000.0,116395000000.0,36220000000.0,AMZN
2022-09-21,118.54000091552734,58498900,10120000000.0,-14726000000.0,116395000000.0,36220000000.0,AMZN
2022-09-22,117.30999755859376,55229200,10120000000.0,-14726000000.0,116395000000.0,36220000000.0,AMZN
2022-09-23,113.77999877929688,65126700,10120000000.0,-14726000000.0,116395000000.0,36220000000.0,AMZN
2022-09-26,115.1500015258789,62723300,10120000000.0,-14726000000.0,116395000000.0,36220000000.0,AMZN
2022-09-27,114.41000366210938,60094700,10120000000.0,-14726000000.0,116395000000.0,36220000000.0,AMZN
2022-09-28,118.01000213623048,55763800,10120000000.0,-14726000000.0,116395000000.0,36220000000.0,AMZN
2022-09-29,114.8000030517578,58969700,10120000000.0,-14726000000.0,116395000000.0,36220000000.0,AMZN
2022-09-30,113.0,59479600,10120000000.0,-14726000000.0,116395000000.0,36220000000.0,AMZN
2022-10-03,115.87999725341795,50941900,10120000000.0,-14726000000.0,116395000000.0,36220000000.0,AMZN
2022-10-04,121.08999633789062,62812600,10120000000.0,-14726000000.0,116395000000.0,36220000000.0,AMZN
2022-10-05,120.9499969482422,48217500,10120000000.0,-14726000000.0,116395000000.0,36220000000.0,AMZN
2022-10-06,120.3000030517578,42253800,10120000000.0,-14726000000.0,116395000000.0,36220000000.0,AMZN
2022-10-07,114.55999755859376,54678000,10120000000.0,-14726000000.0,116395000000.0,36220000000.0,AMZN
2022-10-10,113.66999816894533,42339700,10120000000.0,-14726000000.0,116395000000.0,36220000000.0,AMZN
2022-10-11,112.20999908447266,56432200,10120000000.0,-14726000000.0,116395000000.0,36220000000.0,AMZN
2022-10-12,112.9000015258789,45728700,10120000000.0,-14726000000.0,116395000000.0,36220000000.0,AMZN
2022-10-13,112.52999877929688,86868100,10120000000.0,-14726000000.0,116395000000.0,36220000000.0,AMZN
2022-10-14,106.9000015258789,67737300,10120000000.0,-14726000000.0,116395000000.0,36220000000.0,AMZN
2022-10-17,113.79000091552734,62782000,10120000000.0,-14726000000.0,116395000000.0,36220000000.0,AMZN
2022-10-18,116.36000061035156,65607400,10120000000.0,-14726000000.0,116395000000.0,36220000000.0,AMZN
2022-10-19,115.06999969482422,47198100,10120000000.0,-14726000000.0,116395000000.0,36220000000.0,AMZN
2022-10-20,115.25,48795100,10120000000.0,-14726000000.0,116395000000.0,36220000000.0,AMZN
2022-10-21,119.31999969482422,55660500,10120000000.0,-14726000000.0,116395000000.0,36220000000.0,AMZN
2022-10-24,119.81999969482422,49531500,10120000000.0,-14726000000.0,116395000000.0,36220000000.0,AMZN
2022-10-25,120.5999984741211,50934600,10120000000.0,-14726000000.0,116395000000.0,36220000000.0,AMZN
2022-10-26,115.66000366210938,68802300,10120000000.0,-14726000000.0,116395000000.0,36220000000.0,AMZN
2022-10-27,110.95999908447266,129605400,10120000000.0,-14726000000.0,116395000000.0,36220000000.0,AMZN
2022-10-28,103.41000366210938,223133400,10120000000.0,-14726000000.0,116395000000.0,36220000000.0,AMZN
2022-10-31,102.44000244140624,99251400,10120000000.0,-14726000000.0,116395000000.0,36220000000.0,AMZN
2022-11-01,96.79000091552734,153370000,10120000000.0,-14726000000.0,116395000000.0,36220000000.0,AMZN
2022-11-02,92.12000274658205,135761800,10120000000.0,-14726000000.0,116395000000.0,36220000000.0,AMZN
2022-11-03,89.30000305175781,136683300,10120000000.0,-14726000000.0,116395000000.0,36220000000.0,AMZN
2022-11-04,90.9800033569336,129101300,10120000000.0,-14726000000.0,116395000000.0,36220000000.0,AMZN
2022-11-07,90.52999877929688,77495700,10120000000.0,-14726000000.0,116395000000.0,36220000000.0,AMZN
2022-11-08,89.9800033569336,88703400,10120000000.0,-14726000000.0,116395000000.0,36220000000.0,AMZN
2022-11-09,86.13999938964844,90796200,10120000000.0,-14726000000.0,116395000000.0,36220000000.0,AMZN
2022-11-10,96.62999725341795,173414900,10120000000.0,-14726000000.0,116395000000.0,36220000000.0,AMZN
2022-11-11,100.79000091552734,111590500,10120000000.0,-14726000000.0,116395000000.0,36220000000.0,AMZN
2022-11-14,98.48999786376952,99533100,10120000000.0,-14726000000.0,116395000000.0,36220000000.0,AMZN
2022-11-15,98.94000244140624,111336300,10120000000.0,-14726000000.0,116395000000.0,36220000000.0,AMZN
2022-11-16,97.12000274658205,87958800,10120000000.0,-14726000000.0,116395000000.0,36220000000.0,AMZN
2022-11-17,94.8499984741211,82617900,10120000000.0,-14726000000.0,116395000000.0,36220000000.0,AMZN
2022-11-18,94.13999938964844,72428200,10120000000.0,-14726000000.0,116395000000.0,36220000000.0,AMZN
2022-11-21,92.45999908447266,84330300,10120000000.0,-14726000000.0,116395000000.0,36220000000.0,AMZN
2022-11-22,93.1999969482422,62192000,10120000000.0,-14726000000.0,116395000000.0,36220000000.0,AMZN
2022-11-23,94.12999725341795,59414700,10120000000.0,-14726000000.0,116395000000.0,36220000000.0,AMZN
2022-11-25,93.41000366210938,35088600,10120000000.0,-14726000000.0,116395000000.0,36220000000.0,AMZN
2022-11-28,93.9499969482422,74943100,10120000000.0,-14726000000.0,116395000000.0,36220000000.0,AMZN
2022-11-29,92.41999816894533,65567300,10120000000.0,-14726000000.0,116395000000.0,36220000000.0,AMZN
2022-11-30,96.54000091552734,102805800,10120000000.0,-14726000000.0,116395000000.0,36220000000.0,AMZN
2022-12-01,95.5,68488000,10120000000.0,-14726000000.0,116395000000.0,36220000000.0,AMZN
2022-12-02,94.12999725341795,72496400,10120000000.0,-14726000000.0,116395000000.0,36220000000.0,AMZN
2022-12-05,91.01000213623048,71535500,10120000000.0,-14726000000.0,116395000000.0,36220000000.0,AMZN
2022-12-06,88.25,75503600,10120000000.0,-14726000000.0,116395000000.0,36220000000.0,AMZN
2022-12-07,88.45999908447266,68086900,10120000000.0,-14726000000.0,116395000000.0,36220000000.0,AMZN
2022-12-08,90.3499984741211,73305900,10120000000.0,-14726000000.0,116395000000.0,36220000000.0,AMZN
2022-12-09,89.08999633789062,67398500,10120000000.0,-14726000000.0,116395000000.0,36220000000.0,AMZN
2022-12-12,90.5500030517578,61999800,10120000000.0,-14726000000.0,116395000000.0,36220000000.0,AMZN
2022-12-13,92.48999786376952,100212000,10120000000.0,-14726000000.0,116395000000.0,36220000000.0,AMZN
2022-12-14,91.58000183105467,70298000,10120000000.0,-14726000000.0,116395000000.0,36220000000.0,AMZN
2022-12-15,88.44999694824219,84802900,10120000000.0,-14726000000.0,116395000000.0,36220000000.0,AMZN
2022-12-16,87.86000061035156,146144100,10120000000.0,-14726000000.0,116395000000.0,36220000000.0,AMZN
2022-12-19,84.91999816894531,83531500,10120000000.0,-14726000000.0,116395000000.0,36220000000.0,AMZN
2022-12-20,85.19000244140625,74348300,10120000000.0,-14726000000.0,116395000000.0,36220000000.0,AMZN
2022-12-21,86.7699966430664,59267200,10120000000.0,-14726000000.0,116395000000.0,36220000000.0,AMZN
2022-12-22,83.79000091552734,81431300,10120000000.0,-14726000000.0,116395000000.0,36220000000.0,AMZN
2022-12-23,85.25,57433700,10120000000.0,-14726000000.0,116395000000.0,36220000000.0,AMZN
2022-12-27,83.04000091552734,57284000,10120000000.0,-14726000000.0,116395000000.0,36220000000.0,AMZN
2022-12-28,81.81999969482422,58228600,10120000000.0,-14726000000.0,116395000000.0,36220000000.0,AMZN
2022-12-29,84.18000030517578,54995900,10120000000.0,-14726000000.0,116395000000.0,36220000000.0,AMZN
2022-12-30,84.0,62401200,10120000000.0,-14726000000.0,116395000000.0,36220000000.0,AMZN
2023-01-03,85.81999969482422,76706000,10189000000.0,-16893000000.0,140118000000.0,53888000000.0,AMZN
2023-01-04,85.13999938964844,68885100,10189000000.0,-16893000000.0,140118000000.0,53888000000.0,AMZN
2023-01-05,83.12000274658203,67930800,10189000000.0,-16893000000.0,140118000000.0,53888000000.0,AMZN
2023-01-06,86.08000183105469,83303400,10189000000.0,-16893000000.0,140118000000.0,53888000000.0,AMZN
2023-01-09,87.36000061035156,65266100,10189000000.0,-16893000000.0,140118000000.0,53888000000.0,AMZN
2023-01-10,89.87000274658203,67756600,10189000000.0,-16893000000.0,140118000000.0,53888000000.0,AMZN
2023-01-11,95.08999633789062,103126200,10189000000.0,-16893000000.0,140118000000.0,53888000000.0,AMZN
2023-01-12,95.2699966430664,85254800,10189000000.0,-16893000000.0,140118000000.0,53888000000.0,AMZN
2023-01-13,98.12000274658205,85549400,10189000000.0,-16893000000.0,140118000000.0,53888000000.0,AMZN
2023-01-17,96.0500030517578,72755000,10189000000.0,-16893000000.0,140118000000.0,53888000000.0,AMZN
2023-01-18,95.45999908447266,79570400,10189000000.0,-16893000000.0,140118000000.0,53888000000.0,AMZN
2023-01-19,93.68000030517578,69002700,10189000000.0,-16893000000.0,140118000000.0,53888000000.0,AMZN
2023-01-20,97.25,67481500,10189000000.0,-16893000000.0,140118000000.0,53888000000.0,AMZN
2023-01-23,97.5199966430664,76501100,10189000000.0,-16893000000.0,140118000000.0,53888000000.0,AMZN
2023-01-24,96.31999969482422,66929500,10189000000.0,-16893000000.0,140118000000.0,53888000000.0,AMZN
2023-01-25,97.18000030517578,94261600,10189000000.0,-16893000000.0,140118000000.0,53888000000.0,AMZN
2023-01-26,99.22000122070312,68523600,10189000000.0,-16893000000.0,140118000000.0,53888000000.0,AMZN
2023-01-27,102.23999786376952,87775600,10189000000.0,-16893000000.0,140118000000.0,53888000000.0,AMZN
2023-01-30,100.5500030517578,70691900,10189000000.0,-16893000000.0,140118000000.0,53888000000.0,AMZN
2023-01-31,103.12999725341795,66527300,10189000000.0,-16893000000.0,140118000000.0,53888000000.0,AMZN
2023-02-01,105.1500015258789,80450100,10189000000.0,-16893000000.0,140118000000.0,53888000000.0,AMZN
2023-02-02,112.91000366210938,158154200,10189000000.0,-16893000000.0,140118000000.0,53888000000.0,AMZN
2023-02-03,103.38999938964844,144374800,10189000000.0,-16893000000.0,140118000000.0,53888000000.0,AMZN
2023-02-06,102.18000030517578,81945200,10189000000.0,-16893000000.0,140118000000.0,53888000000.0,AMZN
2023-02-07,102.11000061035156,119501300,10189000000.0,-16893000000.0,140118000000.0,53888000000.0,AMZN
2023-02-08,100.0500030517578,75878300,10189000000.0,-16893000000.0,140118000000.0,53888000000.0,AMZN
2023-02-09,98.23999786376952,64622500,10189000000.0,-16893000000.0,140118000000.0,53888000000.0,AMZN
2023-02-10,97.61000061035156,52740100,10189000000.0,-16893000000.0,140118000000.0,53888000000.0,AMZN
2023-02-13,99.54000091552734,52841500,10189000000.0,-16893000000.0,140118000000.0,53888000000.0,AMZN
2023-02-14,99.6999969482422,56202900,10189000000.0,-16893000000.0,140118000000.0,53888000000.0,AMZN
2023-02-15,101.16000366210938,47957600,10189000000.0,-16893000000.0,140118000000.0,53888000000.0,AMZN
2023-02-16,98.1500015258789,56339200,10189000000.0,-16893000000.0,140118000000.0,53888000000.0,AMZN
2023-02-17,97.1999969482422,60029400,10189000000.0,-16893000000.0,140118000000.0,53888000000.0,AMZN
2023-02-21,94.58000183105467,56580400,10189000000.0,-16893000000.0,140118000000.0,53888000000.0,AMZN
2023-02-22,95.79000091552734,59534100,10189000000.0,-16893000000.0,140118000000.0,53888000000.0,AMZN
2023-02-23,95.81999969482422,48467000,10189000000.0,-16893000000.0,140118000000.0,53888000000.0,AMZN
2023-02-24,93.5,57053800,10189000000.0,-16893000000.0,140118000000.0,53888000000.0,AMZN
2023-02-27,93.76000213623048,47470300,10189000000.0,-16893000000.0,140118000000.0,53888000000.0,AMZN
2023-02-28,94.2300033569336,43959300,10189000000.0,-16893000000.0,140118000000.0,53888000000.0,AMZN
2023-03-01,92.16999816894533,52299500,10189000000.0,-16893000000.0,140118000000.0,53888000000.0,AMZN
2023-03-02,92.12999725341795,55509400,10189000000.0,-16893000000.0,140118000000.0,53888000000.0,AMZN
2023-03-03,94.9000015258789,55759600,10189000000.0,-16893000000.0,140118000000.0,53888000000.0,AMZN
2023-03-06,93.75,52112400,10189000000.0,-16893000000.0,140118000000.0,53888000000.0,AMZN
2023-03-07,93.5500030517578,49100700,10189000000.0,-16893000000.0,140118000000.0,53888000000.0,AMZN
2023-03-08,93.91999816894533,44899100,10189000000.0,-16893000000.0,140118000000.0,53888000000.0,AMZN
2023-03-09,92.25,56218700,10189000000.0,-16893000000.0,140118000000.0,53888000000.0,AMZN
2023-03-10,90.7300033569336,69827500,10189000000.0,-16893000000.0,140118000000.0,53888000000.0,AMZN
2023-03-13,92.43000030517578,72397100,10189000000.0,-16893000000.0,140118000000.0,53888000000.0,AMZN
2023-03-14,94.87999725341795,60912700,10189000000.0,-16893000000.0,140118000000.0,53888000000.0,AMZN
2023-03-15,96.1999969482422,70731800,10189000000.0,-16893000000.0,140118000000.0,53888000000.0,AMZN
2023-03-16,100.04000091552734,84446900,10189000000.0,-16893000000.0,140118000000.0,53888000000.0,AMZN
2023-03-17,98.9499969482422,87300200,10189000000.0,-16893000000.0,140118000000.0,53888000000.0,AMZN
2023-03-20,97.70999908447266,62388900,10189000000.0,-16893000000.0,140118000000.0,53888000000.0,AMZN
2023-03-21,100.61000061035156,58597300,10189000000.0,-16893000000.0,140118000000.0,53888000000.0,AMZN
2023-03-22,98.6999969482422,57475400,10189000000.0,-16893000000.0,140118000000.0,53888000000.0,AMZN
2023-03-23,98.70999908447266,57559300,10189000000.0,-16893000000.0,140118000000.0,53888000000.0,AMZN
2023-03-24,98.12999725341795,56095400,10189000000.0,-16893000000.0,140118000000.0,53888000000.0,AMZN
2023-03-27,98.04000091552734,46721300,10189000000.0,-16893000000.0,140118000000.0,53888000000.0,AMZN
2023-03-28,97.23999786376952,38720100,10189000000.0,-16893000000.0,140118000000.0,53888000000.0,AMZN
2023-03-29,100.25,49783300,10189000000.0,-16893000000.0,140118000000.0,53888000000.0,AMZN
2023-03-30,102.0,53633400,10189000000.0,-16893000000.0,140118000000.0,53888000000.0,AMZN
2023-03-31,103.29000091552734,56750300,10189000000.0,-16893000000.0,140118000000.0,53888000000.0,AMZN
2023-04-03,102.41000366210938,41135700,10189000000.0,-16893000000.0,140118000000.0,53888000000.0,AMZN
2023-04-04,103.9499969482422,48662500,10189000000.0,-16893000000.0,140118000000.0,53888000000.0,AMZN
2023-04-05,101.0999984741211,45175400,10189000000.0,-16893000000.0,140118000000.0,53888000000.0,AMZN
2023-04-06,102.05999755859376,43808000,10189000000.0,-16893000000.0,140118000000.0,53888000000.0,AMZN
2023-04-10,102.16999816894533,37261200,10189000000.0,-16893000000.0,140118000000.0,53888000000.0,AMZN
2023-04-11,99.91999816894533,60417800,10189000000.0,-16893000000.0,140118000000.0,53888000000.0,AMZN
2023-04-12,97.83000183105467,56735000,10189000000.0,-16893000000.0,140118000000.0,53888000000.0,AMZN
2023-04-13,102.4000015258789,67925100,10189000000.0,-16893000000.0,140118000000.0,53888000000.0,AMZN
2023-04-14,102.51000213623048,51450500,10189000000.0,-16893000000.0,140118000000.0,53888000000.0,AMZN
2023-04-17,102.73999786376952,39919500,10189000000.0,-16893000000.0,140118000000.0,53888000000.0,AMZN
2023-04-18,102.3000030517578,39790500,10189000000.0,-16893000000.0,140118000000.0,53888000000.0,AMZN
2023-04-19,104.3000030517578,58398900,10189000000.0,-16893000000.0,140118000000.0,53888000000.0,AMZN
2023-04-20,103.80999755859376,57696900,10189000000.0,-16893000000.0,140118000000.0,53888000000.0,AMZN
2023-04-21,106.95999908447266,86774200,10189000000.0,-16893000000.0,140118000000.0,53888000000.0,AMZN
2023-04-24,106.20999908447266,69575600,10189000000.0,-16893000000.0,140118000000.0,53888000000.0,AMZN
2023-04-25,102.56999969482422,65026800,10189000000.0,-16893000000.0,140118000000.0,53888000000.0,AMZN
2023-04-26,104.9800033569336,73803800,10189000000.0,-16893000000.0,140118000000.0,53888000000.0,AMZN
2023-04-27,109.81999969482422,149961200,10189000000.0,-16893000000.0,140118000000.0,53888000000.0,AMZN
2023-04-28,105.4499969482422,130715900,10189000000.0,-16893000000.0,140118000000.0,53888000000.0,AMZN
2023-05-01,102.0500030517578,74728100,10189000000.0,-16893000000.0,140118000000.0,53888000000.0,AMZN
2023-05-02,103.62999725341795,73469400,10189000000.0,-16893000000.0,140118000000.0,53888000000.0,AMZN
2023-05-03,103.6500015258789,65051900,10189000000.0,-16893000000.0,140118000000.0,53888000000.0,AMZN
2023-05-04,104.0,45345500,10189000000.0,-16893000000.0,140118000000.0,53888000000.0,AMZN
2023-05-05,105.66000366210938,56951700,10189000000.0,-16893000000.0,140118000000.0,53888000000.0,AMZN
2023-05-08,105.83000183105467,49430900,10189000000.0,-16893000000.0,140118000000.0,53888000000.0,AMZN
2023-05-09,106.62000274658205,44089400,10189000000.0,-16893000000.0,140118000000.0,53888000000.0,AMZN
2023-05-10,110.19000244140624,78627600,10189000000.0,-16893000000.0,140118000000.0,53888000000.0,AMZN
2023-05-11,112.18000030517578,74924800,10189000000.0,-16893000000.0,140118000000.0,53888000000.0,AMZN
2023-05-12,110.26000213623048,49852700,10189000000.0,-16893000000.0,140118000000.0,53888000000.0,AMZN
2023-05-15,111.1999969482422,53011100,10189000000.0,-16893000000.0,140118000000.0,53888000000.0,AMZN
2023-05-16,113.4000015258789,71472900,10189000000.0,-16893000000.0,140118000000.0,53888000000.0,AMZN
2023-05-17,115.5,65655200,10189000000.0,-16893000000.0,140118000000.0,53888000000.0,AMZN
2023-05-18,118.1500015258789,73174100,10189000000.0,-16893000000.0,140118000000.0,53888000000.0,AMZN
2023-05-19,116.25,55056300,10189000000.0,-16893000000.0,140118000000.0,53888000000.0,AMZN
2023-05-22,115.01000213623048,70741100,10189000000.0,-16893000000.0,140118000000.0,53888000000.0,AMZN
2023-05-23,114.98999786376952,67576300,10189000000.0,-16893000000.0,140118000000.0,53888000000.0,AMZN
2023-05-24,116.75,63487900,10189000000.0,-16893000000.0,140118000000.0,53888000000.0,AMZN
2023-05-25,115.0,66496700,10189000000.0,-16893000000.0,140118000000.0,53888000000.0,AMZN
2023-05-26,120.11000061035156,96779900,10189000000.0,-16893000000.0,140118000000.0,53888000000.0,AMZN
2023-05-30,121.66000366210938,64314800,10189000000.0,-16893000000.0,140118000000.0,53888000000.0,AMZN
2023-05-31,120.58000183105467,72800800,10189000000.0,-16893000000.0,140118000000.0,53888000000.0,AMZN
2023-06-01,122.7699966430664,54375100,10189000000.0,-16893000000.0,140118000000.0,53888000000.0,AMZN
2023-06-02,124.25,61264400,10189000000.0,-16893000000.0,140118000000.0,53888000000.0,AMZN
2023-06-05,125.3000030517578,47950100,10189000000.0,-16893000000.0,140118000000.0,53888000000.0,AMZN
2023-06-06,126.61000061035156,45695200,10189000000.0,-16893000000.0,140118000000.0,53888000000.0,AMZN
2023-06-07,121.2300033569336,95663300,10189000000.0,-16893000000.0,140118000000.0,53888000000.0,AMZN
2023-06-08,124.25,62159300,10189000000.0,-16893000000.0,140118000000.0,53888000000.0,AMZN
2023-06-09,123.43000030517578,51396000,10189000000.0,-16893000000.0,140118000000.0,53888000000.0,AMZN
2023-06-12,126.56999969482422,51338000,10189000000.0,-16893000000.0,140118000000.0,53888000000.0,AMZN
2023-06-13,126.66000366210938,50564800,10189000000.0,-16893000000.0,140118000000.0,53888000000.0,AMZN
2023-06-14,126.41999816894533,52422500,10189000000.0,-16893000000.0,140118000000.0,53888000000.0,AMZN
2023-06-15,127.11000061035156,60458500,10189000000.0,-16893000000.0,140118000000.0,53888000000.0,AMZN
2023-06-16,125.48999786376952,84247100,10189000000.0,-16893000000.0,140118000000.0,53888000000.0,AMZN
2023-06-20,125.77999877929688,56930100,10189000000.0,-16893000000.0,140118000000.0,53888000000.0,AMZN
2023-06-21,124.83000183105467,52137700,10189000000.0,-16893000000.0,140118000000.0,53888000000.0,AMZN
2023-06-22,130.14999389648438,90354600,10189000000.0,-16893000000.0,140118000000.0,53888000000.0,AMZN
2023-06-23,129.3300018310547,71927800,10189000000.0,-16893000000.0,140118000000.0,53888000000.0,AMZN
2023-06-26,127.33000183105467,59989300,10189000000.0,-16893000000.0,140118000000.0,53888000000.0,AMZN
2023-06-27,129.17999267578125,46801000,10189000000.0,-16893000000.0,140118000000.0,53888000000.0,AMZN
2023-06-28,129.0399932861328,52149500,10189000000.0,-16893000000.0,140118000000.0,53888000000.0,AMZN
2023-06-29,127.9000015258789,40761000,10189000000.0,-16893000000.0,140118000000.0,53888000000.0,AMZN
2023-06-30,130.36000061035156,54350700,10189000000.0,-16893000000.0,140118000000.0,53888000000.0,AMZN
2023-07-03,130.22000122070312,28264800,10189000000.0,-16893000000.0,140118000000.0,53888000000.0,AMZN
2023-07-05,130.3800048828125,35895400,10189000000.0,-16893000000.0,140118000000.0,53888000000.0,AMZN
2023-07-06,128.36000061035156,40639900,10189000000.0,-16893000000.0,140118000000.0,53888000000.0,AMZN
2023-07-07,129.77999877929688,41992300,10189000000.0,-16893000000.0,140118000000.0,53888000000.0,AMZN
2023-07-10,127.12999725341795,61889300,10189000000.0,-16893000000.0,140118000000.0,53888000000.0,AMZN
2023-07-11,128.77999877929688,49951500,10189000000.0,-16893000000.0,140118000000.0,53888000000.0,AMZN
2023-07-12,130.8000030517578,54022800,10189000000.0,-16893000000.0,140118000000.0,53888000000.0,AMZN
2023-07-13,134.3000030517578,61170900,10189000000.0,-16893000000.0,140118000000.0,53888000000.0,AMZN
2023-07-14,134.67999267578125,54487100,10189000000.0,-16893000000.0,140118000000.0,53888000000.0,AMZN
2023-07-17,133.55999755859375,48450200,10189000000.0,-16893000000.0,140118000000.0,53888000000.0,AMZN
2023-07-18,132.8300018310547,54882900,10189000000.0,-16893000000.0,140118000000.0,53888000000.0,AMZN
2023-07-19,135.36000061035156,54531000,10189000000.0,-16893000000.0,140118000000.0,53888000000.0,AMZN
2023-07-20,129.9600067138672,59820600,10189000000.0,-16893000000.0,140118000000.0,53888000000.0,AMZN
2023-07-21,130.0,133307300,10189000000.0,-16893000000.0,140118000000.0,53888000000.0,AMZN
2023-07-24,128.8000030517578,45591100,10189000000.0,-16893000000.0,140118000000.0,53888000000.0,AMZN
2023-07-25,129.1300048828125,39236700,10189000000.0,-16893000000.0,140118000000.0,53888000000.0,AMZN
2023-07-26,128.14999389648438,53910100,10189000000.0,-16893000000.0,140118000000.0,53888000000.0,AMZN
2023-07-27,128.25,52610700,10189000000.0,-16893000000.0,140118000000.0,53888000000.0,AMZN
2023-07-28,132.2100067138672,46317400,10189000000.0,-16893000000.0,140118000000.0,53888000000.0,AMZN
2023-07-31,133.67999267578125,41901500,10189000000.0,-16893000000.0,140118000000.0,53888000000.0,AMZN
2023-08-01,131.69000244140625,42098500,10189000000.0,-16893000000.0,140118000000.0,53888000000.0,AMZN
2023-08-02,128.2100067138672,51027600,10189000000.0,-16893000000.0,140118000000.0,53888000000.0,AMZN
2023-08-03,128.91000366210938,88585200,10189000000.0,-16893000000.0,140118000000.0,53888000000.0,AMZN
2023-08-04,139.57000732421875,153128500,10189000000.0,-16893000000.0,140118000000.0,53888000000.0,AMZN
2023-08-07,142.22000122070312,71213100,10189000000.0,-16893000000.0,140118000000.0,53888000000.0,AMZN
2023-08-08,139.94000244140625,51710500,10189000000.0,-16893000000.0,140118000000.0,53888000000.0,AMZN
2023-08-09,137.85000610351562,50017300,10189000000.0,-16893000000.0,140118000000.0,53888000000.0,AMZN
2023-08-10,138.55999755859375,58928400,10189000000.0,-16893000000.0,140118000000.0,53888000000.0,AMZN
2023-08-11,138.41000366210938,42905800,10189000000.0,-16893000000.0,140118000000.0,53888000000.0,AMZN
2023-08-14,140.57000732421875,47148700,10189000000.0,-16893000000.0,140118000000.0,53888000000.0,AMZN
2023-08-15,137.6699981689453,42781500,10189000000.0,-16893000000.0,140118000000.0,53888000000.0,AMZN
2023-08-16,135.07000732421875,41675900,10189000000.0,-16893000000.0,140118000000.0,53888000000.0,AMZN
2023-08-17,133.97999572753906,48354100,10189000000.0,-16893000000.0,140118000000.0,53888000000.0,AMZN
2023-08-18,133.22000122070312,48497700,10189000000.0,-16893000000.0,140118000000.0,53888000000.0,AMZN
2023-08-21,134.67999267578125,41442500,10189000000.0,-16893000000.0,140118000000.0,53888000000.0,AMZN
2023-08-22,134.25,32905400,10189000000.0,-16893000000.0,140118000000.0,53888000000.0,AMZN
2023-08-23,135.52000427246094,42801000,10189000000.0,-16893000000.0,140118000000.0,53888000000.0,AMZN
2023-08-24,131.83999633789062,43646300,10189000000.0,-16893000000.0,140118000000.0,53888000000.0,AMZN
2023-08-25,133.25999450683594,44147500,10189000000.0,-16893000000.0,140118000000.0,53888000000.0,AMZN
2023-08-28,133.13999938964844,34108400,10189000000.0,-16893000000.0,140118000000.0,53888000000.0,AMZN
2023-08-29,134.91000366210938,38646100,10189000000.0,-16893000000.0,140118000000.0,53888000000.0,AMZN
2023-08-30,135.07000732421875,36137000,10189000000.0,-16893000000.0,140118000000.0,53888000000.0,AMZN
2023-08-31,138.00999450683594,58781300,10189000000.0,-16893000000.0,140118000000.0,53888000000.0,AMZN
2023-09-01,138.1199951171875,40991500,10189000000.0,-16893000000.0,140118000000.0,53888000000.0,AMZN
2023-09-05,137.27000427246094,40636700,10189000000.0,-16893000000.0,140118000000.0,53888000000.0,AMZN
2023-09-06,135.36000061035156,41785500,10189000000.0,-16893000000.0,140118000000.0,53888000000.0,AMZN
2023-09-07,137.85000610351562,48498900,10189000000.0,-16893000000.0,140118000000.0,53888000000.0,AMZN
2023-09-08,138.22999572753906,38348200,10189000000.0,-16893000000.0,140118000000.0,53888000000.0,AMZN
2023-09-11,143.10000610351562,56764500,10189000000.0,-16893000000.0,140118000000.0,53888000000.0,AMZN
2023-09-12,141.22999572753906,42668500,10189000000.0,-16893000000.0,140118000000.0,53888000000.0,AMZN
2023-09-13,144.85000610351562,60465200,10189000000.0,-16893000000.0,140118000000.0,53888000000.0,AMZN
2023-09-14,144.72000122070312,64033600,10189000000.0,-16893000000.0,140118000000.0,53888000000.0,AMZN
2023-09-15,140.38999938964844,102909300,10189000000.0,-16893000000.0,140118000000.0,53888000000.0,AMZN
2023-09-18,139.97999572753906,42823500,10189000000.0,-16893000000.0,140118000000.0,53888000000.0,AMZN
2023-09-19,137.6300048828125,61482500,10189000000.0,-16893000000.0,140118000000.0,53888000000.0,AMZN
2023-09-20,135.2899932861328,46263700,10189000000.0,-16893000000.0,140118000000.0,53888000000.0,AMZN
2023-09-21,129.3300018310547,70343300,10189000000.0,-16893000000.0,140118000000.0,53888000000.0,AMZN
2023-09-22,129.1199951171875,59904300,10189000000.0,-16893000000.0,140118000000.0,53888000000.0,AMZN
2023-09-25,131.27000427246094,46017800,10189000000.0,-16893000000.0,140118000000.0,53888000000.0,AMZN
2023-09-26,125.9800033569336,73048200,10189000000.0,-16893000000.0,140118000000.0,53888000000.0,AMZN
2023-09-27,125.9800033569336,66553400,10189000000.0,-16893000000.0,140118000000.0,53888000000.0,AMZN
2023-09-28,125.9800033569336,54555000,10189000000.0,-16893000000.0,140118000000.0,53888000000.0,AMZN
2023-09-29,127.12000274658205,62411700,10189000000.0,-16893000000.0,140118000000.0,53888000000.0,AMZN
2023-10-02,129.4600067138672,48029700,10189000000.0,-16893000000.0,140118000000.0,53888000000.0,AMZN
2023-10-03,124.72000122070312,51565000,10189000000.0,-16893000000.0,140118000000.0,53888000000.0,AMZN
2023-10-04,127.0,44203900,10189000000.0,-16893000000.0,140118000000.0,53888000000.0,AMZN
2023-10-05,125.95999908447266,39660600,10189000000.0,-16893000000.0,140118000000.0,53888000000.0,AMZN
2023-10-06,127.95999908447266,46836700,10189000000.0,-16893000000.0,140118000000.0,53888000000.0,AMZN
2023-10-09,128.25999450683594,38773700,10189000000.0,-16893000000.0,140118000000.0,53888000000.0,AMZN
2023-10-10,129.47999572753906,42178600,10189000000.0,-16893000000.0,140118000000.0,53888000000.0,AMZN
2023-10-11,131.8300018310547,40741800,10189000000.0,-16893000000.0,140118000000.0,53888000000.0,AMZN
2023-10-12,132.3300018310547,55528600,10189000000.0,-16893000000.0,140118000000.0,53888000000.0,AMZN
2023-10-13,129.7899932861328,45786600,10189000000.0,-16893000000.0,140118000000.0,53888000000.0,AMZN
2023-10-16,132.5500030517578,42832900,10189000000.0,-16893000000.0,140118000000.0,53888000000.0,AMZN
2023-10-17,131.47000122070312,49344600,10189000000.0,-16893000000.0,140118000000.0,53888000000.0,AMZN
2023-10-18,128.1300048828125,42699500,10189000000.0,-16893000000.0,140118000000.0,53888000000.0,AMZN
2023-10-19,128.39999389648438,60961400,10189000000.0,-16893000000.0,140118000000.0,53888000000.0,AMZN
2023-10-20,125.16999816894533,56406400,10189000000.0,-16893000000.0,140118000000.0,53888000000.0,AMZN
2023-10-23,126.55999755859376,48260000,10189000000.0,-16893000000.0,140118000000.0,53888000000.0,AMZN
2023-10-24,128.55999755859375,46477400,10189000000.0,-16893000000.0,140118000000.0,53888000000.0,AMZN
2023-10-25,121.38999938964844,74577500,10189000000.0,-16893000000.0,140118000000.0,53888000000.0,AMZN
2023-10-26,119.56999969482422,100419500,10189000000.0,-16893000000.0,140118000000.0,53888000000.0,AMZN
2023-10-27,127.73999786376952,125309300,10189000000.0,-16893000000.0,140118000000.0,53888000000.0,AMZN
2023-10-30,132.7100067138672,72485500,10189000000.0,-16893000000.0,140118000000.0,53888000000.0,AMZN
2023-10-31,133.08999633789062,51589400,10189000000.0,-16893000000.0,140118000000.0,53888000000.0,AMZN
2023-11-01,137.0,61529400,10189000000.0,-16893000000.0,140118000000.0,53888000000.0,AMZN
2023-11-02,138.07000732421875,52236700,10189000000.0,-16893000000.0,140118000000.0,53888000000.0,AMZN
2023-11-03,138.60000610351562,44059800,10189000000.0,-16893000000.0,140118000000.0,53888000000.0,AMZN
2023-11-06,139.74000549316406,44970400,10189000000.0,-16893000000.0,140118000000.0,53888000000.0,AMZN
2023-11-07,142.7100067138672,53553500,10189000000.0,-16893000000.0,140118000000.0,53888000000.0,AMZN
2023-11-08,142.0800018310547,44521700,10189000000.0,-16893000000.0,140118000000.0,53888000000.0,AMZN
2023-11-09,140.60000610351562,36235400,10189000000.0,-16893000000.0,140118000000.0,53888000000.0,AMZN
2023-11-10,143.55999755859375,49287800,10189000000.0,-16893000000.0,140118000000.0,53888000000.0,AMZN
2023-11-13,142.58999633789062,35680600,10189000000.0,-16893000000.0,140118000000.0,53888000000.0,AMZN
2023-11-14,145.8000030517578,56674600,10189000000.0,-16893000000.0,140118000000.0,53888000000.0,AMZN
2023-11-15,143.1999969482422,63875700,10189000000.0,-16893000000.0,140118000000.0,53888000000.0,AMZN
2023-11-16,142.8300018310547,49653500,10189000000.0,-16893000000.0,140118000000.0,53888000000.0,AMZN
2023-11-17,145.17999267578125,49636700,10189000000.0,-16893000000.0,140118000000.0,53888000000.0,AMZN
2023-11-20,146.1300048828125,41951200,10189000000.0,-16893000000.0,140118000000.0,53888000000.0,AMZN
2023-11-21,143.89999389648438,71226000,10189000000.0,-16893000000.0,140118000000.0,53888000000.0,AMZN
2023-11-22,146.7100067138672,45669100,10189000000.0,-16893000000.0,140118000000.0,53888000000.0,AMZN
2023-11-24,146.74000549316406,22378400,10189000000.0,-16893000000.0,140118000000.0,53888000000.0,AMZN
2023-11-27,147.72999572753906,53762400,10189000000.0,-16893000000.0,140118000000.0,53888000000.0,AMZN
2023-11-28,147.02999877929688,42711700,10189000000.0,-16893000000.0,140118000000.0,53888000000.0,AMZN
2023-11-29,146.32000732421875,40610900,10189000000.0,-16893000000.0,140118000000.0,53888000000.0,AMZN
2023-11-30,146.08999633789062,65814000,10189000000.0,-16893000000.0,140118000000.0,53888000000.0,AMZN
2023-12-01,147.02999877929688,39951800,10189000000.0,-16893000000.0,140118000000.0,53888000000.0,AMZN
2023-12-04,144.83999633789062,48294200,10189000000.0,-16893000000.0,140118000000.0,53888000000.0,AMZN
2023-12-05,146.8800048828125,46822400,10189000000.0,-16893000000.0,140118000000.0,53888000000.0,AMZN
2023-12-06,144.52000427246094,39679000,10189000000.0,-16893000000.0,140118000000.0,53888000000.0,AMZN
2023-12-07,146.8800048828125,52352800,10189000000.0,-16893000000.0,140118000000.0,53888000000.0,AMZN
2023-12-08,147.4199981689453,41906000,10189000000.0,-16893000000.0,140118000000.0,53888000000.0,AMZN
2023-12-11,145.88999938964844,50907300,10189000000.0,-16893000000.0,140118000000.0,53888000000.0,AMZN
2023-12-12,147.47999572753906,44944300,10189000000.0,-16893000000.0,140118000000.0,53888000000.0,AMZN
2023-12-13,148.83999633789062,52766200,10189000000.0,-16893000000.0,140118000000.0,53888000000.0,AMZN
2023-12-14,147.4199981689453,58400800,10189000000.0,-16893000000.0,140118000000.0,53888000000.0,AMZN
2023-12-15,149.97000122070312,110089300,10189000000.0,-16893000000.0,140118000000.0,53888000000.0,AMZN
2023-12-18,154.07000732421875,62512800,10189000000.0,-16893000000.0,140118000000.0,53888000000.0,AMZN
2023-12-19,153.7899932861328,43171300,10189000000.0,-16893000000.0,140118000000.0,53888000000.0,AMZN
2023-12-20,152.1199951171875,50322100,10189000000.0,-16893000000.0,140118000000.0,53888000000.0,AMZN
2023-12-21,153.83999633789062,36305700,10189000000.0,-16893000000.0,140118000000.0,53888000000.0,AMZN
2023-12-22,153.4199981689453,29514100,10189000000.0,-16893000000.0,140118000000.0,53888000000.0,AMZN
2023-12-26,153.41000366210938,25067200,10189000000.0,-16893000000.0,140118000000.0,53888000000.0,AMZN
2023-12-27,153.33999633789062,31434700,10189000000.0,-16893000000.0,140118000000.0,53888000000.0,AMZN
2023-12-28,153.3800048828125,27057000,10189000000.0,-16893000000.0,140118000000.0,53888000000.0,AMZN
2023-12-29,151.94000244140625,39823200,10189000000.0,-16893000000.0,140118000000.0,53888000000.0,AMZN
2024-01-02,149.92999267578125,47339400,10304000000.0,32217000000.0,135611000000.0,73387000000.0,AMZN
2024-01-03,148.47000122070312,49425500,10304000000.0,32217000000.0,135611000000.0,73387000000.0,AMZN
2024-01-04,144.57000732421875,56039800,10304000000.0,32217000000.0,135611000000.0,73387000000.0,AMZN
2024-01-05,145.24000549316406,45153100,10304000000.0,32217000000.0,135611000000.0,73387000000.0,AMZN
2024-01-08,149.10000610351562,46757100,10304000000.0,32217000000.0,135611000000.0,73387000000.0,AMZN
2024-01-09,151.3699951171875,43812600,10304000000.0,32217000000.0,135611000000.0,73387000000.0,AMZN
2024-01-10,153.72999572753906,44421800,10304000000.0,32217000000.0,135611000000.0,73387000000.0,AMZN
2024-01-11,155.17999267578125,49072700,10304000000.0,32217000000.0,135611000000.0,73387000000.0,AMZN
2024-01-12,154.6199951171875,40484200,10304000000.0,32217000000.0,135611000000.0,73387000000.0,AMZN
2024-01-16,153.16000366210938,41384600,10304000000.0,32217000000.0,135611000000.0,73387000000.0,AMZN
2024-01-17,151.7100067138672,34953400,10304000000.0,32217000000.0,135611000000.0,73387000000.0,AMZN
2024-01-18,153.5,37850200,10304000000.0,32217000000.0,135611000000.0,73387000000.0,AMZN
2024-01-19,155.33999633789062,51651600,10304000000.0,32217000000.0,135611000000.0,73387000000.0,AMZN
2024-01-22,154.77999877929688,43687500,10304000000.0,32217000000.0,135611000000.0,73387000000.0,AMZN
2024-01-23,156.02000427246094,37986000,10304000000.0,32217000000.0,135611000000.0,73387000000.0,AMZN
2024-01-24,156.8699951171875,48547300,10304000000.0,32217000000.0,135611000000.0,73387000000.0,AMZN
2024-01-25,157.75,43638600,10304000000.0,32217000000.0,135611000000.0,73387000000.0,AMZN
2024-01-26,159.1199951171875,51047400,10304000000.0,32217000000.0,135611000000.0,73387000000.0,AMZN
2024-01-29,161.25999450683594,45270400,10304000000.0,32217000000.0,135611000000.0,73387000000.0,AMZN
2024-01-30,159.0,45207400,10304000000.0,32217000000.0,135611000000.0,73387000000.0,AMZN
2024-01-31,155.1999969482422,50284400,10304000000.0,32217000000.0,135611000000.0,73387000000.0,AMZN
2024-02-01,159.27999877929688,76542400,10304000000.0,32217000000.0,135611000000.0,73387000000.0,AMZN
2024-02-02,171.80999755859375,117218300,10304000000.0,32217000000.0,135611000000.0,73387000000.0,AMZN
2024-02-05,170.30999755859375,55081300,10304000000.0,32217000000.0,135611000000.0,73387000000.0,AMZN
2024-02-06,169.14999389648438,42505500,10304000000.0,32217000000.0,135611000000.0,73387000000.0,AMZN
2024-02-07,170.52999877929688,47174100,10304000000.0,32217000000.0,135611000000.0,73387000000.0,AMZN
2024-02-08,169.83999633789062,42316500,10304000000.0,32217000000.0,135611000000.0,73387000000.0,AMZN
2024-02-09,174.4499969482422,56986000,10304000000.0,32217000000.0,135611000000.0,73387000000.0,AMZN
2024-02-12,172.33999633789062,51050400,10304000000.0,32217000000.0,135611000000.0,73387000000.0,AMZN
2024-02-13,168.63999938964844,56345100,10304000000.0,32217000000.0,135611000000.0,73387000000.0,AMZN
2024-02-14,170.97999572753906,42815500,10304000000.0,32217000000.0,135611000000.0,73387000000.0,AMZN
2024-02-15,169.8000030517578,49855200,10304000000.0,32217000000.0,135611000000.0,73387000000.0,AMZN
2024-02-16,169.50999450683594,48107700,10304000000.0,32217000000.0,135611000000.0,73387000000.0,AMZN
2024-02-20,167.0800018310547,41980300,10304000000.0,32217000000.0,135611000000.0,73387000000.0,AMZN
2024-02-21,168.58999633789062,44420100,10304000000.0,32217000000.0,135611000000.0,73387000000.0,AMZN
2024-02-22,174.5800018310547,55392400,10304000000.0,32217000000.0,135611000000.0,73387000000.0,AMZN
2024-02-23,174.99000549316406,59715200,10304000000.0,32217000000.0,135611000000.0,73387000000.0,AMZN
2024-02-26,174.72999572753906,44368600,10304000000.0,32217000000.0,135611000000.0,73387000000.0,AMZN
2024-02-27,173.5399932861328,31141700,10304000000.0,32217000000.0,135611000000.0,73387000000.0,AMZN
2024-02-28,173.16000366210938,28180500,10304000000.0,32217000000.0,135611000000.0,73387000000.0,AMZN
2024-02-29,176.75999450683594,53805400,10304000000.0,32217000000.0,135611000000.0,73387000000.0,AMZN
2024-03-01,178.22000122070312,31981200,10304000000.0,32217000000.0,135611000000.0,73387000000.0,AMZN
2024-03-04,177.5800018310547,37381500,10304000000.0,32217000000.0,135611000000.0,73387000000.0,AMZN
2024-03-05,174.1199951171875,37228300,10304000000.0,32217000000.0,135611000000.0,73387000000.0,AMZN
2024-03-06,173.50999450683594,32090900,10304000000.0,32217000000.0,135611000000.0,73387000000.0,AMZN
2024-03-07,176.82000732421875,34063300,10304000000.0,32217000000.0,135611000000.0,73387000000.0,AMZN
2024-03-08,175.35000610351562,37893200,10304000000.0,32217000000.0,135611000000.0,73387000000.0,AMZN
2024-03-11,171.9600067138672,28484800,10304000000.0,32217000000.0,135611000000.0,73387000000.0,AMZN
2024-03-12,175.38999938964844,36610600,10304000000.0,32217000000.0,135611000000.0,73387000000.0,AMZN
2024-03-13,176.55999755859375,30772600,10304000000.0,32217000000.0,135611000000.0,73387000000.0,AMZN
2024-03-14,178.75,43705800,10304000000.0,32217000000.0,135611000000.0,73387000000.0,AMZN
2024-03-15,174.4199981689453,72147400,10304000000.0,32217000000.0,135611000000.0,73387000000.0,AMZN
2024-03-18,174.47999572753906,31250700,10304000000.0,32217000000.0,135611000000.0,73387000000.0,AMZN
2024-03-19,175.89999389648438,26880900,10304000000.0,32217000000.0,135611000000.0,73387000000.0,AMZN
2024-03-20,178.14999389648438,29947200,10304000000.0,32217000000.0,135611000000.0,73387000000.0,AMZN
2024-03-21,178.14999389648438,32824300,10304000000.0,32217000000.0,135611000000.0,73387000000.0,AMZN
2024-03-22,178.8699951171875,27995400,10304000000.0,32217000000.0,135611000000.0,73387000000.0,AMZN
2024-03-25,179.7100067138672,29815500,10304000000.0,32217000000.0,135611000000.0,73387000000.0,AMZN
2024-03-26,178.3000030517578,29659000,10304000000.0,32217000000.0,135611000000.0,73387000000.0,AMZN
2024-03-27,179.8300018310547,33272600,10304000000.0,32217000000.0,135611000000.0,73387000000.0,AMZN
2024-03-28,180.3800048828125,38051600,10304000000.0,32217000000.0,135611000000.0,73387000000.0,AMZN
2024-04-01,180.97000122070312,29174500,10304000000.0,32217000000.0,135611000000.0,73387000000.0,AMZN
2024-04-02,180.69000244140625,32611500,10304000000.0,32217000000.0,135611000000.0,73387000000.0,AMZN
2024-04-03,182.41000366210935,31046600,10304000000.0,32217000000.0,135611000000.0,73387000000.0,AMZN
2024-04-04,180.0,41624300,10304000000.0,32217000000.0,135611000000.0,73387000000.0,AMZN
2024-04-05,185.07000732421875,42374000,10304000000.0,32217000000.0,135611000000.0,73387000000.0,AMZN
2024-04-08,185.19000244140625,39221300,10304000000.0,32217000000.0,135611000000.0,73387000000.0,AMZN
2024-04-09,185.6699981689453,36520100,10304000000.0,32217000000.0,135611000000.0,73387000000.0,AMZN
2024-04-10,185.9499969482422,35879200,10304000000.0,32217000000.0,135611000000.0,73387000000.0,AMZN
2024-04-11,189.0500030517578,40020700,10304000000.0,32217000000.0,135611000000.0,73387000000.0,AMZN
2024-04-12,186.1300048828125,38608800,10304000000.0,32217000000.0,135611000000.0,73387000000.0,AMZN
2024-04-15,183.6199951171875,48052400,10304000000.0,32217000000.0,135611000000.0,73387000000.0,AMZN
2024-04-16,183.32000732421875,32891300,10304000000.0,32217000000.0,135611000000.0,73387000000.0,AMZN
2024-04-17,181.27999877929688,31359700,10304000000.0,32217000000.0,135611000000.0,73387000000.0,AMZN
2024-04-18,179.22000122070312,30723800,10304000000.0,32217000000.0,135611000000.0,73387000000.0,AMZN
2024-04-19,174.6300048828125,56000700,10304000000.0,32217000000.0,135611000000.0,73387000000.0,AMZN
2024-04-22,177.22999572753906,37924900,10304000000.0,32217000000.0,135611000000.0,73387000000.0,AMZN
2024-04-23,179.5399932861328,37046500,10304000000.0,32217000000.0,135611000000.0,73387000000.0,AMZN
2024-04-24,176.58999633789062,34185100,10304000000.0,32217000000.0,135611000000.0,73387000000.0,AMZN
2024-04-25,173.6699981689453,49249400,10304000000.0,32217000000.0,135611000000.0,73387000000.0,AMZN
2024-04-26,179.6199951171875,43919800,10304000000.0,32217000000.0,135611000000.0,73387000000.0,AMZN
2024-04-29,180.9600067138672,54063900,10304000000.0,32217000000.0,135611000000.0,73387000000.0,AMZN
2024-04-30,175.0,94639800,10304000000.0,32217000000.0,135611000000.0,73387000000.0,AMZN
2024-05-01,179.0,94645100,10304000000.0,32217000000.0,135611000000.0,73387000000.0,AMZN
2024-05-02,184.72000122070312,54303500,10304000000.0,32217000000.0,135611000000.0,73387000000.0,AMZN
2024-05-03,186.2100067138672,39172000,10304000000.0,32217000000.0,135611000000.0,73387000000.0,AMZN
2024-05-06,188.6999969482422,34725300,10304000000.0,32217000000.0,135611000000.0,73387000000.0,AMZN
2024-05-07,188.7599945068359,34048900,10304000000.0,32217000000.0,135611000000.0,73387000000.0,AMZN
2024-05-08,188.0,26136400,10304000000.0,32217000000.0,135611000000.0,73387000000.0,AMZN
2024-05-09,189.5,43368400,10304000000.0,32217000000.0,135611000000.0,73387000000.0,AMZN
2024-05-10,187.47999572753903,34141800,10304000000.0,32217000000.0,135611000000.0,73387000000.0,AMZN
2024-05-13,186.57000732421875,24898600,10304000000.0,32217000000.0,135611000000.0,73387000000.0,AMZN
2024-05-14,187.07000732421875,38698200,10304000000.0,32217000000.0,135611000000.0,73387000000.0,AMZN
2024-05-15,185.9900054931641,75459900,10304000000.0,32217000000.0,135611000000.0,73387000000.0,AMZN
2024-05-16,183.6300048828125,38834500,10304000000.0,32217000000.0,135611000000.0,73387000000.0,AMZN
2024-05-17,184.6999969482422,33175700,10304000000.0,32217000000.0,135611000000.0,73387000000.0,AMZN
2024-05-20,183.5399932861328,30511800,10304000000.0,32217000000.0,135611000000.0,73387000000.0,AMZN
2024-05-21,183.1499938964844,50839100,10304000000.0,32217000000.0,135611000000.0,73387000000.0,AMZN
2024-05-22,183.1300048828125,28148800,10304000000.0,32217000000.0,135611000000.0,73387000000.0,AMZN
2024-05-23,181.0500030517578,33670200,10304000000.0,32217000000.0,135611000000.0,73387000000.0,AMZN
2024-05-24,180.75,27471600,10304000000.0,32217000000.0,135611000000.0,73387000000.0,AMZN
2024-05-28,182.1499938964844,29927000,10304000000.0,32217000000.0,135611000000.0,73387000000.0,AMZN
2024-05-29,182.02000427246097,32009300,10304000000.0,32217000000.0,135611000000.0,73387000000.0,AMZN
2024-05-30,179.32000732421875,29184700,10304000000.0,32217000000.0,135611000000.0,73387000000.0,AMZN
2024-05-31,176.44000244140625,58903900,10304000000.0,32217000000.0,135611000000.0,73387000000.0,AMZN
2024-06-03,178.33999633789062,30786600,10304000000.0,32217000000.0,135611000000.0,73387000000.0,AMZN
2024-06-04,179.33999633789062,27198400,10304000000.0,32217000000.0,135611000000.0,73387000000.0,AMZN
2024-06-05,181.27999877929688,32116400,10304000000.0,32217000000.0,135611000000.0,73387000000.0,AMZN
2024-06-06,185.0,31371200,10304000000.0,32217000000.0,135611000000.0,73387000000.0,AMZN
2024-06-07,184.3000030517578,28021500,10304000000.0,32217000000.0,135611000000.0,73387000000.0,AMZN
2024-06-10,187.05999755859375,34445600,10304000000.0,32217000000.0,135611000000.0,73387000000.0,AMZN
2024-06-11,187.22999572753903,27265100,10304000000.0,32217000000.0,135611000000.0,73387000000.0,AMZN
2024-06-12,186.88999938964844,33984200,10304000000.0,32217000000.0,135611000000.0,73387000000.0,AMZN
2024-06-13,183.8300018310547,39721500,10304000000.0,32217000000.0,135611000000.0,73387000000.0,AMZN
2024-06-14,183.66000366210935,25456400,10304000000.0,32217000000.0,135611000000.0,73387000000.0,AMZN
2024-06-17,184.05999755859375,35601900,10304000000.0,32217000000.0,135611000000.0,73387000000.0,AMZN
2024-06-18,182.80999755859375,36659200,10304000000.0,32217000000.0,135611000000.0,73387000000.0,AMZN
2024-06-20,186.1000061035156,44726800,10304000000.0,32217000000.0,135611000000.0,73387000000.0,AMZN
2024-06-21,189.0800018310547,70792500,10304000000.0,32217000000.0,135611000000.0,73387000000.0,AMZN
2024-06-24,185.57000732421875,50610400,10304000000.0,32217000000.0,135611000000.0,73387000000.0,AMZN
2024-06-25,186.33999633789065,45366400,10304000000.0,32217000000.0,135611000000.0,73387000000.0,AMZN
2024-06-26,193.61000061035156,65103900,10304000000.0,32217000000.0,135611000000.0,73387000000.0,AMZN
2024-06-27,197.8500061035156,74397500,10304000000.0,32217000000.0,135611000000.0,73387000000.0,AMZN
2024-06-28,193.25,76930200,10304000000.0,32217000000.0,135611000000.0,73387000000.0,AMZN
2024-07-01,197.1999969482422,41192000,10304000000.0,32217000000.0,135611000000.0,73387000000.0,AMZN
2024-07-02,200.0,45600000,10304000000.0,32217000000.0,135611000000.0,73387000000.0,AMZN
2024-07-03,197.58999633789065,31597900,10304000000.0,32217000000.0,135611000000.0,73387000000.0,AMZN
2024-07-05,200.0,39858900,10304000000.0,32217000000.0,135611000000.0,73387000000.0,AMZN
2024-07-08,199.2899932861328,34767300,10304000000.0,32217000000.0,135611000000.0,73387000000.0,AMZN
2024-07-09,199.33999633789065,32700100,10304000000.0,32217000000.0,135611000000.0,73387000000.0,AMZN
2024-07-10,199.7899932861328,32883800,10304000000.0,32217000000.0,135611000000.0,73387000000.0,AMZN
2024-07-11,195.0500030517578,44565000,10304000000.0,32217000000.0,135611000000.0,73387000000.0,AMZN
2024-07-12,194.4900054931641,30598500,10304000000.0,32217000000.0,135611000000.0,73387000000.0,AMZN
2024-07-15,192.72000122070312,40683200,10304000000.0,32217000000.0,135611000000.0,73387000000.0,AMZN
2024-07-16,193.02000427246097,33994700,10304000000.0,32217000000.0,135611000000.0,73387000000.0,AMZN
2024-07-17,187.92999267578125,48076100,10304000000.0,32217000000.0,135611000000.0,73387000000.0,AMZN
2024-07-18,183.75,51043600,10304000000.0,32217000000.0,135611000000.0,73387000000.0,AMZN
2024-07-19,183.1300048828125,43081800,10304000000.0,32217000000.0,135611000000.0,73387000000.0,AMZN
2024-07-22,182.5500030517578,39931900,10304000000.0,32217000000.0,135611000000.0,73387000000.0,AMZN
2024-07-23,186.41000366210935,47537700,10304000000.0,32217000000.0,135611000000.0,73387000000.0,AMZN
2024-07-24,180.8300018310547,41532400,10304000000.0,32217000000.0,135611000000.0,73387000000.0,AMZN
2024-07-25,179.85000610351562,44464200,10304000000.0,32217000000.0,135611000000.0,73387000000.0,AMZN
2024-07-26,182.5,29506000,10304000000.0,32217000000.0,135611000000.0,73387000000.0,AMZN
2024-07-29,183.1999969482422,33270100,10304000000.0,32217000000.0,135611000000.0,73387000000.0,AMZN
2024-07-30,181.7100067138672,39508600,10304000000.0,32217000000.0,135611000000.0,73387000000.0,AMZN
2024-07-31,186.97999572753903,41667300,10304000000.0,32217000000.0,135611000000.0,73387000000.0,AMZN
2024-08-01,184.07000732421875,70435600,10304000000.0,32217000000.0,135611000000.0,73387000000.0,AMZN
2024-08-02,167.89999389648438,141448400,10304000000.0,32217000000.0,135611000000.0,73387000000.0,AMZN
2024-08-05,161.02000427246094,83149400,10304000000.0,32217000000.0,135611000000.0,73387000000.0,AMZN
2024-08-06,161.92999267578125,59950800,10304000000.0,32217000000.0,135611000000.0,73387000000.0,AMZN
2024-08-07,162.77000427246094,48408200,10304000000.0,32217000000.0,135611000000.0,73387000000.0,AMZN
2024-08-08,165.8000030517578,44616200,10304000000.0,32217000000.0,135611000000.0,73387000000.0,AMZN
2024-08-09,166.94000244140625,36401000,10304000000.0,32217000000.0,135611000000.0,73387000000.0,AMZN
2024-08-12,166.8000030517578,30072800,10304000000.0,32217000000.0,135611000000.0,73387000000.0,AMZN
2024-08-13,170.22999572753906,39237900,10304000000.0,32217000000.0,135611000000.0,73387000000.0,AMZN
2024-08-14,170.10000610351562,28843800,10304000000.0,32217000000.0,135611000000.0,73387000000.0,AMZN
2024-08-15,177.58999633789062,51698500,10304000000.0,32217000000.0,135611000000.0,73387000000.0,AMZN
2024-08-16,177.05999755859375,31489200,10304000000.0,32217000000.0,135611000000.0,73387000000.0,AMZN
2024-08-19,178.22000122070312,31129800,10304000000.0,32217000000.0,135611000000.0,73387000000.0,AMZN
2024-08-20,178.8800048828125,26255200,10304000000.0,32217000000.0,135611000000.0,73387000000.0,AMZN
2024-08-21,180.11000061035156,35599100,10304000000.0,32217000000.0,135611000000.0,73387000000.0,AMZN
2024-08-22,176.1300048828125,32047500,10304000000.0,32217000000.0,135611000000.0,73387000000.0,AMZN
2024-08-23,177.0399932861328,29150100,10304000000.0,32217000000.0,135611000000.0,73387000000.0,AMZN
2024-08-26,175.5,22366200,10304000000.0,32217000000.0,135611000000.0,73387000000.0,AMZN
2024-08-27,173.1199951171875,29842000,10304000000.0,32217000000.0,135611000000.0,73387000000.0,AMZN
2024-08-28,170.8000030517578,29045000,10304000000.0,32217000000.0,135611000000.0,73387000000.0,AMZN
2024-08-29,172.1199951171875,26407800,10304000000.0,32217000000.0,135611000000.0,73387000000.0,AMZN
2024-08-30,178.5,43429400,10304000000.0,32217000000.0,135611000000.0,73387000000.0,AMZN
2024-09-03,176.25,37817500,10304000000.0,32217000000.0,135611000000.0,73387000000.0,AMZN
2024-09-04,173.3300018310547,30309200,10304000000.0,32217000000.0,135611000000.0,73387000000.0,AMZN
2024-09-05,177.88999938964844,40170500,10304000000.0,32217000000.0,135611000000.0,73387000000.0,AMZN
2024-09-06,171.38999938964844,41466500,10304000000.0,32217000000.0,135611000000.0,73387000000.0,AMZN
2024-09-09,175.39999389648438,29037400,10304000000.0,32217000000.0,135611000000.0,73387000000.0,AMZN
2024-09-10,179.5500030517578,36233800,10304000000.0,32217000000.0,135611000000.0,73387000000.0,AMZN
2024-09-11,184.52000427246097,42564700,10304000000.0,32217000000.0,135611000000.0,73387000000.0,AMZN
2024-09-12,187.0,33544200,10304000000.0,32217000000.0,135611000000.0,73387000000.0,AMZN
2024-09-13,186.4900054931641,26495400,10304000000.0,32217000000.0,135611000000.0,73387000000.0,AMZN
2024-09-16,184.88999938964844,26065500,10304000000.0,32217000000.0,135611000000.0,73387000000.0,AMZN
2024-09-17,186.8800048828125,26091700,10304000000.0,32217000000.0,135611000000.0,73387000000.0,AMZN
2024-09-18,186.42999267578125,34448100,10304000000.0,32217000000.0,135611000000.0,73387000000.0,AMZN
2024-09-19,189.8699951171875,39543200,10304000000.0,32217000000.0,135611000000.0,73387000000.0,AMZN
2024-09-20,191.6000061035156,100378600,10304000000.0,32217000000.0,135611000000.0,73387000000.0,AMZN
2024-09-23,193.8800048828125,36993100,10304000000.0,32217000000.0,135611000000.0,73387000000.0,AMZN
2024-09-24,193.9600067138672,43478900,10304000000.0,32217000000.0,135611000000.0,73387000000.0,AMZN
2024-09-25,192.52999877929688,26391100,10304000000.0,32217000000.0,135611000000.0,73387000000.0,AMZN
2024-09-26,191.16000366210935,36334900,10304000000.0,32217000000.0,135611000000.0,73387000000.0,AMZN
2024-09-27,187.97000122070312,36002300,10304000000.0,32217000000.0,135611000000.0,73387000000.0,AMZN
2024-09-30,186.3300018310547,41583900,10304000000.0,32217000000.0,135611000000.0,73387000000.0,AMZN
2024-10-01,185.1300048828125,36044900,10304000000.0,32217000000.0,135611000000.0,73387000000.0,AMZN
2024-10-02,184.7599945068359,23704100,10304000000.0,32217000000.0,135611000000.0,73387000000.0,AMZN
2024-10-03,181.9600067138672,30204300,10304000000.0,32217000000.0,135611000000.0,73387000000.0,AMZN
2024-10-04,186.5099945068359,40890300,10304000000.0,32217000000.0,135611000000.0,73387000000.0,AMZN
2024-10-07,180.8000030517578,42364200,10304000000.0,32217000000.0,135611000000.0,73387000000.0,AMZN
2024-10-08,182.72000122070312,26372100,10304000000.0,32217000000.0,135611000000.0,73387000000.0,AMZN
2024-10-09,185.1699981689453,26343100,10304000000.0,32217000000.0,135611000000.0,73387000000.0,AMZN
2024-10-10,186.6499938964844,27785000,10304000000.0,32217000000.0,135611000000.0,73387000000.0,AMZN
2024-10-11,188.82000732421875,25751600,10304000000.0,32217000000.0,135611000000.0,73387000000.0,AMZN
2024-10-14,187.5399932861328,22614400,10304000000.0,32217000000.0,135611000000.0,73387000000.0,AMZN
2024-10-15,187.69000244140625,32178900,10304000000.0,32217000000.0,135611000000.0,73387000000.0,AMZN
2024-10-16,186.88999938964844,23456800,10304000000.0,32217000000.0,135611000000.0,73387000000.0,AMZN
2024-10-17,187.52999877929688,25039400,10304000000.0,32217000000.0,135611000000.0,73387000000.0,AMZN
2024-10-18,188.9900054931641,37417700,10304000000.0,32217000000.0,135611000000.0,73387000000.0,AMZN
2024-10-21,189.07000732421875,24639400,10304000000.0,32217000000.0,135611000000.0,73387000000.0,AMZN
2024-10-22,189.6999969482422,29650600,10304000000.0,32217000000.0,135611000000.0,73387000000.0,AMZN
2024-10-23,184.7100067138672,31937100,10304000000.0,32217000000.0,135611000000.0,73387000000.0,AMZN
2024-10-24,186.3800048828125,21647400,10304000000.0,32217000000.0,135611000000.0,73387000000.0,AMZN
2024-10-25,187.8300018310547,29362100,10304000000.0,32217000000.0,135611000000.0,73387000000.0,AMZN
2024-10-28,188.38999938964844,27930800,10304000000.0,32217000000.0,135611000000.0,73387000000.0,AMZN
2024-10-29,190.8300018310547,35690200,10304000000.0,32217000000.0,135611000000.0,73387000000.0,AMZN
2024-10-30,192.72999572753903,37707600,10304000000.0,32217000000.0,135611000000.0,73387000000.0,AMZN
2024-10-31,186.3999938964844,75146800,10304000000.0,32217000000.0,135611000000.0,73387000000.0,AMZN
2024-11-01,197.92999267578125,99687800,10304000000.0,32217000000.0,135611000000.0,73387000000.0,AMZN
2024-11-04,195.77999877929688,38492100,10304000000.0,32217000000.0,135611000000.0,73387000000.0,AMZN
2024-11-05,199.5,30564800,10304000000.0,32217000000.0,135611000000.0,73387000000.0,AMZN
2024-11-06,207.08999633789065,72292200,10304000000.0,32217000000.0,135611000000.0,73387000000.0,AMZN
2024-11-07,210.0500030517578,52878400,10304000000.0,32217000000.0,135611000000.0,73387000000.0,AMZN
2024-11-08,208.17999267578125,36075800,10304000000.0,32217000000.0,135611000000.0,73387000000.0,AMZN
2024-11-11,206.83999633789065,35456000,10304000000.0,32217000000.0,135611000000.0,73387000000.0,AMZN
2024-11-12,208.91000366210935,38942900,10304000000.0,32217000000.0,135611000000.0,73387000000.0,AMZN
2024-11-13,214.1000061035156,46212900,10304000000.0,32217000000.0,135611000000.0,73387000000.0,AMZN
2024-11-14,211.47999572753903,42620300,10304000000.0,32217000000.0,135611000000.0,73387000000.0,AMZN
2024-11-15,202.61000061035156,86591100,10304000000.0,32217000000.0,135611000000.0,73387000000.0,AMZN
2024-11-18,201.6999969482422,36409900,10304000000.0,32217000000.0,135611000000.0,73387000000.0,AMZN
2024-11-19,204.61000061035156,31197900,10304000000.0,32217000000.0,135611000000.0,73387000000.0,AMZN
2024-11-20,202.8800048828125,32769000,10304000000.0,32217000000.0,135611000000.0,73387000000.0,AMZN
2024-11-21,198.3800048828125,58800000,10304000000.0,32217000000.0,135611000000.0,73387000000.0,AMZN
2024-11-22,197.1199951171875,31530800,10304000000.0,32217000000.0,135611000000.0,73387000000.0,AMZN
2024-11-25,201.4499969482422,40685700,10304000000.0,32217000000.0,135611000000.0,73387000000.0,AMZN
2024-11-26,207.86000061035156,41673700,10304000000.0,32217000000.0,135611000000.0,73387000000.0,AMZN
2024-11-27,205.7400054931641,28061600,10304000000.0,32217000000.0,135611000000.0,73387000000.0,AMZN
2024-11-29,207.88999938964844,24892400,10304000000.0,32217000000.0,135611000000.0,73387000000.0,AMZN
2024-12-02,210.7100067138672,39523200,10304000000.0,32217000000.0,135611000000.0,73387000000.0,AMZN
2024-12-03,213.44000244140625,32214800,10304000000.0,32217000000.0,135611000000.0,73387000000.0,AMZN
2024-12-04,218.16000366210935,48745700,10304000000.0,32217000000.0,135611000000.0,73387000000.0,AMZN
2024-12-05,220.5500030517578,41140200,10304000000.0,32217000000.0,135611000000.0,73387000000.0,AMZN
2024-12-06,227.02999877929688,44178100,10304000000.0,32217000000.0,135611000000.0,73387000000.0,AMZN
2024-12-09,226.08999633789065,46819400,10304000000.0,32217000000.0,135611000000.0,73387000000.0,AMZN
2024-12-10,225.0399932861328,31199900,10304000000.0,32217000000.0,135611000000.0,73387000000.0,AMZN
2024-12-11,230.2599945068359,35385800,10304000000.0,32217000000.0,135611000000.0,73387000000.0,AMZN
2024-12-12,228.97000122070312,28204100,10304000000.0,32217000000.0,135611000000.0,73387000000.0,AMZN
2024-12-13,227.4600067138672,28768100,10304000000.0,32217000000.0,135611000000.0,73387000000.0,AMZN
2024-12-16,232.92999267578125,37552100,10304000000.0,32217000000.0,135611000000.0,73387000000.0,AMZN
2024-12-17,231.1499938964844,35948100,10304000000.0,32217000000.0,135611000000.0,73387000000.0,AMZN
2024-12-18,220.52000427246097,43281400,10304000000.0,32217000000.0,135611000000.0,73387000000.0,AMZN
2024-12-19,223.2899932861328,39918700,10304000000.0,32217000000.0,135611000000.0,73387000000.0,AMZN
2024-12-20,224.9199981689453,88279200,10304000000.0,32217000000.0,135611000000.0,73387000000.0,AMZN
2024-12-23,225.05999755859375,28070000,10304000000.0,32217000000.0,135611000000.0,73387000000.0,AMZN
2024-12-24,229.0500030517578,15007500,10304000000.0,32217000000.0,135611000000.0,73387000000.0,AMZN
2024-12-26,227.0500030517578,16146700,10304000000.0,32217000000.0,135611000000.0,73387000000.0,AMZN
2024-12-27,223.75,27367100,10304000000.0,32217000000.0,135611000000.0,73387000000.0,AMZN
2024-12-30,221.3000030517578,28321200,10304000000.0,32217000000.0,135611000000.0,73387000000.0,AMZN
2024-12-31,219.38999938964844,24819700,10473000000.0,32878000000.0,130900000000.0,78779000000.0,AMZN
2025-01-02,220.22000122070312,33956600,10473000000.0,32878000000.0,130900000000.0,78779000000.0,AMZN
2025-01-03,224.19000244140625,27515600,10473000000.0,32878000000.0,130900000000.0,78779000000.0,AMZN
2025-01-06,227.61000061035156,31849800,10473000000.0,32878000000.0,130900000000.0,78779000000.0,AMZN
2025-01-07,222.11000061035156,28084200,10473000000.0,32878000000.0,130900000000.0,78779000000.0,AMZN
2025-01-08,222.1300048828125,25033300,10473000000.0,32878000000.0,130900000000.0,78779000000.0,AMZN
2025-01-10,218.94000244140625,36811500,10473000000.0,32878000000.0,130900000000.0,78779000000.0,AMZN
2025-01-13,218.4600067138672,27262700,10473000000.0,32878000000.0,130900000000.0,78779000000.0,AMZN
2025-01-14,217.7599945068359,24711700,10473000000.0,32878000000.0,130900000000.0,78779000000.0,AMZN
2025-01-15,223.3500061035156,31291300,10473000000.0,32878000000.0,130900000000.0,78779000000.0,AMZN
2025-01-16,220.66000366210935,24757300,10473000000.0,32878000000.0,130900000000.0,78779000000.0,AMZN
2025-01-17,225.94000244140625,42370100,10473000000.0,32878000000.0,130900000000.0,78779000000.0,AMZN
2025-01-21,230.7100067138672,39951500,10473000000.0,32878000000.0,130900000000.0,78779000000.0,AMZN
2025-01-22,235.0099945068359,41448200,10473000000.0,32878000000.0,130900000000.0,78779000000.0,AMZN
2025-01-23,235.4199981689453,26404400,10473000000.0,32878000000.0,130900000000.0,78779000000.0,AMZN
2025-01-24,234.8500061035156,25890700,10473000000.0,32878000000.0,130900000000.0,78779000000.0,AMZN
2025-01-27,235.4199981689453,49428300,10473000000.0,32878000000.0,130900000000.0,78779000000.0,AMZN
2025-01-28,238.1499938964844,41587200,10473000000.0,32878000000.0,130900000000.0,78779000000.0,AMZN
2025-01-29,237.07000732421875,26091700,10473000000.0,32878000000.0,130900000000.0,78779000000.0,AMZN
2025-01-30,234.63999938964844,32020700,10473000000.0,32878000000.0,130900000000.0,78779000000.0,AMZN
2025-01-31,237.67999267578125,36110200,10473000000.0,32878000000.0,130900000000.0,78779000000.0,AMZN
2025-02-03,237.4199981689453,37285900,10473000000.0,32878000000.0,130900000000.0,78779000000.0,AMZN
2025-02-04,242.05999755859375,29713800,10473000000.0,32878000000.0,130900000000.0,78779000000.0,AMZN
2025-02-05,236.1699981689453,38727300,10473000000.0,32878000000.0,130900000000.0,78779000000.0,AMZN
2025-02-06,238.8300018310547,60897100,10473000000.0,32878000000.0,130900000000.0,78779000000.0,AMZN
2025-02-07,229.1499938964844,77539300,10473000000.0,32878000000.0,130900000000.0,78779000000.0,AMZN
2025-02-10,233.13999938964844,35419900,10473000000.0,32878000000.0,130900000000.0,78779000000.0,AMZN
2025-02-11,232.7599945068359,23713700,10473000000.0,32878000000.0,130900000000.0,78779000000.0,AMZN
2025-02-12,228.92999267578125,32285200,10473000000.0,32878000000.0,130900000000.0,78779000000.0,AMZN
2025-02-13,230.3699951171875,31346500,10473000000.0,32878000000.0,130900000000.0,78779000000.0,AMZN
2025-02-14,228.67999267578125,27031100,10473000000.0,32878000000.0,130900000000.0,78779000000.0,AMZN
2025-02-18,226.6499938964844,42975100,10473000000.0,32878000000.0,130900000000.0,78779000000.0,AMZN
2025-02-19,226.6300048828125,28566700,10473000000.0,32878000000.0,130900000000.0,78779000000.0,AMZN
2025-02-20,222.8800048828125,30001700,10473000000.0,32878000000.0,130900000000.0,78779000000.0,AMZN
2025-02-21,216.5800018310547,55323900,10473000000.0,32878000000.0,130900000000.0,78779000000.0,AMZN
2025-02-24,212.7100067138672,42387600,10473000000.0,32878000000.0,130900000000.0,78779000000.0,AMZN
2025-02-25,212.8000030517578,58958000,10473000000.0,32878000000.0,130900000000.0,78779000000.0,AMZN
2025-02-26,214.3500061035156,39120600,10473000000.0,32878000000.0,130900000000.0,78779000000.0,AMZN
2025-02-27,208.7400054931641,40548600,10473000000.0,32878000000.0,130900000000.0,78779000000.0,AMZN
2025-02-28,212.27999877929688,51771700,10473000000.0,32878000000.0,130900000000.0,78779000000.0,AMZN
2025-03-03,205.02000427246097,42948400,10473000000.0,32878000000.0,130900000000.0,78779000000.0,AMZN
2025-03-04,203.8000030517578,60853100,10473000000.0,32878000000.0,130900000000.0,78779000000.0,AMZN
2025-03-05,208.36000061035156,38610100,10473000000.0,32878000000.0,130900000000.0,78779000000.0,AMZN
2025-03-06,200.6999969482422,49863800,10473000000.0,32878000000.0,130900000000.0,78779000000.0,AMZN
2025-03-07,199.25,59802800,10473000000.0,32878000000.0,130900000000.0,78779000000.0,AMZN
2025-03-10,194.5399932861328,62350900,10473000000.0,32878000000.0,130900000000.0,78779000000.0,AMZN
2025-03-11,196.58999633789065,54002900,10473000000.0,32878000000.0,130900000000.0,78779000000.0,AMZN
2025-03-12,198.88999938964844,43679300,10473000000.0,32878000000.0,130900000000.0,78779000000.0,AMZN
2025-03-13,193.88999938964844,41270800,10473000000.0,32878000000.0,130900000000.0,78779000000.0,AMZN
2025-03-14,197.9499969482422,38096700,10473000000.0,32878000000.0,130900000000.0,78779000000.0,AMZN
2025-03-17,195.7400054931641,47341800,10473000000.0,32878000000.0,130900000000.0,78779000000.0,AMZN
2025-03-18,192.82000732421875,40414900,10473000000.0,32878000000.0,130900000000.0,78779000000.0,AMZN
2025-03-19,195.5399932861328,39442900,10473000000.0,32878000000.0,130900000000.0,78779000000.0,AMZN
2025-03-20,194.9499969482422,38921100,10473000000.0,32878000000.0,130900000000.0,78779000000.0,AMZN
2025-03-21,196.2100067138672,60056900,10473000000.0,32878000000.0,130900000000.0,78779000000.0,AMZN
2025-03-24,203.2599945068359,41625400,10473000000.0,32878000000.0,130900000000.0,78779000000.0,AMZN
2025-03-25,205.7100067138672,31171200,10473000000.0,32878000000.0,130900000000.0,78779000000.0,AMZN
2025-03-26,201.1300048828125,32855300,10473000000.0,32878000000.0,130900000000.0,78779000000.0,AMZN
2025-03-27,201.36000061035156,27317700,10473000000.0,32878000000.0,130900000000.0,78779000000.0,AMZN
2025-03-28,192.72000122070312,52548200,10473000000.0,32878000000.0,130900000000.0,78779000000.0,AMZN
2025-03-31,190.2599945068359,63547600,10473000000.0,32878000000.0,130900000000.0,78779000000.0,AMZN
2025-04-01,192.1699981689453,41267300,10473000000.0,32878000000.0,130900000000.0,78779000000.0,AMZN
2025-04-02,196.0099945068359,53679200,10473000000.0,32878000000.0,130900000000.0,78779000000.0,AMZN
2025-04-03,178.41000366210938,95553600,10473000000.0,32878000000.0,130900000000.0,78779000000.0,AMZN
2025-04-04,171.0,123159400,10473000000.0,32878000000.0,130900000000.0,78779000000.0,AMZN
2025-04-07,175.25999450683594,109327100,10473000000.0,32878000000.0,130900000000.0,78779000000.0,AMZN
2025-04-08,170.66000366210938,87710400,10473000000.0,32878000000.0,130900000000.0,78779000000.0,AMZN
2025-04-09,191.1000061035156,116804300,10473000000.0,32878000000.0,130900000000.0,78779000000.0,AMZN
2025-04-10,181.22000122070312,68302000,10473000000.0,32878000000.0,130900000000.0,78779000000.0,AMZN
2025-04-11,184.8699951171875,50594300,10473000000.0,32878000000.0,130900000000.0,78779000000.0,AMZN
2025-04-14,182.1199951171875,48002500,10473000000.0,32878000000.0,130900000000.0,78779000000.0,AMZN
2025-04-15,179.58999633789062,43642000,10473000000.0,32878000000.0,130900000000.0,78779000000.0,AMZN
2025-04-16,174.3300018310547,51875300,10473000000.0,32878000000.0,130900000000.0,78779000000.0,AMZN
2025-04-17,172.61000061035156,44726500,10473000000.0,32878000000.0,130900000000.0,78779000000.0,AMZN
2025-04-21,167.32000732421875,48126100,10473000000.0,32878000000.0,130900000000.0,78779000000.0,AMZN
2025-04-22,173.17999267578125,56607200,10473000000.0,32878000000.0,130900000000.0,78779000000.0,AMZN
2025-04-23,180.6000061035156,63470100,10473000000.0,32878000000.0,130900000000.0,78779000000.0,AMZN
2025-04-24,186.5399932861328,43763200,10473000000.0,32878000000.0,130900000000.0,78779000000.0,AMZN
2025-04-25,188.9900054931641,36414300,10473000000.0,32878000000.0,130900000000.0,78779000000.0,AMZN
2025-04-28,187.6999969482422,33224700,10473000000.0,32878000000.0,130900000000.0,78779000000.0,AMZN
2025-04-29,187.38999938964844,41667300,10473000000.0,32878000000.0,130900000000.0,78779000000.0,AMZN
2025-04-30,184.4199981689453,55176500,10473000000.0,32878000000.0,130900000000.0,78779000000.0,AMZN
2025-05-01,190.1999969482422,74266000,10473000000.0,32878000000.0,130900000000.0,78779000000.0,AMZN
2025-05-02,189.97999572753903,77903500,10473000000.0,32878000000.0,130900000000.0,78779000000.0,AMZN
2025-05-05,186.3500061035156,35217500,10473000000.0,32878000000.0,130900000000.0,78779000000.0,AMZN
2025-05-06,185.0099945068359,29314100,10473000000.0,32878000000.0,130900000000.0,78779000000.0,AMZN
2025-05-07,188.7100067138672,43948600,10473000000.0,32878000000.0,130900000000.0,78779000000.0,AMZN
2025-05-08,192.0800018310547,41043600,10473000000.0,32878000000.0,130900000000.0,78779000000.0,AMZN
2025-05-09,193.05999755859375,29663100,10473000000.0,32878000000.0,130900000000.0,78779000000.0,AMZN
2025-05-12,208.63999938964844,75205000,10473000000.0,32878000000.0,130900000000.0,78779000000.0,AMZN
2025-05-13,211.3699951171875,56193700,10473000000.0,32878000000.0,130900000000.0,78779000000.0,AMZN
2025-05-14,210.25,38492100,10473000000.0,32878000000.0,130900000000.0,78779000000.0,AMZN
2025-05-15,205.1699981689453,64347300,10473000000.0,32878000000.0,130900000000.0,78779000000.0,AMZN
2025-05-16,205.58999633789065,43318500,10473000000.0,32878000000.0,130900000000.0,78779000000.0,AMZN
2025-05-19,206.16000366210935,34314800,10473000000.0,32878000000.0,130900000000.0,78779000000.0,AMZN
2025-05-20,204.07000732421875,29470400,10473000000.0,32878000000.0,130900000000.0,78779000000.0,AMZN
2025-05-21,201.1199951171875,42460900,10473000000.0,32878000000.0,130900000000.0,78779000000.0,AMZN
2025-05-22,203.1000061035156,38938900,10473000000.0,32878000000.0,130900000000.0,78779000000.0,AMZN
2025-05-23,200.9900054931641,33393500,10473000000.0,32878000000.0,130900000000.0,78779000000.0,AMZN
2025-05-27,206.02000427246097,34892000,10473000000.0,32878000000.0,130900000000.0,78779000000.0,AMZN
2025-05-28,204.72000122070312,28549800,10473000000.0,32878000000.0,130900000000.0,78779000000.0,AMZN
2025-05-29,205.6999969482422,34650000,10473000000.0,32878000000.0,130900000000.0,78779000000.0,AMZN
2025-05-30,205.0099945068359,51679400,10473000000.0,32878000000.0,130900000000.0,78779000000.0,AMZN
2025-06-02,206.6499938964844,29113300,10473000000.0,32878000000.0,130900000000.0,78779000000.0,AMZN
2025-06-03,205.7100067138672,33139100,10473000000.0,32878000000.0,130900000000.0,78779000000.0,AMZN
2025-06-04,207.22999572753903,29915600,10473000000.0,32878000000.0,130900000000.0,78779000000.0,AMZN
2025-06-05,207.91000366210935,51864200,10473000000.0,32878000000.0,130900000000.0,78779000000.0,AMZN
2025-06-06,213.57000732421875,39832500,10473000000.0,32878000000.0,130900000000.0,78779000000.0,AMZN
2025-06-09,216.97999572753903,38102500,10473000000.0,32878000000.0,130900000000.0,78779000000.0,AMZN
2025-06-10,217.61000061035156,31303300,10473000000.0,32878000000.0,130900000000.0,78779000000.0,AMZN
2025-06-11,213.1999969482422,39326000,10473000000.0,32878000000.0,130900000000.0,78779000000.0,AMZN
2025-06-12,213.2400054931641,27640000,10473000000.0,32878000000.0,130900000000.0,78779000000.0,AMZN
2025-06-13,212.1000061035156,29337800,10473000000.0,32878000000.0,130900000000.0,78779000000.0,AMZN
2025-06-16,216.1000061035156,33284200,10473000000.0,32878000000.0,130900000000.0,78779000000.0,AMZN
2025-06-17,214.82000732421875,32086300,10473000000.0,32878000000.0,130900000000.0,78779000000.0,AMZN
2025-06-18,212.52000427246097,44360500,10473000000.0,32878000000.0,130900000000.0,78779000000.0,AMZN
2025-06-20,209.69000244140625,75350700,10473000000.0,32878000000.0,130900000000.0,78779000000.0,AMZN
2025-06-23,208.47000122070312,37311700,10473000000.0,32878000000.0,130900000000.0,78779000000.0,AMZN
2025-06-24,212.77000427246097,38378800,10473000000.0,32878000000.0,130900000000.0,78779000000.0,AMZN
2025-06-25,211.9900054931641,31755700,10473000000.0,32878000000.0,130900000000.0,78779000000.0,AMZN
2025-06-26,217.1199951171875,50480800,10473000000.0,32878000000.0,130900000000.0,78779000000.0,AMZN
2025-06-27,223.3000030517578,119217100,10473000000.0,32878000000.0,130900000000.0,78779000000.0,AMZN
2025-06-30,219.38999938964844,58887800,10473000000.0,32878000000.0,130900000000.0,78779000000.0,AMZN
2025-07-01,220.4600067138672,39256800,10473000000.0,32878000000.0,130900000000.0,78779000000.0,AMZN
2025-07-02,219.9199981689453,30894200,10473000000.0,32878000000.0,130900000000.0,78779000000.0,AMZN
2025-07-03,223.41000366210935,29632400,10473000000.0,32878000000.0,130900000000.0,78779000000.0,AMZN
2025-07-07,223.47000122070312,36604100,10473000000.0,32878000000.0,130900000000.0,78779000000.0,AMZN
2025-07-08,219.36000061035156,45692000,10473000000.0,32878000000.0,130900000000.0,78779000000.0,AMZN
2025-07-09,222.5399932861328,38155100,10473000000.0,32878000000.0,130900000000.0,78779000000.0,AMZN
2025-07-10,222.2599945068359,30370600,10473000000.0,32878000000.0,130900000000.0,78779000000.0,AMZN
2025-07-11,225.02000427246097,50518300,10473000000.0,32878000000.0,130900000000.0,78779000000.0,AMZN
2025-07-14,225.69000244140625,35702600,10473000000.0,32878000000.0,130900000000.0,78779000000.0,AMZN
2025-07-15,226.3500061035156,34907300,10473000000.0,32878000000.0,130900000000.0,78779000000.0,AMZN
2025-07-16,223.19000244140625,39535900,10473000000.0,32878000000.0,130900000000.0,78779000000.0,AMZN
2025-07-17,223.8800048828125,31855800,10473000000.0,32878000000.0,130900000000.0,78779000000.0,AMZN
2025-07-18,226.1300048828125,37833800,10473000000.0,32878000000.0,130900000000.0,78779000000.0,AMZN
2025-07-21,229.3000030517578,40297600,10473000000.0,32878000000.0,130900000000.0,78779000000.0,AMZN
2025-07-22,227.47000122070312,37483700,10473000000.0,32878000000.0,130900000000.0,78779000000.0,AMZN
2025-07-23,228.2899932861328,28294900,10473000000.0,32878000000.0,130900000000.0,78779000000.0,AMZN
2025-07-24,232.22999572753903,42902300,10473000000.0,32878000000.0,130900000000.0,78779000000.0,AMZN
2025-07-25,231.44000244140625,28712100,10473000000.0,32878000000.0,130900000000.0,78779000000.0,AMZN
2025-07-28,232.7899932861328,26300100,10473000000.0,32878000000.0,130900000000.0,78779000000.0,AMZN
2025-07-29,231.0099945068359,33716200,10473000000.0,32878000000.0,130900000000.0,78779000000.0,AMZN
2025-07-30,230.19000244140625,32993300,10473000000.0,32878000000.0,130900000000.0,78779000000.0,AMZN
2025-07-31,234.11000061035156,104357300,10473000000.0,32878000000.0,130900000000.0,78779000000.0,AMZN
2025-08-01,214.75,122258800,10473000000.0,32878000000.0,130900000000.0,78779000000.0,AMZN
2025-08-04,211.6499938964844,77890100,10473000000.0,32878000000.0,130900000000.0,78779000000.0,AMZN
2025-08-05,213.75,51505100,10473000000.0,32878000000.0,130900000000.0,78779000000.0,AMZN
2025-08-06,222.30999755859375,54823000,10473000000.0,32878000000.0,130900000000.0,78779000000.0,AMZN
2025-08-07,223.1300048828125,40603500,10473000000.0,32878000000.0,130900000000.0,78779000000.0,AMZN
2025-08-08,222.69000244140625,32970500,10473000000.0,32878000000.0,130900000000.0,78779000000.0,AMZN
2025-08-11,221.3000030517578,31646200,10473000000.0,32878000000.0,130900000000.0,78779000000.0,AMZN
2025-08-12,221.47000122070312,37185800,10473000000.0,32878000000.0,130900000000.0,78779000000.0,AMZN
2025-08-13,224.55999755859375,36508300,10473000000.0,32878000000.0,130900000000.0,78779000000.0,AMZN
2025-08-14,230.97999572753903,61545800,10473000000.0,32878000000.0,130900000000.0,78779000000.0,AMZN
2025-08-15,231.02999877929688,39649200,10473000000.0,32878000000.0,130900000000.0,78779000000.0,AMZN
2025-08-18,231.4900054931641,25248900,10473000000.0,32878000000.0,130900000000.0,78779000000.0,AMZN
2025-08-19,228.0099945068359,29891000,10473000000.0,32878000000.0,130900000000.0,78779000000.0,AMZN
2025-08-20,223.80999755859375,36604300,10473000000.0,32878000000.0,130900000000.0,78779000000.0,AMZN
2025-08-21,221.9499969482422,32140500,10473000000.0,32878000000.0,130900000000.0,78779000000.0,AMZN
2025-08-22,228.83999633789065,37315300,10473000000.0,32878000000.0,130900000000.0,78779000000.0,AMZN
2025-08-25,227.94000244140625,22633700,10473000000.0,32878000000.0,130900000000.0,78779000000.0,AMZN
2025-08-26,228.7100067138672,26105400,10473000000.0,32878000000.0,130900000000.0,78779000000.0,AMZN
2025-08-27,229.1199951171875,21254500,10473000000.0,32878000000.0,130900000000.0,78779000000.0,AMZN
2025-08-28,231.6000061035156,33679600,10473000000.0,32878000000.0,130900000000.0,78779000000.0,AMZN
2025-08-29,229.0,26199200,10473000000.0,32878000000.0,130900000000.0,78779000000.0,AMZN
2025-09-02,225.33999633789065,38843900,10473000000.0,32878000000.0,130900000000.0,78779000000.0,AMZN
2025-09-03,225.9900054931641,29223100,10473000000.0,32878000000.0,130900000000.0,78779000000.0,AMZN
2025-09-04,235.67999267578125,59391800,10473000000.0,32878000000.0,130900000000.0,78779000000.0,AMZN
2025-09-05,232.3300018310547,36721800,10473000000.0,32878000000.0,130900000000.0,78779000000.0,AMZN
2025-09-08,235.83999633789065,33947100,10473000000.0,32878000000.0,130900000000.0,78779000000.0,AMZN
2025-09-09,238.2400054931641,27033800,10473000000.0,32878000000.0,130900000000.0,78779000000.0,AMZN
2025-09-10,230.3300018310547,60907700,10473000000.0,32878000000.0,130900000000.0,78779000000.0,AMZN
2025-09-11,229.9499969482422,37485600,10473000000.0,32878000000.0,130900000000.0,78779000000.0,AMZN
2025-09-12,228.1499938964844,38496200,10473000000.0,32878000000.0,130900000000.0,78779000000.0,AMZN
2025-09-15,231.42999267578125,33243300,10473000000.0,32878000000.0,130900000000.0,78779000000.0,AMZN
2025-09-16,234.0500030517578,38203900,10473000000.0,32878000000.0,130900000000.0,78779000000.0,AMZN
2025-09-17,231.6199951171875,42815200,10473000000.0,32878000000.0,130900000000.0,78779000000.0,AMZN
2025-09-18,231.22999572753903,37931700,10473000000.0,32878000000.0,130900000000.0,78779000000.0,AMZN
2025-09-19,231.47999572753903,97943200,10473000000.0,32878000000.0,130900000000.0,78779000000.0,AMZN
2025-09-22,227.6300048828125,45914500,10473000000.0,32878000000.0,130900000000.0,78779000000.0,AMZN
2025-09-23,220.7100067138672,70956200,10473000000.0,32878000000.0,130900000000.0,78779000000.0,AMZN
2025-09-24,220.2100067138672,49509000,10473000000.0,32878000000.0,130900000000.0,78779000000.0,AMZN
2025-09-25,218.1499938964844,52226300,10473000000.0,32878000000.0,130900000000.0,78779000000.0,AMZN
2025-09-26,219.77999877929688,41650100,10473000000.0,32878000000.0,130900000000.0,78779000000.0,AMZN
2025-09-29,222.1699981689453,44259200,10473000000.0,32878000000.0,130900000000.0,78779000000.0,AMZN
2025-09-30,219.57000732421875,48396400,10473000000.0,32878000000.0,130900000000.0,78779000000.0,AMZN
2025-10-01,220.6300048828125,43933800,10473000000.0,32878000000.0,130900000000.0,78779000000.0,AMZN
2025-10-02,222.41000366210935,41258600,10473000000.0,32878000000.0,130900000000.0,78779000000.0,AMZN
2025-10-03,219.5099945068359,43639000,10473000000.0,32878000000.0,130900000000.0,78779000000.0,AMZN
2025-10-06,220.8999938964844,43690900,10473000000.0,32878000000.0,130900000000.0,78779000000.0,AMZN
2025-10-07,221.77999877929688,31194700,10473000000.0,32878000000.0,130900000000.0,78779000000.0,AMZN
2025-10-08,225.22000122070312,46686000,10473000000.0,32878000000.0,130900000000.0,78779000000.0,AMZN
2025-10-09,227.7400054931641,46412100,10473000000.0,32878000000.0,130900000000.0,78779000000.0,AMZN
2025-10-10,216.3699951171875,72367500,10473000000.0,32878000000.0,130900000000.0,78779000000.0,AMZN
2025-10-13,220.07000732421875,37809700,10473000000.0,32878000000.0,130900000000.0,78779000000.0,AMZN
2025-10-14,216.38999938964844,45665600,10473000000.0,32878000000.0,130900000000.0,78779000000.0,AMZN
2025-10-15,215.57000732421875,45909500,10473000000.0,32878000000.0,130900000000.0,78779000000.0,AMZN
2025-10-16,214.47000122070312,42414600,10473000000.0,32878000000.0,130900000000.0,78779000000.0,AMZN
2025-10-17,213.0399932861328,45986900,10473000000.0,32878000000.0,130900000000.0,78779000000.0,AMZN
2025-10-20,216.47999572753903,38882800,10473000000.0,32878000000.0,130900000000.0,78779000000.0,AMZN
2025-10-21,222.02999877929688,50494600,10473000000.0,32878000000.0,130900000000.0,78779000000.0,AMZN
2025-10-22,217.9499969482422,44308500,10473000000.0,32878000000.0,130900000000.0,78779000000.0,AMZN
2025-10-23,221.08999633789065,31540000,10473000000.0,32878000000.0,130900000000.0,78779000000.0,AMZN
2025-10-24,224.2100067138672,38685100,10473000000.0,32878000000.0,130900000000.0,78779000000.0,AMZN
2025-10-27,226.97000122070312,38267000,10473000000.0,32878000000.0,130900000000.0,78779000000.0,AMZN
2025-10-28,229.25,47100000,10473000000.0,32878000000.0,130900000000.0,78779000000.0,AMZN
2025-10-29,230.3000030517578,52036200,10473000000.0,32878000000.0,130900000000.0,78779000000.0,AMZN
2025-10-30,222.86000061035156,102252900,10473000000.0,32878000000.0,130900000000.0,78779000000.0,AMZN
2025-10-31,244.22000122070312,166340800,10473000000.0,32878000000.0,130900000000.0,78779000000.0,AMZN
2025-11-03,254.0,95997800,10473000000.0,32878000000.0,130900000000.0,78779000000.0,AMZN
2025-11-04,249.32000732421875,51546300,10473000000.0,32878000000.0,130900000000.0,78779000000.0,AMZN
2025-11-05,250.1999969482422,40610700,10473000000.0,32878000000.0,130900000000.0,78779000000.0,AMZN
2025-11-06,243.0399932861328,46004200,10473000000.0,32878000000.0,130900000000.0,78779000000.0,AMZN
2025-11-07,244.41000366210935,46374300,10473000000.0,32878000000.0,130900000000.0,78779000000.0,AMZN
2025-11-10,248.3999938964844,36476500,10473000000.0,32878000000.0,130900000000.0,78779000000.0,AMZN
2025-11-11,249.1000061035156,23564100,10473000000.0,32878000000.0,130900000000.0,78779000000.0,AMZN
2025-11-12,244.1999969482422,31190100,10473000000.0,32878000000.0,130900000000.0,78779000000.0,AMZN
2025-11-13,237.5800018310547,41401700,10473000000.0,32878000000.0,130900000000.0,78779000000.0,AMZN
2025-11-14,234.69000244140625,38956700,10473000000.0,32878000000.0,130900000000.0,78779000000.0,AMZN
2025-11-17,232.8699951171875,59919000,10473000000.0,32878000000.0,130900000000.0,78779000000.0,AMZN
2025-11-18,222.5500030517578,60608400,10473000000.0,32878000000.0,130900000000.0,78779000000.0,AMZN
2025-11-19,222.69000244140625,58335600,10473000000.0,32878000000.0,130900000000.0,78779000000.0,AMZN
2025-11-20,217.13999938964844,50309000,10473000000.0,32878000000.0,130900000000.0,78779000000.0,AMZN
2025-11-21,220.69000244140625,68490500,10473000000.0,32878000000.0,130900000000.0,78779000000.0,AMZN
2025-11-24,226.27999877929688,54318400,10473000000.0,32878000000.0,130900000000.0,78779000000.0,AMZN
2025-11-25,229.6699981689453,39379300,10473000000.0,32878000000.0,130900000000.0,78779000000.0,AMZN
2025-11-26,229.16000366210935,38497900,10473000000.0,32878000000.0,130900000000.0,78779000000.0,AMZN
2025-11-28,233.22000122070312,20292300,10473000000.0,32878000000.0,130900000000.0,78779000000.0,AMZN
2025-12-01,233.8800048828125,42904000,10473000000.0,32878000000.0,130900000000.0,78779000000.0,AMZN
2025-12-02,234.4199981689453,45785400,10473000000.0,32878000000.0,130900000000.0,78779000000.0,AMZN
2025-12-03,232.3800048828125,35495100,10473000000.0,32878000000.0,130900000000.0,78779000000.0,AMZN
2025-12-04,229.11000061035156,45683200,10473000000.0,32878000000.0,130900000000.0,78779000000.0,AMZN
2025-12-05,229.52999877929688,33117400,10473000000.0,32878000000.0,130900000000.0,78779000000.0,AMZN
2025-12-08,226.88999938964844,35019200,10473000000.0,32878000000.0,130900000000.0,78779000000.0,AMZN
2025-12-09,227.9199981689453,25841700,10473000000.0,32878000000.0,130900000000.0,78779000000.0,AMZN
2025-12-10,231.77999877929688,38790700,10473000000.0,32878000000.0,130900000000.0,78779000000.0,AMZN
2025-12-11,230.27999877929688,28249600,10473000000.0,32878000000.0,130900000000.0,78779000000.0,AMZN
2025-12-12,226.19000244140625,35639100,10473000000.0,32878000000.0,130900000000.0,78779000000.0,AMZN
2025-12-15,222.5399932861328,47286100,10473000000.0,32878000000.0,130900000000.0,78779000000.0,AMZN
2025-12-16,222.55999755859375,39298900,10473000000.0,32878000000.0,130900000000.0,78779000000.0,AMZN
2025-12-17,221.27000427246097,44034400,10473000000.0,32878000000.0,130900000000.0,78779000000.0,AMZN
2025-12-18,226.7599945068359,50272400,10473000000.0,32878000000.0,130900000000.0,78779000000.0,AMZN
2025-12-19,227.3500061035156,85544400,10473000000.0,32878000000.0,130900000000.0,78779000000.0,AMZN
2025-12-22,228.42999267578125,32261300,10473000000.0,32878000000.0,130900000000.0,78779000000.0,AMZN
2025-12-23,232.13999938964844,29230200,10473000000.0,32878000000.0,130900000000.0,78779000000.0,AMZN
2025-12-24,232.3800048828125,11420500,10473000000.0,32878000000.0,130900000000.0,78779000000.0,AMZN
2025-12-26,232.52000427246097,15994700,10473000000.0,32878000000.0,130900000000.0,78779000000.0,AMZN
2025-12-29,232.07000732421875,19797900,10473000000.0,32878000000.0,130900000000.0,78779000000.0,AMZN
2025-12-30,232.52999877929688,21910500,10473000000.0,32878000000.0,130900000000.0,78779000000.0,AMZN
2025-12-31,230.82000732421875,24383700,10656000000.0,7695000000.0,152987000000.0,86810000000.0,AMZN
2026-01-02,226.5,51456200,10656000000.0,7695000000.0,152987000000.0,86810000000.0,AMZN
2026-01-05,233.05999755859375,49733300,10656000000.0,7695000000.0,152987000000.0,86810000000.0,AMZN
2026-01-06,240.92999267578125,53764700,10656000000.0,7695000000.0,152987000000.0,86810000000.0,AMZN
2026-01-07,241.55999755859375,42236500,10656000000.0,7695000000.0,152987000000.0,86810000000.0,AMZN
2026-01-08,246.2899932861328,39509800,10656000000.0,7695000000.0,152987000000.0,86810000000.0,AMZN
2026-01-09,247.3800048828125,34560000,10656000000.0,7695000000.0,152987000000.0,86810000000.0,AMZN
2026-01-12,246.47000122070312,35867800,10656000000.0,7695000000.0,152987000000.0,86810000000.0,AMZN
2026-01-13,242.6000061035156,38371800,10656000000.0,7695000000.0,152987000000.0,86810000000.0,AMZN
2026-01-14,236.6499938964844,41410600,10656000000.0,7695000000.0,152987000000.0,86810000000.0,AMZN
2026-01-15,238.17999267578125,43003600,10656000000.0,7695000000.0,152987000000.0,86810000000.0,AMZN
2026-01-16,239.1199951171875,45888300,10656000000.0,7695000000.0,152987000000.0,86810000000.0,AMZN
2026-01-20,231.0,47737900,10656000000.0,7695000000.0,152987000000.0,86810000000.0,AMZN
2026-01-21,231.30999755859375,47276100,10656000000.0,7695000000.0,152987000000.0,86810000000.0,AMZN
2026-01-22,234.33999633789065,31913300,10656000000.0,7695000000.0,152987000000.0,86810000000.0,AMZN
2026-01-23,239.16000366210935,33778500,10656000000.0,7695000000.0,152987000000.0,86810000000.0,AMZN
2026-01-26,238.4199981689453,32825500,10656000000.0,7695000000.0,152987000000.0,86810000000.0,AMZN
2026-01-27,244.67999267578125,38029200,10656000000.0,7695000000.0,152987000000.0,86810000000.0,AMZN
2026-01-28,243.0099945068359,40882700,10656000000.0,7695000000.0,152987000000.0,86810000000.0,AMZN
2026-01-29,241.72999572753903,47229600,10656000000.0,7695000000.0,152987000000.0,86810000000.0,AMZN
2026-01-30,239.3000030517578,46585000,10656000000.0,7695000000.0,152987000000.0,86810000000.0,AMZN
2026-02-02,242.9600067138672,37546100,10656000000.0,7695000000.0,152987000000.0,86810000000.0,AMZN
2026-02-03,238.6199951171875,53831300,10656000000.0,7695000000.0,152987000000.0,86810000000.0,AMZN
2026-02-04,232.9900054931641,51299900,10656000000.0,7695000000.0,152987000000.0,86810000000.0,AMZN
2026-02-05,222.69000244140625,103509200,10656000000.0,7695000000.0,152987000000.0,86810000000.0,AMZN
2026-02-06,210.32000732421875,179210900,10656000000.0,7695000000.0,152987000000.0,86810000000.0,AMZN
2026-02-09,208.72000122070312,91178400,10656000000.0,7695000000.0,152987000000.0,86810000000.0,AMZN
2026-02-10,206.9600067138672,67175000,10656000000.0,7695000000.0,152987000000.0,86810000000.0,AMZN
2026-02-11,204.0800018310547,65545500,10656000000.0,7695000000.0,152987000000.0,86810000000.0,AMZN
2026-02-12,199.6000061035156,83975400,10656000000.0,7695000000.0,152987000000.0,86810000000.0,AMZN
2026-02-13,198.7899932861328,66321600,10656000000.0,7695000000.0,152987000000.0,86810000000.0,AMZN
2026-02-17,201.1499938964844,69879200,10656000000.0,7695000000.0,152987000000.0,86810000000.0,AMZN
2026-02-18,204.7899932861328,51003300,10656000000.0,7695000000.0,152987000000.0,86810000000.0,AMZN
2026-02-19,204.86000061035156,35669600,10656000000.0,7695000000.0,152987000000.0,86810000000.0,AMZN
2026-02-20,210.11000061035156,65881600,10656000000.0,7695000000.0,152987000000.0,86810000000.0,AMZN
2026-02-23,205.27000427246097,53581500,10656000000.0,7695000000.0,152987000000.0,86810000000.0,AMZN
2026-02-24,208.55999755859375,41137200,10656000000.0,7695000000.0,152987000000.0,86810000000.0,AMZN
2026-02-25,210.63999938964844,41346400,10656000000.0,7695000000.0,152987000000.0,86810000000.0,AMZN
2026-02-26,207.9199981689453,47756800,10656000000.0,7695000000.0,152987000000.0,86810000000.0,AMZN
2026-02-27,210.0,57422800,10656000000.0,7695000000.0,152987000000.0,86810000000.0,AMZN
2026-03-02,208.38999938964844,46001000,10656000000.0,7695000000.0,152987000000.0,86810000000.0,AMZN
2026-03-03,208.72999572753903,43184900,10656000000.0,7695000000.0,152987000000.0,86810000000.0,AMZN
2026-03-04,216.82000732421875,54731100,10656000000.0,7695000000.0,152987000000.0,86810000000.0,AMZN
2026-03-05,218.94000244140625,60943400,10656000000.0,7695000000.0,152987000000.0,86810000000.0,AMZN
2026-03-06,213.2100067138672,51152700,10656000000.0,7695000000.0,152987000000.0,86810000000.0,AMZN
2026-03-09,213.4900054931641,54642900,10656000000.0,7695000000.0,152987000000.0,86810000000.0,AMZN
2026-03-10,214.3300018310547,35678800,10656000000.0,7695000000.0,152987000000.0,86810000000.0,AMZN
2026-03-11,212.6499938964844,34199300,10656000000.0,7695000000.0,152987000000.0,86810000000.0,AMZN
2026-03-12,209.52999877929688,44349500,10656000000.0,7695000000.0,152987000000.0,86810000000.0,AMZN
2026-03-13,207.6699981689453,35662100,10656000000.0,7695000000.0,152987000000.0,86810000000.0,AMZN
2026-03-16,211.7400054931641,42209300,10656000000.0,7695000000.0,152987000000.0,86810000000.0,AMZN
2026-03-17,215.1999969482422,44969900,10656000000.0,7695000000.0,152987000000.0,86810000000.0,AMZN
2026-03-18,209.8699951171875,37846600,10656000000.0,7695000000.0,152987000000.0,86810000000.0,AMZN
2026-03-19,208.7599945068359,36440600,10656000000.0,7695000000.0,152987000000.0,86810000000.0,AMZN
2026-03-20,205.3699951171875,63694600,10656000000.0,7695000000.0,152987000000.0,86810000000.0,AMZN
2026-03-23,210.13999938964844,44277400,10656000000.0,7695000000.0,152987000000.0,86810000000.0,AMZN
2026-03-24,207.2400054931641,35351400,10656000000.0,7695000000.0,152987000000.0,86810000000.0,AMZN
2026-03-25,211.7100067138672,36388800,10656000000.0,7695000000.0,152987000000.0,86810000000.0,AMZN
2026-03-26,207.5399932861328,46746000,10656000000.0,7695000000.0,152987000000.0,86810000000.0,AMZN
2026-03-27,199.33999633789065,56009800,10656000000.0,7695000000.0,152987000000.0,86810000000.0,AMZN
2026-03-30,200.9499969482422,46373800,10656000000.0,7695000000.0,152987000000.0,86810000000.0,AMZN
2026-03-31,208.27000427246097,58470100,10656000000.0,7695000000.0,152987000000.0,86810000000.0,AMZN
2026-04-01,210.57000732421875,45955400,10656000000.0,7695000000.0,152987000000.0,86810000000.0,AMZN
2026-04-02,209.77000427246097,31453000,10656000000.0,7695000000.0,152987000000.0,86810000000.0,AMZN
2026-04-06,212.7899932861328,25385500,10656000000.0,7695000000.0,152987000000.0,86810000000.0,AMZN
2026-04-07,213.77000427246097,28154600,10656000000.0,7695000000.0,152987000000.0,86810000000.0,AMZN
2026-04-08,221.25,51092700,10656000000.0,7695000000.0,152987000000.0,86810000000.0,AMZN
2026-04-09,233.6499938964844,65964200,10656000000.0,7695000000.0,152987000000.0,86810000000.0,AMZN
2026-04-10,238.3800048828125,56912800,10656000000.0,7695000000.0,152987000000.0,86810000000.0,AMZN
2026-04-13,239.88999938964844,42166200,10656000000.0,7695000000.0,152987000000.0,86810000000.0,AMZN
2026-04-14,249.02000427246097,72685000,10656000000.0,7695000000.0,152987000000.0,86810000000.0,AMZN
2026-04-15,248.5,43045200,10656000000.0,7695000000.0,152987000000.0,86810000000.0,AMZN
2026-04-16,249.6999969482422,41895700,10656000000.0,7695000000.0,152987000000.0,86810000000.0,AMZN
2026-04-17,250.55999755859375,52029300,10656000000.0,7695000000.0,152987000000.0,86810000000.0,AMZN
2026-04-20,248.27999877929688,39463100,10656000000.0,7695000000.0,152987000000.0,86810000000.0,AMZN
2026-04-21,249.91000366210935,42922400,10656000000.0,7695000000.0,152987000000.0,86810000000.0,AMZN
2026-04-22,255.36000061035156,36065100,10656000000.0,7695000000.0,152987000000.0,86810000000.0,AMZN
2026-04-23,255.0800018310547,39091400,10656000000.0,7695000000.0,152987000000.0,86810000000.0,AMZN
2026-04-24,263.989990234375,53777400,10656000000.0,7695000000.0,152987000000.0,86810000000.0,AMZN
2026-04-27,261.1199951171875,44906800,10656000000.0,7695000000.0,152987000000.0,86810000000.0,AMZN
2026-04-28,259.70001220703125,42204400,10656000000.0,7695000000.0,152987000000.0,86810000000.0,AMZN
2026-04-29,263.0400085449219,72367900,10656000000.0,7695000000.0,152987000000.0,86810000000.0,AMZN
2026-04-30,265.05999755859375,100974900,10656000000.0,7695000000.0,152987000000.0,86810000000.0,AMZN
2026-05-01,268.260009765625,50825200,10656000000.0,7695000000.0,152987000000.0,86810000000.0,AMZN
2026-05-04,272.04998779296875,49083700,10656000000.0,7695000000.0,152987000000.0,86810000000.0,AMZN
2026-05-05,273.54998779296875,41908500,10656000000.0,7695000000.0,152987000000.0,86810000000.0,AMZN
2026-05-06,274.989990234375,44552000,10656000000.0,7695000000.0,152987000000.0,86810000000.0,AMZN
2026-05-07,271.1700134277344,35892900,10656000000.0,7695000000.0,152987000000.0,86810000000.0,AMZN
2026-05-08,272.67999267578125,34732700,10656000000.0,7695000000.0,152987000000.0,86810000000.0,AMZN
2026-05-11,268.989990234375,38176700,10656000000.0,7695000000.0,152987000000.0,86810000000.0,AMZN
2026-05-12,265.82000732421875,36776200,10656000000.0,7695000000.0,152987000000.0,86810000000.0,AMZN
2026-05-13,270.1300048828125,39670900,10656000000.0,7695000000.0,152987000000.0,86810000000.0,AMZN
2026-05-14,267.2200012207031,31338400,10656000000.0,7695000000.0,152987000000.0,86810000000.0,AMZN
2026-05-15,264.1400146484375,40770300,10656000000.0,7695000000.0,152987000000.0,86810000000.0,AMZN
2026-05-18,264.8599853515625,33690800,10656000000.0,7695000000.0,152987000000.0,86810000000.0,AMZN
2026-05-19,259.3399963378906,40340700,10656000000.0,7695000000.0,152987000000.0,86810000000.0,AMZN
2026-05-20,265.010009765625,34933200,10656000000.0,7695000000.0,152987000000.0,86810000000.0,AMZN
2026-05-21,268.4599914550781,36591700,10656000000.0,7695000000.0,152987000000.0,86810000000.0,AMZN
2026-05-22,266.32000732421875,27535500,10656000000.0,7695000000.0,152987000000.0,86810000000.0,AMZN
2026-05-26,265.2900085449219,38028100,10656000000.0,7695000000.0,152987000000.0,86810000000.0,AMZN
2026-05-27,271.8500061035156,40061900,10656000000.0,7695000000.0,152987000000.0,86810000000.0,AMZN
2026-05-28,274.0,40630400,10656000000.0,7695000000.0,152987000000.0,86810000000.0,AMZN
2026-05-29,270.6400146484375,54749600,10656000000.0,7695000000.0,152987000000.0,86810000000.0,AMZN
2026-06-01,261.260009765625,53604400,10656000000.0,7695000000.0,152987000000.0,86810000000.0,AMZN
2026-06-02,256.5199890136719,41811000,10656000000.0,7695000000.0,152987000000.0,86810000000.0,AMZN
2026-06-03,250.02000427246097,51394200,10656000000.0,7695000000.0,152987000000.0,86810000000.0,AMZN
2026-06-04,253.7899932861328,35609800,10656000000.0,7695000000.0,152987000000.0,86810000000.0,AMZN
2026-06-05,246.02999877929688,55607800,10656000000.0,7695000000.0,152987000000.0,86810000000.0,AMZN
2026-06-08,245.22000122070312,33899500,10656000000.0,7695000000.0,152987000000.0,86810000000.0,AMZN
2026-06-09,244.19000244140625,44425400,10656000000.0,7695000000.0,152987000000.0,86810000000.0,AMZN
2026-06-10,238.0,38590200,10656000000.0,7695000000.0,152987000000.0,86810000000.0,AMZN
2026-06-11,241.5099945068359,41335400,10656000000.0,7695000000.0,152987000000.0,86810000000.0,AMZN
2026-06-12,238.5500030517578,51186600,10656000000.0,7695000000.0,152987000000.0,86810000000.0,AMZN
2026-06-15,246.02000427246097,41711600,10656000000.0,7695000000.0,152987000000.0,86810000000.0,AMZN
2026-06-16,246.0,35187400,10656000000.0,7695000000.0,152987000000.0,86810000000.0,AMZN
2026-06-17,237.5,44780800,10656000000.0,7695000000.0,152987000000.0,86810000000.0,AMZN
2026-06-18,244.38999938964844,75624400,10656000000.0,7695000000.0,152987000000.0,86810000000.0,AMZN
2026-06-22,232.7899932861328,68388500,10656000000.0,7695000000.0,152987000000.0,86810000000.0,AMZN
2026-06-23,234.11000061035156,60492600,10656000000.0,7695000000.0,152987000000.0,86810000000.0,AMZN
2026-06-24,234.27000427246097,70282600,10656000000.0,7695000000.0,152987000000.0,86810000000.0,AMZN
2026-06-25,227.0099945068359,77674100,10656000000.0,7695000000.0,152987000000.0,86810000000.0,AMZN
2026-06-26,232.69000244140625,248372100,10656000000.0,7695000000.0,152987000000.0,86810000000.0,AMZN
2026-06-29,240.13999938964844,77619200,10656000000.0,7695000000.0,152987000000.0,86810000000.0,AMZN
2026-06-30,238.33999633789065,66228300,10656000000.0,7695000000.0,152987000000.0,86810000000.0,AMZN
2026-07-01,241.6999969482422,53829900,10656000000.0,7695000000.0,152987000000.0,86810000000.0,AMZN
2026-07-02,242.6699981689453,48246400,10656000000.0,7695000000.0,152987000000.0,86810000000.0,AMZN
2026-07-06,244.16000366210935,40044000,10656000000.0,7695000000.0,152987000000.0,86810000000.0,AMZN
2026-07-07,245.97999572753903,40579600,10656000000.0,7695000000.0,152987000000.0,86810000000.0,AMZN
2026-07-08,243.6199951171875,29653000,10656000000.0,7695000000.0,152987000000.0,86810000000.0,AMZN
2026-07-09,247.0399932861328,38091700,10656000000.0,7695000000.0,152987000000.0,86810000000.0,AMZN
2026-07-10,245.33999633789065,31654000,10656000000.0,7695000000.0,152987000000.0,86810000000.0,AMZN
2026-07-13,247.30999755859375,34636100,10656000000.0,7695000000.0,152987000000.0,86810000000.0,AMZN
2026-07-14,247.4900054931641,30108100,10656000000.0,7695000000.0,152987000000.0,86810000000.0,AMZN
2026-07-15,254.9600067138672,45240600,10656000000.0,7695000000.0,152987000000.0,86810000000.0,AMZN
2026-07-16,249.88999938964844,45343700,10656000000.0,7695000000.0,152987000000.0,86810000000.0,AMZN
2026-07-17,247.22999572753903,43572400,10656000000.0,7695000000.0,152987000000.0,86810000000.0,AMZN
2026-07-20,249.9900054931641,32406500,10656000000.0,7695000000.0,152987000000.0,86810000000.0,AMZN
2026-07-21,247.5500030517578,27732100,10656000000.0,7695000000.0,152987000000.0,86810000000.0,AMZN
2026-07-22,244.8500061035156,34112700,10656000000.0,7695000000.0,152987000000.0,86810000000.0,AMZN
2026-07-23,233.66000366210935,47465300,10656000000.0,7695000000.0,152987000000.0,86810000000.0,AMZN
2026-07-24,232.11000061035156,35017400,10656000000.0,7695000000.0,152987000000.0,86810000000.0,AMZN
2026-07-27,231.38999938964844,34999500,10656000000.0,7695000000.0,152987000000.0,86810000000.0,AMZN
2026-07-28,230.86000061035156,44521600,10656000000.0,7695000000.0,152987000000.0,86810000000.0,AMZN
2026-07-29,226.6499938964844,44957500,10656000000.0,7695000000.0,152987000000.0,86810000000.0,AMZN
2026-07-30,235.5,101839800,10656000000.0,7695000000.0,152987000000.0,86810000000.0,AMZN
2026-07-31,271.5799865722656,129054800,10656000000.0,7695000000.0,152987000000.0,86810000000.0,AMZN
2026-08-03,284.0199890136719,90830200,10656000000.0,7695000000.0,152987000000.0,86810000000.0,AMZN
2026-08-04,277.4200134277344,69748100,10656000000.0,7695000000.0,152987000000.0,86810000000.0,AMZN
2026-08-05,272.6499938964844,45119800,10656000000.0,7695000000.0,152987000000.0,86810000000.0,AMZN
2026-08-06,272.260009765625,30672900,10656000000.0,7695000000.0,152987000000.0,86810000000.0,AMZN
2026-08-07,274.4800109863281,33861400,10656000000.0,7695000000.0,152987000000.0,86810000000.0,AMZN
2026-08-10,278.0899963378906,35731900,10656000000.0,7695000000.0,152987000000.0,86810000000.0,AMZN
2026-08-11,272.2699890136719,31895700,10656000000.0,7695000000.0,152987000000.0,86810000000.0,AMZN
2026-08-12,267.2799987792969,29941100,10656000000.0,7695000000.0,152987000000.0,86810000000.0,AMZN
2026-08-13,265.1300048828125,32170200,10656000000.0,7695000000.0,152987000000.0,86810000000.0,AMZN
2026-08-14,262.6499938964844,27251700,10656000000.0,7695000000.0,152987000000.0,86810000000.0,AMZN
2026-08-17,261.30999755859375,43896500,10656000000.0,7695000000.0,152987000000.0,86810000000.0,AMZN
2026-08-18,259.45001220703125,33171300,10656000000.0,7695000000.0,152987000000.0,86810000000.0,AMZN
2026-08-19,265.8399963378906,35762400,10656000000.0,7695000000.0,152987000000.0,86810000000.0,AMZN
2026-08-20,260.1099853515625,28374100,10656000000.0,7695000000.0,152987000000.0,86810000000.0,AMZN
2026-08-21,258.6300048828125,35723000,10656000000.0,7695000000.0,152987000000.0,86810000000.0,AMZN
2026-08-24,262.07000732421875,28070500,10656000000.0,7695000000.0,152987000000.0,86810000000.0,AMZN
2026-08-25,261.05999755859375,25550200,10656000000.0,7695000000.0,152987000000.0,86810000000.0,AMZN
2026-08-26,260.2799987792969,21528400,10656000000.0,7695000000.0,152987000000.0,86810000000.0,AMZN
2026-08-27,256.260009765625,35927800,10656000000.0,7695000000.0,152987000000.0,86810000000.0,AMZN
2026-08-28,266.42999267578125,49547400,10656000000.0,7695000000.0,152987000000.0,86810000000.0,AMZN
2026-08-31,259.7699890136719,46089400,10656000000.0,7695000000.0,152987000000.0,86810000000.0,AMZN
2026-09-01,254.9199981689453,31700100,10656000000.0,7695000000.0,152987000000.0,86810000000.0,AMZN
2026-09-02,254.97999572753903,23856300,10656000000.0,7695000000.0,152987000000.0,86810000000.0,AMZN
