date,close,volume,sharesOutstanding,freeCashFlow,totalDebt,cashAndCashEquivalents,symbol
2021-12-31,143.57888793945312,18136000,13353000000.0,67012000000.0,28508000000.0,20945000000.0,GOOGL
2022-01-03,143.7171173095703,28646000,13353000000.0,67012000000.0,28508000000.0,20945000000.0,GOOGL
2022-01-04,143.13035583496094,28400000,13353000000.0,67012000000.0,28508000000.0,20945000000.0,GOOGL
2022-01-05,136.56405639648438,54618000,13353000000.0,67012000000.0,28508000000.0,20945000000.0,GOOGL
2022-01-06,136.5367889404297,37348000,13353000000.0,67012000000.0,28508000000.0,20945000000.0,GOOGL
2022-01-07,135.81271362304688,29760000,13353000000.0,67012000000.0,28508000000.0,20945000000.0,GOOGL
2022-01-10,137.45069885253906,44408000,13353000000.0,67012000000.0,28508000000.0,20945000000.0,GOOGL
2022-01-11,138.50779724121094,28730000,13353000000.0,67012000000.0,28508000000.0,20945000000.0,GOOGL
2022-01-12,140.18740844726562,26108000,13353000000.0,67012000000.0,28508000000.0,20945000000.0,GOOGL
2022-01-13,137.3689422607422,31436000,13353000000.0,67012000000.0,28508000000.0,20945000000.0,GOOGL
2022-01-14,138.25454711914062,29662000,13353000000.0,67012000000.0,28508000000.0,20945000000.0,GOOGL
2022-01-18,134.80264282226562,34872000,13353000000.0,67012000000.0,28508000000.0,20945000000.0,GOOGL
2022-01-19,133.92893981933594,28648000,13353000000.0,67012000000.0,28508000000.0,20945000000.0,GOOGL
2022-01-20,132.13580322265625,29908000,13353000000.0,67012000000.0,28508000000.0,20945000000.0,GOOGL
2022-01-21,129.20582580566406,55652000,13353000000.0,67012000000.0,28508000000.0,20945000000.0,GOOGL
2022-01-24,129.65431213378906,76622000,13353000000.0,67012000000.0,28508000000.0,20945000000.0,GOOGL
2022-01-25,125.81934356689452,46960000,13353000000.0,67012000000.0,28508000000.0,20945000000.0,GOOGL
2022-01-26,128.09713745117188,49130000,13353000000.0,67012000000.0,28508000000.0,20945000000.0,GOOGL
2022-01-27,127.87115478515624,31950000,13353000000.0,67012000000.0,28508000000.0,20945000000.0,GOOGL
2022-01-28,132.17893981933594,34362000,13353000000.0,67012000000.0,28508000000.0,20945000000.0,GOOGL
2022-01-31,134.11424255371094,39986000,13353000000.0,67012000000.0,28508000000.0,20945000000.0,GOOGL
2022-02-01,136.4342041015625,68644000,13353000000.0,67012000000.0,28508000000.0,20945000000.0,GOOGL
2022-02-02,146.69918823242188,123200000,13353000000.0,67012000000.0,28508000000.0,20945000000.0,GOOGL
2022-02-03,141.83233642578125,71518000,13353000000.0,67012000000.0,28508000000.0,20945000000.0,GOOGL
2022-02-04,142.03353881835938,57998000,13353000000.0,67012000000.0,28508000000.0,20945000000.0,GOOGL
2022-02-07,137.97750854492188,54974000,13353000000.0,67012000000.0,28508000000.0,20945000000.0,GOOGL
2022-02-08,138.17379760742188,54284000,13353000000.0,67012000000.0,28508000000.0,20945000000.0,GOOGL
2022-02-09,140.34750366210938,40144000,13353000000.0,67012000000.0,28508000000.0,20945000000.0,GOOGL
2022-02-10,137.401611328125,39330000,13353000000.0,67012000000.0,28508000000.0,20945000000.0,GOOGL
2022-02-11,133.10223388671875,39958000,13353000000.0,67012000000.0,28508000000.0,20945000000.0,GOOGL
2022-02-14,134.3348388671875,34302000,13353000000.0,67012000000.0,28508000000.0,20945000000.0,GOOGL
2022-02-15,135.40780639648438,26680000,13353000000.0,67012000000.0,28508000000.0,20945000000.0,GOOGL
2022-02-16,136.52737426757812,25022000,13353000000.0,67012000000.0,28508000000.0,20945000000.0,GOOGL
2022-02-17,131.37408447265625,38950000,13353000000.0,67012000000.0,28508000000.0,20945000000.0,GOOGL
2022-02-18,129.25686645507812,45620000,13353000000.0,67012000000.0,28508000000.0,20945000000.0,GOOGL
2022-02-22,128.67254638671875,44990000,13353000000.0,67012000000.0,28508000000.0,20945000000.0,GOOGL
2022-02-23,126.46659088134766,32786000,13353000000.0,67012000000.0,28508000000.0,20945000000.0,GOOGL
2022-02-24,131.5247344970703,54456000,13353000000.0,67012000000.0,28508000000.0,20945000000.0,GOOGL
2022-02-25,133.27769470214844,36406000,13353000000.0,67012000000.0,28508000000.0,20945000000.0,GOOGL
2022-02-28,133.86996459960938,38864000,13353000000.0,67012000000.0,28508000000.0,20945000000.0,GOOGL
2022-03-01,132.88319396972656,26496000,13353000000.0,67012000000.0,28508000000.0,20945000000.0,GOOGL
2022-03-02,133.3887176513672,23520000,13353000000.0,67012000000.0,28508000000.0,20945000000.0,GOOGL
2022-03-03,132.72262573242188,24604000,13353000000.0,67012000000.0,28508000000.0,20945000000.0,GOOGL
2022-03-04,130.74710083007812,30430000,13353000000.0,67012000000.0,28508000000.0,20945000000.0,GOOGL
2022-03-07,125.2677230834961,45112000,13353000000.0,67012000000.0,28508000000.0,20945000000.0,GOOGL
2022-03-08,125.98734283447266,40428000,13353000000.0,67012000000.0,28508000000.0,20945000000.0,GOOGL
2022-03-09,132.247314453125,37026000,13353000000.0,67012000000.0,28508000000.0,20945000000.0,GOOGL
2022-03-10,131.26553344726562,27102000,13353000000.0,67012000000.0,28508000000.0,20945000000.0,GOOGL
2022-03-11,128.72903442382812,31526000,13353000000.0,67012000000.0,28508000000.0,20945000000.0,GOOGL
2022-03-14,124.84398651123048,38812000,13353000000.0,67012000000.0,28508000000.0,20945000000.0,GOOGL
2022-03-15,128.06246948242188,30920000,13353000000.0,67012000000.0,28508000000.0,20945000000.0,GOOGL
2022-03-16,132.10902404785156,35576000,13353000000.0,67012000000.0,28508000000.0,20945000000.0,GOOGL
2022-03-17,132.6626739501953,28264000,13353000000.0,67012000000.0,28508000000.0,20945000000.0,GOOGL
2022-03-18,134.92904663085938,44566000,13353000000.0,67012000000.0,28508000000.0,20945000000.0,GOOGL
2022-03-21,134.90528869628906,26832000,13353000000.0,67012000000.0,28508000000.0,20945000000.0,GOOGL
2022-03-22,138.63865661621094,35496000,13353000000.0,67012000000.0,28508000000.0,20945000000.0,GOOGL
2022-03-23,137.0601348876953,25154000,13353000000.0,67012000000.0,28508000000.0,20945000000.0,GOOGL
2022-03-24,140.32769775390625,26396000,13353000000.0,67012000000.0,28508000000.0,20945000000.0,GOOGL
2022-03-25,140.4278106689453,24126000,13353000000.0,67012000000.0,28508000000.0,20945000000.0,GOOGL
2022-03-28,140.21221923828125,35050000,13353000000.0,67012000000.0,28508000000.0,20945000000.0,GOOGL
2022-03-29,141.25294494628906,34318000,13353000000.0,67012000000.0,28508000000.0,20945000000.0,GOOGL
2022-03-30,140.6909637451172,19884000,13353000000.0,67012000000.0,28508000000.0,20945000000.0,GOOGL
2022-03-31,137.84519958496094,37524000,13353000000.0,67012000000.0,28508000000.0,20945000000.0,GOOGL
2022-04-01,138.91868591308594,25942000,13353000000.0,67012000000.0,28508000000.0,20945000000.0,GOOGL
2022-04-04,141.71485900878906,25942000,13353000000.0,67012000000.0,28508000000.0,20945000000.0,GOOGL
2022-04-05,139.35531616210938,21418000,13353000000.0,67012000000.0,28508000000.0,20945000000.0,GOOGL
2022-04-06,135.3478546142578,32468000,13353000000.0,67012000000.0,28508000000.0,20945000000.0,GOOGL
2022-04-07,134.69415283203125,26234000,13353000000.0,67012000000.0,28508000000.0,20945000000.0,GOOGL
2022-04-08,132.1160125732422,25142000,13353000000.0,67012000000.0,28508000000.0,20945000000.0,GOOGL
2022-04-11,127.69123077392578,36884000,13353000000.0,67012000000.0,28508000000.0,20945000000.0,GOOGL
2022-04-12,126.59198760986328,32710000,13353000000.0,67012000000.0,28508000000.0,20945000000.0,GOOGL
2022-04-13,128.75230407714844,27928000,13353000000.0,67012000000.0,28508000000.0,20945000000.0,GOOGL
2022-04-14,125.61613464355467,31598000,13353000000.0,67012000000.0,28508000000.0,20945000000.0,GOOGL
2022-04-18,126.55432891845705,20808000,13353000000.0,67012000000.0,28508000000.0,20945000000.0,GOOGL
2022-04-19,128.86634826660156,26490000,13353000000.0,67012000000.0,28508000000.0,20945000000.0,GOOGL
2022-04-20,126.91461944580078,31696000,13353000000.0,67012000000.0,28508000000.0,20945000000.0,GOOGL
2022-04-21,123.71745300292967,36446000,13353000000.0,67012000000.0,28508000000.0,20945000000.0,GOOGL
2022-04-22,118.583984375,56884000,13353000000.0,67012000000.0,28508000000.0,20945000000.0,GOOGL
2022-04-25,121.99226379394533,46128000,13353000000.0,67012000000.0,28508000000.0,20945000000.0,GOOGL
2022-04-26,117.60714721679688,73054000,13353000000.0,67012000000.0,28508000000.0,20945000000.0,GOOGL
2022-04-27,113.2899398803711,91820000,13353000000.0,67012000000.0,28508000000.0,20945000000.0,GOOGL
2022-04-28,117.48078155517578,48884000,13353000000.0,67012000000.0,28508000000.0,20945000000.0,GOOGL
2022-04-29,113.10655975341795,42676000,13353000000.0,67012000000.0,28508000000.0,20945000000.0,GOOGL
2022-05-02,115.55831146240234,35534000,13353000000.0,67012000000.0,28508000000.0,20945000000.0,GOOGL
2022-05-03,116.30271911621094,24968000,13353000000.0,67012000000.0,28508000000.0,20945000000.0,GOOGL
2022-05-04,121.1864013671875,49916000,13353000000.0,67012000000.0,28508000000.0,20945000000.0,GOOGL
2022-05-05,115.4814910888672,45840000,13353000000.0,67012000000.0,28508000000.0,20945000000.0,GOOGL
2022-05-06,114.72917175292967,39710000,13353000000.0,67012000000.0,28508000000.0,20945000000.0,GOOGL
2022-05-09,111.52210998535156,40802000,13353000000.0,67012000000.0,28508000000.0,20945000000.0,GOOGL
2022-05-10,113.38954162597656,39900000,13353000000.0,67012000000.0,28508000000.0,20945000000.0,GOOGL
2022-05-11,112.60401916503906,37534000,13353000000.0,67012000000.0,28508000000.0,20945000000.0,GOOGL
2022-05-12,111.85218811035156,53836000,13353000000.0,67012000000.0,28508000000.0,20945000000.0,GOOGL
2022-05-13,115.03050994873048,35038000,13353000000.0,67012000000.0,28508000000.0,20945000000.0,GOOGL
2022-05-16,113.43911743164062,25990000,13353000000.0,67012000000.0,28508000000.0,20945000000.0,GOOGL
2022-05-17,115.44929504394533,23054000,13353000000.0,67012000000.0,28508000000.0,20945000000.0,GOOGL
2022-05-18,110.91598510742188,35126000,13353000000.0,67012000000.0,28508000000.0,20945000000.0,GOOGL
2022-05-19,109.41380310058594,34144000,13353000000.0,67012000000.0,28508000000.0,20945000000.0,GOOGL
2022-05-20,107.95077514648438,48962000,13353000000.0,67012000000.0,28508000000.0,20945000000.0,GOOGL
2022-05-23,110.5081024169922,37184000,13353000000.0,67012000000.0,28508000000.0,20945000000.0,GOOGL
2022-05-24,105.0385971069336,76780000,13353000000.0,67012000000.0,28508000000.0,20945000000.0,GOOGL
2022-05-25,104.87505340576172,40258000,13353000000.0,67012000000.0,28508000000.0,20945000000.0,GOOGL
2022-05-26,106.8450927734375,37948000,13353000000.0,67012000000.0,28508000000.0,20945000000.0,GOOGL
2022-05-27,111.3293228149414,37914000,13353000000.0,67012000000.0,28508000000.0,20945000000.0,GOOGL
2022-05-31,112.7621078491211,50012000,13353000000.0,67012000000.0,28508000000.0,20945000000.0,GOOGL
2022-06-01,112.8909683227539,36606000,13353000000.0,67012000000.0,28508000000.0,20945000000.0,GOOGL
2022-06-02,116.58868408203124,37992000,13353000000.0,67012000000.0,28508000000.0,20945000000.0,GOOGL
2022-06-03,113.53425598144533,26136000,13353000000.0,67012000000.0,28508000000.0,20945000000.0,GOOGL
2022-06-06,115.7937469482422,33542000,13353000000.0,67012000000.0,28508000000.0,20945000000.0,GOOGL
2022-06-07,116.11984252929688,31590000,13353000000.0,67012000000.0,28508000000.0,20945000000.0,GOOGL
2022-06-08,116.16395568847656,26108000,13353000000.0,67012000000.0,28508000000.0,20945000000.0,GOOGL
2022-06-09,113.82617950439452,25798000,13353000000.0,67012000000.0,28508000000.0,20945000000.0,GOOGL
2022-06-10,110.1844711303711,41452000,13353000000.0,67012000000.0,28508000000.0,20945000000.0,GOOGL
2022-06-13,105.45738220214844,47252000,13353000000.0,67012000000.0,28508000000.0,20945000000.0,GOOGL
2022-06-14,105.77755737304688,33706000,13353000000.0,67012000000.0,28508000000.0,20945000000.0,GOOGL
2022-06-15,108.79975128173828,39698000,13353000000.0,67012000000.0,28508000000.0,20945000000.0,GOOGL
2022-06-16,105.10154724121094,51684000,13353000000.0,67012000000.0,28508000000.0,20945000000.0,GOOGL
2022-06-17,106.20178985595705,51376000,13353000000.0,67012000000.0,28508000000.0,20945000000.0,GOOGL
2022-06-21,110.56360626220705,47416000,13353000000.0,67012000000.0,28508000000.0,20945000000.0,GOOGL
2022-06-22,110.50760650634766,30774000,13353000000.0,67012000000.0,28508000000.0,20945000000.0,GOOGL
2022-06-23,111.25547790527344,28362000,13353000000.0,67012000000.0,28508000000.0,20945000000.0,GOOGL
2022-06-24,116.9380874633789,41164000,13353000000.0,67012000000.0,28508000000.0,20945000000.0,GOOGL
2022-06-27,114.8154067993164,36420000,13353000000.0,67012000000.0,28508000000.0,20945000000.0,GOOGL
2022-06-28,111.02303314208984,35792000,13353000000.0,67012000000.0,28508000000.0,20945000000.0,GOOGL
2022-06-29,110.71971893310548,24716000,13353000000.0,67012000000.0,28508000000.0,20945000000.0,GOOGL
2022-06-30,108.00530242919922,43170000,13353000000.0,67012000000.0,28508000000.0,20945000000.0,GOOGL
2022-07-01,107.78177642822266,35476000,13353000000.0,67012000000.0,28508000000.0,20945000000.0,GOOGL
2022-07-05,112.26750183105467,39342000,13353000000.0,67012000000.0,28508000000.0,20945000000.0,GOOGL
2022-07-06,113.56500244140624,37432000,13353000000.0,67012000000.0,28508000000.0,20945000000.0,GOOGL
2022-07-07,117.73898315429688,40936000,13353000000.0,67012000000.0,28508000000.0,20945000000.0,GOOGL
2022-07-08,118.30445861816406,38238000,13353000000.0,67012000000.0,28508000000.0,20945000000.0,GOOGL
2022-07-11,114.6597900390625,31196000,13353000000.0,67012000000.0,28508000000.0,20945000000.0,GOOGL
2022-07-12,113.01834106445312,29960000,13353000000.0,67012000000.0,28508000000.0,20945000000.0,GOOGL
2022-07-13,110.37478637695312,43722000,13353000000.0,67012000000.0,28508000000.0,20945000000.0,GOOGL
2022-07-14,109.39744567871094,37004000,13353000000.0,67012000000.0,28508000000.0,20945000000.0,GOOGL
2022-07-15,110.79505157470705,46770000,13353000000.0,67012000000.0,28508000000.0,20945000000.0,GOOGL
2022-07-18,108.07170104980467,43164600,13353000000.0,67012000000.0,28508000000.0,20945000000.0,GOOGL
2022-07-19,112.80970001220705,36530900,13353000000.0,67012000000.0,28508000000.0,20945000000.0,GOOGL
2022-07-20,112.89889526367188,35600400,13353000000.0,67012000000.0,28508000000.0,20945000000.0,GOOGL
2022-07-21,113.33502960205078,32676200,13353000000.0,67012000000.0,28508000000.0,20945000000.0,GOOGL
2022-07-22,106.95164489746094,48901200,13353000000.0,67012000000.0,28508000000.0,20945000000.0,GOOGL
2022-07-25,106.56507110595705,34690900,13353000000.0,67012000000.0,28508000000.0,20945000000.0,GOOGL
2022-07-26,104.09695434570312,47991000,13353000000.0,67012000000.0,28508000000.0,20945000000.0,GOOGL
2022-07-27,112.06627655029295,59858500,13353000000.0,67012000000.0,28508000000.0,20945000000.0,GOOGL
2022-07-28,113.2160873413086,32816600,13353000000.0,67012000000.0,28508000000.0,20945000000.0,GOOGL
2022-07-29,115.29764556884766,37223400,13353000000.0,67012000000.0,28508000000.0,20945000000.0,GOOGL
2022-08-01,113.85045623779295,26034300,13353000000.0,67012000000.0,28508000000.0,20945000000.0,GOOGL
2022-08-02,114.11808776855467,20236000,13353000000.0,67012000000.0,28508000000.0,20945000000.0,GOOGL
2022-08-03,117.04216003417967,28499000,13353000000.0,67012000000.0,28508000000.0,20945000000.0,GOOGL
2022-08-04,117.15118408203124,21602900,13353000000.0,67012000000.0,28508000000.0,20945000000.0,GOOGL
2022-08-05,116.43753051757812,19159500,13353000000.0,67012000000.0,28508000000.0,20945000000.0,GOOGL
2022-08-08,116.26901245117188,19138300,13353000000.0,67012000000.0,28508000000.0,20945000000.0,GOOGL
2022-08-09,115.60490417480467,19086500,13353000000.0,67012000000.0,28508000000.0,20945000000.0,GOOGL
2022-08-10,118.6479263305664,30930400,13353000000.0,67012000000.0,28508000000.0,20945000000.0,GOOGL
2022-08-11,117.79547119140624,24293700,13353000000.0,67012000000.0,28508000000.0,20945000000.0,GOOGL
2022-08-12,120.61052703857422,19096300,13353000000.0,67012000000.0,28508000000.0,20945000000.0,GOOGL
2022-08-15,121.00700378417967,19494800,13353000000.0,67012000000.0,28508000000.0,20945000000.0,GOOGL
2022-08-16,120.63035583496094,19041200,13353000000.0,67012000000.0,28508000000.0,20945000000.0,GOOGL
2022-08-17,118.4992446899414,22847000,13353000000.0,67012000000.0,28508000000.0,20945000000.0,GOOGL
2022-08-18,119.11378479003906,17987700,13353000000.0,67012000000.0,28508000000.0,20945000000.0,GOOGL
2022-08-19,116.17981719970705,21809500,13353000000.0,67012000000.0,28508000000.0,20945000000.0,GOOGL
2022-08-22,113.23590087890624,21456600,13353000000.0,67012000000.0,28508000000.0,20945000000.0,GOOGL
2022-08-23,112.85926055908205,15870400,13353000000.0,67012000000.0,28508000000.0,20945000000.0,GOOGL
2022-08-24,112.69075775146484,17734600,13353000000.0,67012000000.0,28508000000.0,20945000000.0,GOOGL
2022-08-25,115.6247329711914,16956800,13353000000.0,67012000000.0,28508000000.0,20945000000.0,GOOGL
2022-08-26,109.37019348144533,37245700,13353000000.0,67012000000.0,28508000000.0,20945000000.0,GOOGL
2022-08-29,108.45828247070312,21191200,13353000000.0,67012000000.0,28508000000.0,20945000000.0,GOOGL
2022-08-30,107.98249053955078,27513300,13353000000.0,67012000000.0,28508000000.0,20945000000.0,GOOGL
2022-08-31,107.26882934570312,28627000,13353000000.0,67012000000.0,28508000000.0,20945000000.0,GOOGL
2022-09-01,108.77545166015624,28360900,13353000000.0,67012000000.0,28508000000.0,20945000000.0,GOOGL
2022-09-02,106.90206909179688,24160700,13353000000.0,67012000000.0,28508000000.0,20945000000.0,GOOGL
2022-09-06,105.87122344970705,25068300,13353000000.0,67012000000.0,28508000000.0,20945000000.0,GOOGL
2022-09-07,108.48800659179688,23167000,13353000000.0,67012000000.0,28508000000.0,20945000000.0,GOOGL
2022-09-08,107.42740631103516,24238300,13353000000.0,67012000000.0,28508000000.0,20945000000.0,GOOGL
2022-09-09,109.6774673461914,23197700,13353000000.0,67012000000.0,28508000000.0,20945000000.0,GOOGL
2022-09-12,109.8856201171875,22966800,13353000000.0,67012000000.0,28508000000.0,20945000000.0,GOOGL
2022-09-13,103.40310668945312,38172900,13353000000.0,67012000000.0,28508000000.0,20945000000.0,GOOGL
2022-09-14,104.0771255493164,26395100,13353000000.0,67012000000.0,28508000000.0,20945000000.0,GOOGL
2022-09-15,102.00550079345705,34188300,13353000000.0,67012000000.0,28508000000.0,20945000000.0,GOOGL
2022-09-16,101.8964614868164,42797200,13353000000.0,67012000000.0,28508000000.0,20945000000.0,GOOGL
2022-09-19,102.16407775878906,23036800,13353000000.0,67012000000.0,28508000000.0,20945000000.0,GOOGL
2022-09-20,100.25105285644533,26517100,13353000000.0,67012000000.0,28508000000.0,20945000000.0,GOOGL
2022-09-21,98.40740203857422,31487300,13353000000.0,67012000000.0,28508000000.0,20945000000.0,GOOGL
2022-09-22,99.25984191894533,34298600,13353000000.0,67012000000.0,28508000000.0,20945000000.0,GOOGL
2022-09-23,97.87213897705078,31625400,13353000000.0,67012000000.0,28508000000.0,20945000000.0,GOOGL
2022-09-26,97.3071517944336,27072700,13353000000.0,67012000000.0,28508000000.0,20945000000.0,GOOGL
2022-09-27,96.64305114746094,30072800,13353000000.0,67012000000.0,28508000000.0,20945000000.0,GOOGL
2022-09-28,99.1706314086914,32466300,13353000000.0,67012000000.0,28508000000.0,20945000000.0,GOOGL
2022-09-29,96.5637435913086,31047200,13353000000.0,67012000000.0,28508000000.0,20945000000.0,GOOGL
2022-09-30,94.80931091308594,32941500,13353000000.0,67012000000.0,28508000000.0,20945000000.0,GOOGL
2022-10-03,97.77302551269533,27982000,13353000000.0,67012000000.0,28508000000.0,20945000000.0,GOOGL
2022-10-04,100.74666595458984,28850800,13353000000.0,67012000000.0,28508000000.0,20945000000.0,GOOGL
2022-10-05,100.53849792480467,22176900,13353000000.0,67012000000.0,28508000000.0,20945000000.0,GOOGL
2022-10-06,100.5285873413086,22324000,13353000000.0,67012000000.0,28508000000.0,20945000000.0,GOOGL
2022-10-07,97.81268310546876,27502800,13353000000.0,67012000000.0,28508000000.0,20945000000.0,GOOGL
2022-10-10,96.9999008178711,18225100,13353000000.0,67012000000.0,28508000000.0,20945000000.0,GOOGL
2022-10-11,96.32585906982422,26507100,13353000000.0,67012000000.0,28508000000.0,20945000000.0,GOOGL
2022-10-12,96.70252990722656,21876400,13353000000.0,67012000000.0,28508000000.0,20945000000.0,GOOGL
2022-10-13,98.1893310546875,34574500,13353000000.0,67012000000.0,28508000000.0,20945000000.0,GOOGL
2022-10-14,95.7113037109375,25410700,13353000000.0,67012000000.0,28508000000.0,20945000000.0,GOOGL
2022-10-17,99.09132385253906,28419200,13353000000.0,67012000000.0,28508000000.0,20945000000.0,GOOGL
2022-10-18,99.88431549072266,24060700,13353000000.0,67012000000.0,28508000000.0,20945000000.0,GOOGL
2022-10-19,98.75431823730467,23811100,13353000000.0,67012000000.0,28508000000.0,20945000000.0,GOOGL
2022-10-20,99.09132385253906,25323200,13353000000.0,67012000000.0,28508000000.0,20945000000.0,GOOGL
2022-10-21,100.24114227294922,32458700,13353000000.0,67012000000.0,28508000000.0,20945000000.0,GOOGL
2022-10-24,101.61891174316406,27176400,13353000000.0,67012000000.0,28508000000.0,20945000000.0,GOOGL
2022-10-25,103.56169891357422,40611400,13353000000.0,67012000000.0,28508000000.0,20945000000.0,GOOGL
2022-10-26,94.09561920166016,88114100,13353000000.0,67012000000.0,28508000000.0,20945000000.0,GOOGL
2022-10-27,91.40945434570312,60710900,13353000000.0,67012000000.0,28508000000.0,20945000000.0,GOOGL
2022-10-28,95.44367218017578,43697300,13353000000.0,67012000000.0,28508000000.0,20945000000.0,GOOGL
2022-10-31,93.6793212890625,31675000,13353000000.0,67012000000.0,28508000000.0,20945000000.0,GOOGL
2022-11-01,89.6748275756836,47161400,13353000000.0,67012000000.0,28508000000.0,20945000000.0,GOOGL
2022-11-02,86.20560455322266,57038300,13353000000.0,67012000000.0,28508000000.0,20945000000.0,GOOGL
2022-11-03,82.69670104980469,61288000,13353000000.0,67012000000.0,28508000000.0,20945000000.0,GOOGL
2022-11-04,85.81901550292969,51124900,13353000000.0,67012000000.0,28508000000.0,20945000000.0,GOOGL
2022-11-07,87.71224212646484,34078900,13353000000.0,67012000000.0,28508000000.0,20945000000.0,GOOGL
2022-11-08,88.11863708496094,30429000,13353000000.0,67012000000.0,28508000000.0,20945000000.0,GOOGL
2022-11-09,86.55252838134766,31769100,13353000000.0,67012000000.0,28508000000.0,20945000000.0,GOOGL
2022-11-10,93.11434173583984,51620100,13353000000.0,67012000000.0,28508000000.0,20945000000.0,GOOGL
2022-11-11,95.5626220703125,33090500,13353000000.0,67012000000.0,28508000000.0,20945000000.0,GOOGL
2022-11-14,94.85885620117188,30179500,13353000000.0,67012000000.0,28508000000.0,20945000000.0,GOOGL
2022-11-15,97.57478332519533,41640800,13353000000.0,67012000000.0,28508000000.0,20945000000.0,GOOGL
2022-11-16,97.98118591308594,29105200,13353000000.0,67012000000.0,28508000000.0,20945000000.0,GOOGL
2022-11-17,97.49549102783205,26052600,13353000000.0,67012000000.0,28508000000.0,20945000000.0,GOOGL
2022-11-18,96.57364654541016,28342300,13353000000.0,67012000000.0,28508000000.0,20945000000.0,GOOGL
2022-11-21,94.75973510742188,21647400,13353000000.0,67012000000.0,28508000000.0,20945000000.0,GOOGL
2022-11-22,96.19700622558594,23438500,13353000000.0,67012000000.0,28508000000.0,20945000000.0,GOOGL
2022-11-23,97.5946044921875,18868100,13353000000.0,67012000000.0,28508000000.0,20945000000.0,GOOGL
2022-11-25,96.60340118408205,9701400,13353000000.0,67012000000.0,28508000000.0,20945000000.0,GOOGL
2022-11-28,95.20578002929688,26237500,13353000000.0,67012000000.0,28508000000.0,20945000000.0,GOOGL
2022-11-29,94.35334777832033,20061700,13353000000.0,67012000000.0,28508000000.0,20945000000.0,GOOGL
2022-11-30,100.10237121582033,43647500,13353000000.0,67012000000.0,28508000000.0,20945000000.0,GOOGL
2022-12-01,100.10237121582033,28687100,13353000000.0,67012000000.0,28508000000.0,20945000000.0,GOOGL
2022-12-02,99.55721282958984,21480700,13353000000.0,67012000000.0,28508000000.0,20945000000.0,GOOGL
2022-12-05,98.60564422607422,24405100,13353000000.0,67012000000.0,28508000000.0,20945000000.0,GOOGL
2022-12-06,96.12761688232422,24910700,13353000000.0,67012000000.0,28508000000.0,20945000000.0,GOOGL
2022-12-07,94.10554504394533,31045400,13353000000.0,67012000000.0,28508000000.0,20945000000.0,GOOGL
2022-12-08,92.88636016845705,32213300,13353000000.0,67012000000.0,28508000000.0,20945000000.0,GOOGL
2022-12-09,92.01409149169922,28225400,13353000000.0,67012000000.0,28508000000.0,20945000000.0,GOOGL
2022-12-12,92.48988342285156,29420000,13353000000.0,67012000000.0,28508000000.0,20945000000.0,GOOGL
2022-12-13,94.78948211669922,40593700,13353000000.0,67012000000.0,28508000000.0,20945000000.0,GOOGL
2022-12-14,94.2343978881836,28733600,13353000000.0,67012000000.0,28508000000.0,20945000000.0,GOOGL
2022-12-15,90.06140899658203,40107000,13353000000.0,67012000000.0,28508000000.0,20945000000.0,GOOGL
2022-12-16,89.4666748046875,58011800,13353000000.0,67012000000.0,28508000000.0,20945000000.0,GOOGL
2022-12-19,87.66267395019531,29493000,13353000000.0,67012000000.0,28508000000.0,20945000000.0,GOOGL
2022-12-20,88.23756408691406,23453800,13353000000.0,67012000000.0,28508000000.0,20945000000.0,GOOGL
2022-12-21,88.79265594482422,24745600,13353000000.0,67012000000.0,28508000000.0,20945000000.0,GOOGL
2022-12-22,86.98866271972656,27658300,13353000000.0,67012000000.0,28508000000.0,20945000000.0,GOOGL
2022-12-23,88.44573974609375,23003000,13353000000.0,67012000000.0,28508000000.0,20945000000.0,GOOGL
2022-12-27,86.62190246582031,20097300,13353000000.0,67012000000.0,28508000000.0,20945000000.0,GOOGL
2022-12-28,85.26395416259766,19523200,13353000000.0,67012000000.0,28508000000.0,20945000000.0,GOOGL
2022-12-29,87.6725845336914,23333500,13353000000.0,67012000000.0,28508000000.0,20945000000.0,GOOGL
2022-12-30,87.45453643798828,23986300,13353000000.0,67012000000.0,28508000000.0,20945000000.0,GOOGL
2023-01-03,88.33670806884766,28131200,13063000000.0,60010000000.0,29679000000.0,21879000000.0,GOOGL
2023-01-04,87.30584716796875,34854800,13063000000.0,60010000000.0,29679000000.0,21879000000.0,GOOGL
2023-01-05,85.4423599243164,27194400,13063000000.0,60010000000.0,29679000000.0,21879000000.0,GOOGL
2023-01-06,86.57234954833984,41381500,13063000000.0,60010000000.0,29679000000.0,21879000000.0,GOOGL
2023-01-09,87.24636840820312,29003900,13063000000.0,60010000000.0,29679000000.0,21879000000.0,GOOGL
2023-01-10,87.64285278320312,30467800,13063000000.0,60010000000.0,29679000000.0,21879000000.0,GOOGL
2023-01-11,90.7155990600586,26862000,13063000000.0,60010000000.0,29679000000.0,21879000000.0,GOOGL
2023-01-12,90.32902526855467,30258100,13063000000.0,60010000000.0,29679000000.0,21879000000.0,GOOGL
2023-01-13,91.3103256225586,26329200,13063000000.0,60010000000.0,29679000000.0,21879000000.0,GOOGL
2023-01-17,90.48762512207033,32602400,13063000000.0,60010000000.0,29679000000.0,21879000000.0,GOOGL
2023-01-18,90.31912994384766,29116700,13063000000.0,60010000000.0,29679000000.0,21879000000.0,GOOGL
2023-01-19,92.23217010498048,37000400,13063000000.0,60010000000.0,29679000000.0,21879000000.0,GOOGL
2023-01-20,97.15846252441406,63191100,13063000000.0,60010000000.0,29679000000.0,21879000000.0,GOOGL
2023-01-23,98.91291809082033,40005100,13063000000.0,60010000000.0,29679000000.0,21879000000.0,GOOGL
2023-01-24,96.8412857055664,33078500,13063000000.0,60010000000.0,29679000000.0,21879000000.0,GOOGL
2023-01-25,94.38308715820312,42330000,13063000000.0,60010000000.0,29679000000.0,21879000000.0,GOOGL
2023-01-26,96.6628646850586,30114000,13063000000.0,60010000000.0,29679000000.0,21879000000.0,GOOGL
2023-01-27,98.49661254882812,33879800,13063000000.0,60010000000.0,29679000000.0,21879000000.0,GOOGL
2023-01-30,96.08796691894533,27226200,13063000000.0,60010000000.0,29679000000.0,21879000000.0,GOOGL
2023-01-31,97.97126007080078,29870700,13063000000.0,60010000000.0,29679000000.0,21879000000.0,GOOGL
2023-02-01,99.54729461669922,35531100,13063000000.0,60010000000.0,29679000000.0,21879000000.0,GOOGL
2023-02-02,106.79304504394533,69883800,13063000000.0,60010000000.0,29679000000.0,21879000000.0,GOOGL
2023-02-03,103.85905456542967,65309300,13063000000.0,60010000000.0,29679000000.0,21879000000.0,GOOGL
2023-02-06,101.99559020996094,31999600,13063000000.0,60010000000.0,29679000000.0,21879000000.0,GOOGL
2023-02-07,106.69391632080078,49010200,13063000000.0,60010000000.0,29679000000.0,21879000000.0,GOOGL
2023-02-08,98.49661254882812,94743500,13063000000.0,60010000000.0,29679000000.0,21879000000.0,GOOGL
2023-02-09,94.1749267578125,119455000,13063000000.0,60010000000.0,29679000000.0,21879000000.0,GOOGL
2023-02-10,93.7387924194336,54980700,13063000000.0,60010000000.0,29679000000.0,21879000000.0,GOOGL
2023-02-13,93.77843475341795,50076100,13063000000.0,60010000000.0,29679000000.0,21879000000.0,GOOGL
2023-02-14,93.84782409667967,54726100,13063000000.0,60010000000.0,29679000000.0,21879000000.0,GOOGL
2023-02-15,96.08796691894533,50169000,13063000000.0,60010000000.0,29679000000.0,21879000000.0,GOOGL
2023-02-16,94.67054748535156,42462600,13063000000.0,60010000000.0,29679000000.0,21879000000.0,GOOGL
2023-02-17,93.5207290649414,34284100,13063000000.0,60010000000.0,29679000000.0,21879000000.0,GOOGL
2023-02-21,90.98323822021484,33629300,13063000000.0,60010000000.0,29679000000.0,21879000000.0,GOOGL
2023-02-22,90.84446716308594,30884000,13063000000.0,60010000000.0,29679000000.0,21879000000.0,GOOGL
2023-02-23,90.09114074707033,41206400,13063000000.0,60010000000.0,29679000000.0,21879000000.0,GOOGL
2023-02-24,88.34661102294922,36585100,13063000000.0,60010000000.0,29679000000.0,21879000000.0,GOOGL
2023-02-27,89.08010864257812,27502300,13063000000.0,60010000000.0,29679000000.0,21879000000.0,GOOGL
2023-02-28,89.2684326171875,30142000,13063000000.0,60010000000.0,29679000000.0,21879000000.0,GOOGL
2023-03-01,89.56578826904297,31111200,13063000000.0,60010000000.0,29679000000.0,21879000000.0,GOOGL
2023-03-02,91.1913833618164,32204400,13063000000.0,60010000000.0,29679000000.0,21879000000.0,GOOGL
2023-03-03,92.82688903808594,35160100,13063000000.0,60010000000.0,29679000000.0,21879000000.0,GOOGL
2023-03-06,94.29386901855467,32639300,13063000000.0,60010000000.0,29679000000.0,21879000000.0,GOOGL
2023-03-07,93.03504180908205,27835500,13063000000.0,60010000000.0,29679000000.0,21879000000.0,GOOGL
2023-03-08,93.42160034179688,34103300,13063000000.0,60010000000.0,29679000000.0,21879000000.0,GOOGL
2023-03-09,91.5085678100586,28813500,13063000000.0,60010000000.0,29679000000.0,21879000000.0,GOOGL
2023-03-10,89.83343505859375,35941000,13063000000.0,60010000000.0,29679000000.0,21879000000.0,GOOGL
2023-03-13,90.3092041015625,37335600,13063000000.0,60010000000.0,29679000000.0,21879000000.0,GOOGL
2023-03-14,93.14407348632812,36050200,13063000000.0,60010000000.0,29679000000.0,21879000000.0,GOOGL
2023-03-15,95.26525115966795,50622100,13063000000.0,60010000000.0,29679000000.0,21879000000.0,GOOGL
2023-03-16,99.4382553100586,65492000,13063000000.0,60010000000.0,29679000000.0,21879000000.0,GOOGL
2023-03-17,100.72683715820312,61028500,13063000000.0,60010000000.0,29679000000.0,21879000000.0,GOOGL
2023-03-20,100.3303451538086,32960400,13063000000.0,60010000000.0,29679000000.0,21879000000.0,GOOGL
2023-03-21,103.99781799316406,42110300,13063000000.0,60010000000.0,29679000000.0,21879000000.0,GOOGL
2023-03-22,102.46145629882812,43427400,13063000000.0,60010000000.0,29679000000.0,21879000000.0,GOOGL
2023-03-23,104.6718521118164,40797800,13063000000.0,60010000000.0,29679000000.0,21879000000.0,GOOGL
2023-03-24,104.51325988769533,30393300,13063000000.0,60010000000.0,29679000000.0,21879000000.0,GOOGL
2023-03-27,101.55944061279295,31120900,13063000000.0,60010000000.0,29679000000.0,21879000000.0,GOOGL
2023-03-28,100.14202117919922,32057900,13063000000.0,60010000000.0,29679000000.0,21879000000.0,GOOGL
2023-03-29,100.49885559082033,28779600,13063000000.0,60010000000.0,29679000000.0,21879000000.0,GOOGL
2023-03-30,100.00325775146484,33086200,13063000000.0,60010000000.0,29679000000.0,21879000000.0,GOOGL
2023-03-31,102.81830596923828,36863400,13063000000.0,60010000000.0,29679000000.0,21879000000.0,GOOGL
2023-04-03,103.4427490234375,25035400,13063000000.0,60010000000.0,29679000000.0,21879000000.0,GOOGL
2023-04-04,103.79959869384766,24420100,13063000000.0,60010000000.0,29679000000.0,21879000000.0,GOOGL
2023-04-05,103.55179595947266,28290500,13063000000.0,60010000000.0,29679000000.0,21879000000.0,GOOGL
2023-04-06,107.4670639038086,48711500,13063000000.0,60010000000.0,29679000000.0,21879000000.0,GOOGL
2023-04-10,105.50447082519533,27067400,13063000000.0,60010000000.0,29679000000.0,21879000000.0,GOOGL
2023-04-11,104.4240493774414,26311800,13063000000.0,60010000000.0,29679000000.0,21879000000.0,GOOGL
2023-04-12,103.72028350830078,24370300,13063000000.0,60010000000.0,29679000000.0,21879000000.0,GOOGL
2023-04-13,106.48577117919922,24843600,13063000000.0,60010000000.0,29679000000.0,21879000000.0,GOOGL
2023-04-14,107.91310119628906,26578000,13063000000.0,60010000000.0,29679000000.0,21879000000.0,GOOGL
2023-04-17,105.0385971069336,37571200,13063000000.0,60010000000.0,29679000000.0,21879000000.0,GOOGL
2023-04-18,103.5815200805664,26596400,13063000000.0,60010000000.0,29679000000.0,21879000000.0,GOOGL
2023-04-19,103.26432800292967,20905700,13063000000.0,60010000000.0,29679000000.0,21879000000.0,GOOGL
2023-04-20,104.36457061767578,27820800,13063000000.0,60010000000.0,29679000000.0,21879000000.0,GOOGL
2023-04-21,104.4835205078125,25800100,13063000000.0,60010000000.0,29679000000.0,21879000000.0,GOOGL
2023-04-24,105.0385971069336,23542800,13063000000.0,60010000000.0,29679000000.0,21879000000.0,GOOGL
2023-04-25,102.93724060058594,46664100,13063000000.0,60010000000.0,29679000000.0,21879000000.0,GOOGL
2023-04-26,102.7984619140625,53347600,13063000000.0,60010000000.0,29679000000.0,21879000000.0,GOOGL
2023-04-27,106.64435577392578,50089200,13063000000.0,60010000000.0,29679000000.0,21879000000.0,GOOGL
2023-04-28,106.39654541015624,36139800,13063000000.0,60010000000.0,29679000000.0,21879000000.0,GOOGL
2023-05-01,106.25777435302734,26681700,13063000000.0,60010000000.0,29679000000.0,21879000000.0,GOOGL
2023-05-02,104.39431762695312,30997200,13063000000.0,60010000000.0,29679000000.0,21879000000.0,GOOGL
2023-05-03,104.4835205078125,21795400,13063000000.0,60010000000.0,29679000000.0,21879000000.0,GOOGL
2023-05-04,103.76985168457033,23419500,13063000000.0,60010000000.0,29679000000.0,21879000000.0,GOOGL
2023-05-05,104.64212799072266,26639300,13063000000.0,60010000000.0,29679000000.0,21879000000.0,GOOGL
2023-05-08,106.82276916503906,26511400,13063000000.0,60010000000.0,29679000000.0,21879000000.0,GOOGL
2023-05-09,106.40646362304688,36360100,13063000000.0,60010000000.0,29679000000.0,21879000000.0,GOOGL
2023-05-10,110.76779174804688,63153400,13063000000.0,60010000000.0,29679000000.0,21879000000.0,GOOGL
2023-05-11,115.54542541503906,78900000,13063000000.0,60010000000.0,29679000000.0,21879000000.0,GOOGL
2023-05-12,116.47718048095705,41102300,13063000000.0,60010000000.0,29679000000.0,21879000000.0,GOOGL
2023-05-15,115.4859619140625,36266800,13063000000.0,60010000000.0,29679000000.0,21879000000.0,GOOGL
2023-05-16,118.45958709716795,45035600,13063000000.0,60010000000.0,29679000000.0,21879000000.0,GOOGL
2023-05-17,119.77790069580078,33323600,13063000000.0,60010000000.0,29679000000.0,21879000000.0,GOOGL
2023-05-18,121.75041961669922,35234200,13063000000.0,60010000000.0,29679000000.0,21879000000.0,GOOGL
2023-05-19,121.68102264404295,41353400,13063000000.0,60010000000.0,29679000000.0,21879000000.0,GOOGL
2023-05-22,123.95089721679688,35253000,13063000000.0,60010000000.0,29679000000.0,21879000000.0,GOOGL
2023-05-23,121.4827880859375,34046300,13063000000.0,60010000000.0,29679000000.0,21879000000.0,GOOGL
2023-05-24,119.83737182617188,34182600,13063000000.0,60010000000.0,29679000000.0,21879000000.0,GOOGL
2023-05-25,122.39471435546876,42317000,13063000000.0,60010000000.0,29679000000.0,21879000000.0,GOOGL
2023-05-26,123.51476287841795,35635900,13063000000.0,60010000000.0,29679000000.0,21879000000.0,GOOGL
2023-05-30,122.5830307006836,35076700,13063000000.0,60010000000.0,29679000000.0,21879000000.0,GOOGL
2023-05-31,121.79007720947266,37325800,13063000000.0,60010000000.0,29679000000.0,21879000000.0,GOOGL
2023-06-01,122.63258361816406,30772700,13063000000.0,60010000000.0,29679000000.0,21879000000.0,GOOGL
2023-06-02,123.57423400878906,26980100,13063000000.0,60010000000.0,29679000000.0,21879000000.0,GOOGL
2023-06-05,124.9024658203125,32305500,13063000000.0,60010000000.0,29679000000.0,21879000000.0,GOOGL
2023-06-06,126.1910400390625,26638300,13063000000.0,60010000000.0,29679000000.0,21879000000.0,GOOGL
2023-06-07,121.4233169555664,52539000,13063000000.0,60010000000.0,29679000000.0,21879000000.0,GOOGL
2023-06-08,121.06647491455078,29389200,13063000000.0,60010000000.0,29679000000.0,21879000000.0,GOOGL
2023-06-09,121.15569305419922,23778300,13063000000.0,60010000000.0,29679000000.0,21879000000.0,GOOGL
2023-06-12,122.55328369140624,28306400,13063000000.0,60010000000.0,29679000000.0,21879000000.0,GOOGL
2023-06-13,122.74163055419922,22278300,13063000000.0,60010000000.0,29679000000.0,21879000000.0,GOOGL
2023-06-14,122.5830307006836,30592300,13063000000.0,60010000000.0,29679000000.0,21879000000.0,GOOGL
2023-06-15,123.99054718017578,35246300,13063000000.0,60010000000.0,29679000000.0,21879000000.0,GOOGL
2023-06-16,122.44425964355467,45535600,13063000000.0,60010000000.0,29679000000.0,21879000000.0,GOOGL
2023-06-20,122.0180435180664,26097500,13063000000.0,60010000000.0,29679000000.0,21879000000.0,GOOGL
2023-06-21,119.4904556274414,30306300,13063000000.0,60010000000.0,29679000000.0,21879000000.0,GOOGL
2023-06-22,122.06759643554688,26952200,13063000000.0,60010000000.0,29679000000.0,21879000000.0,GOOGL
2023-06-23,121.26471710205078,34913600,13063000000.0,60010000000.0,29679000000.0,21879000000.0,GOOGL
2023-06-26,117.29988098144533,33969900,13063000000.0,60010000000.0,29679000000.0,21879000000.0,GOOGL
2023-06-27,117.28995513916016,39535900,13063000000.0,60010000000.0,29679000000.0,21879000000.0,GOOGL
2023-06-28,119.12371063232422,27091400,13063000000.0,60010000000.0,29679000000.0,21879000000.0,GOOGL
2023-06-29,118.0531997680664,24090900,13063000000.0,60010000000.0,29679000000.0,21879000000.0,GOOGL
2023-06-30,118.6479263305664,29532200,13063000000.0,60010000000.0,29679000000.0,21879000000.0,GOOGL
2023-07-03,118.8461685180664,14467900,13063000000.0,60010000000.0,29679000000.0,21879000000.0,GOOGL
2023-07-05,120.67989349365234,27584800,13063000000.0,60010000000.0,29679000000.0,21879000000.0,GOOGL
2023-07-06,119.0543212890625,24745200,13063000000.0,60010000000.0,29679000000.0,21879000000.0,GOOGL
2023-07-07,118.42985534667967,21709500,13063000000.0,60010000000.0,29679000000.0,21879000000.0,GOOGL
2023-07-10,115.42649841308594,35315200,13063000000.0,60010000000.0,29679000000.0,21879000000.0,GOOGL
2023-07-11,116.11042785644533,23078800,13063000000.0,60010000000.0,29679000000.0,21879000000.0,GOOGL
2023-07-12,117.88469696044922,30404400,13063000000.0,60010000000.0,29679000000.0,21879000000.0,GOOGL
2023-07-13,123.44538116455078,44297900,13063000000.0,60010000000.0,29679000000.0,21879000000.0,GOOGL
2023-07-14,124.31764221191406,33283100,13063000000.0,60010000000.0,29679000000.0,21879000000.0,GOOGL
2023-07-17,123.5544204711914,25716200,13063000000.0,60010000000.0,29679000000.0,21879000000.0,GOOGL
2023-07-18,122.67222595214844,26193600,13063000000.0,60010000000.0,29679000000.0,21879000000.0,GOOGL
2023-07-19,120.95743560791016,37224000,13063000000.0,60010000000.0,29679000000.0,21879000000.0,GOOGL
2023-07-20,118.15230560302734,37906800,13063000000.0,60010000000.0,29679000000.0,21879000000.0,GOOGL
2023-07-21,118.96510314941406,72937900,13063000000.0,60010000000.0,29679000000.0,21879000000.0,GOOGL
2023-07-24,120.46182250976562,29686100,13063000000.0,60010000000.0,29679000000.0,21879000000.0,GOOGL
2023-07-25,121.13585662841795,52509600,13063000000.0,60010000000.0,29679000000.0,21879000000.0,GOOGL
2023-07-26,128.13381958007812,61682100,13063000000.0,60010000000.0,29679000000.0,21879000000.0,GOOGL
2023-07-27,128.26266479492188,44952100,13063000000.0,60010000000.0,29679000000.0,21879000000.0,GOOGL
2023-07-28,131.41473388671875,36591200,13063000000.0,60010000000.0,29679000000.0,21879000000.0,GOOGL
2023-07-31,131.553466796875,28055500,13063000000.0,60010000000.0,29679000000.0,21879000000.0,GOOGL
2023-08-01,130.39378356933594,23166800,13063000000.0,60010000000.0,29679000000.0,21879000000.0,GOOGL
2023-08-02,127.25163269042967,26273300,13063000000.0,60010000000.0,29679000000.0,21879000000.0,GOOGL
2023-08-03,127.32100677490234,20089500,13063000000.0,60010000000.0,29679000000.0,21879000000.0,GOOGL
2023-08-04,126.98401641845705,26147200,13063000000.0,60010000000.0,29679000000.0,21879000000.0,GOOGL
2023-08-07,130.3739471435547,22746300,13063000000.0,60010000000.0,29679000000.0,21879000000.0,GOOGL
2023-08-08,130.24510192871094,23535200,13063000000.0,60010000000.0,29679000000.0,21879000000.0,GOOGL
2023-08-09,128.52040100097656,24912900,13063000000.0,60010000000.0,29679000000.0,21879000000.0,GOOGL
2023-08-10,128.5501251220703,20857800,13063000000.0,60010000000.0,29679000000.0,21879000000.0,GOOGL
2023-08-11,128.42123413085938,19591100,13063000000.0,60010000000.0,29679000000.0,21879000000.0,GOOGL
2023-08-14,130.17572021484375,24695600,13063000000.0,60010000000.0,29679000000.0,21879000000.0,GOOGL
2023-08-15,128.63934326171875,19770700,13063000000.0,60010000000.0,29679000000.0,21879000000.0,GOOGL
2023-08-16,127.56880950927734,25216100,13063000000.0,60010000000.0,29679000000.0,21879000000.0,GOOGL
2023-08-17,128.778076171875,33446300,13063000000.0,60010000000.0,29679000000.0,21879000000.0,GOOGL
2023-08-18,126.33970642089844,30504800,13063000000.0,60010000000.0,29679000000.0,21879000000.0,GOOGL
2023-08-21,127.2417221069336,25248700,13063000000.0,60010000000.0,29679000000.0,21879000000.0,GOOGL
2023-08-22,127.94548797607422,22054900,13063000000.0,60010000000.0,29679000000.0,21879000000.0,GOOGL
2023-08-23,131.20655822753906,27819700,13063000000.0,60010000000.0,29679000000.0,21879000000.0,GOOGL
2023-08-24,128.63934326171875,28500700,13063000000.0,60010000000.0,29679000000.0,21879000000.0,GOOGL
2023-08-25,128.7384490966797,26762900,13063000000.0,60010000000.0,29679000000.0,21879000000.0,GOOGL
2023-08-28,129.85850524902344,20543300,13063000000.0,60010000000.0,29679000000.0,21879000000.0,GOOGL
2023-08-29,133.3872528076172,43075600,13063000000.0,60010000000.0,29679000000.0,21879000000.0,GOOGL
2023-08-30,134.6857147216797,28315800,13063000000.0,60010000000.0,29679000000.0,21879000000.0,GOOGL
2023-08-31,134.97317504882812,30053800,13063000000.0,60010000000.0,29679000000.0,21879000000.0,GOOGL
2023-09-01,134.46766662597656,21543700,13063000000.0,60010000000.0,29679000000.0,21879000000.0,GOOGL
2023-09-05,134.57666015625,19403100,13063000000.0,60010000000.0,29679000000.0,21879000000.0,GOOGL
2023-09-06,133.2781982421875,18684500,13063000000.0,60010000000.0,29679000000.0,21879000000.0,GOOGL
2023-09-07,134.07115173339844,18844300,13063000000.0,60010000000.0,29679000000.0,21879000000.0,GOOGL
2023-09-08,135.18130493164062,23558300,13063000000.0,60010000000.0,29679000000.0,21879000000.0,GOOGL
2023-09-11,135.71656799316406,20763400,13063000000.0,60010000000.0,29679000000.0,21879000000.0,GOOGL
2023-09-12,134.15045166015625,18405500,13063000000.0,60010000000.0,29679000000.0,21879000000.0,GOOGL
2023-09-13,135.5084228515625,20749500,13063000000.0,60010000000.0,29679000000.0,21879000000.0,GOOGL
2023-09-14,136.88619995117188,24751000,13063000000.0,60010000000.0,29679000000.0,21879000000.0,GOOGL
2023-09-15,136.1923370361328,38919600,13063000000.0,60010000000.0,29679000000.0,21879000000.0,GOOGL
2023-09-18,136.99522399902344,21861300,13063000000.0,60010000000.0,29679000000.0,21879000000.0,GOOGL
2023-09-19,136.8267364501953,20353700,13063000000.0,60010000000.0,29679000000.0,21879000000.0,GOOGL
2023-09-20,132.5645294189453,29927500,13063000000.0,60010000000.0,29679000000.0,21879000000.0,GOOGL
2023-09-21,129.29351806640625,31503900,13063000000.0,60010000000.0,29679000000.0,21879000000.0,GOOGL
2023-09-22,129.10520935058594,26397300,13063000000.0,60010000000.0,29679000000.0,21879000000.0,GOOGL
2023-09-25,129.9576416015625,20094600,13063000000.0,60010000000.0,29679000000.0,21879000000.0,GOOGL
2023-09-26,127.43997192382812,25718700,13063000000.0,60010000000.0,29679000000.0,21879000000.0,GOOGL
2023-09-27,129.3926544189453,22746500,13063000000.0,60010000000.0,29679000000.0,21879000000.0,GOOGL
2023-09-28,131.1470947265625,22513100,13063000000.0,60010000000.0,29679000000.0,21879000000.0,GOOGL
2023-09-29,129.7098388671875,30859800,13063000000.0,60010000000.0,29679000000.0,21879000000.0,GOOGL
2023-10-02,132.99073791503906,22288000,13063000000.0,60010000000.0,29679000000.0,21879000000.0,GOOGL
2023-10-03,131.26602172851562,22989400,13063000000.0,60010000000.0,29679000000.0,21879000000.0,GOOGL
2023-10-04,134.0513458251953,26752300,13063000000.0,60010000000.0,29679000000.0,21879000000.0,GOOGL
2023-10-05,133.88282775878906,19832600,13063000000.0,60010000000.0,29679000000.0,21879000000.0,GOOGL
2023-10-06,136.3708038330078,27597600,13063000000.0,60010000000.0,29679000000.0,21879000000.0,GOOGL
2023-10-09,137.20338439941406,19278100,13063000000.0,60010000000.0,29679000000.0,21879000000.0,GOOGL
2023-10-10,136.8465576171875,27786600,13063000000.0,60010000000.0,29679000000.0,21879000000.0,GOOGL
2023-10-11,139.31466674804688,25884300,13063000000.0,60010000000.0,29679000000.0,21879000000.0,GOOGL
2023-10-12,137.74855041503906,24765500,13063000000.0,60010000000.0,29679000000.0,21879000000.0,GOOGL
2023-10-13,136.15269470214844,23420500,13063000000.0,60010000000.0,29679000000.0,21879000000.0,GOOGL
2023-10-16,137.87742614746094,28501900,13063000000.0,60010000000.0,29679000000.0,21879000000.0,GOOGL
2023-10-17,138.491943359375,23515800,13063000000.0,60010000000.0,29679000000.0,21879000000.0,GOOGL
2023-10-18,136.7474365234375,23375000,13063000000.0,60010000000.0,29679000000.0,21879000000.0,GOOGL
2023-10-19,136.53927612304688,26066000,13063000000.0,60010000000.0,29679000000.0,21879000000.0,GOOGL
2023-10-20,134.40818786621094,26335700,13063000000.0,60010000000.0,29679000000.0,21879000000.0,GOOGL
2023-10-23,135.30026245117188,26317900,13063000000.0,60010000000.0,29679000000.0,21879000000.0,GOOGL
2023-10-24,137.58995056152344,44814300,13063000000.0,60010000000.0,29679000000.0,21879000000.0,GOOGL
2023-10-25,124.50597381591795,84366200,13063000000.0,60010000000.0,29679000000.0,21879000000.0,GOOGL
2023-10-26,121.20523834228516,57061100,13063000000.0,60010000000.0,29679000000.0,21879000000.0,GOOGL
2023-10-27,121.0962142944336,44566500,13063000000.0,60010000000.0,29679000000.0,21879000000.0,GOOGL
2023-10-30,123.36608123779295,28940100,13063000000.0,60010000000.0,29679000000.0,21879000000.0,GOOGL
2023-10-31,122.98941802978516,26292300,13063000000.0,60010000000.0,29679000000.0,21879000000.0,GOOGL
2023-11-01,125.33859252929688,30082400,13063000000.0,60010000000.0,29679000000.0,21879000000.0,GOOGL
2023-11-02,126.36946105957033,27124600,13063000000.0,60010000000.0,29679000000.0,21879000000.0,GOOGL
2023-11-03,127.96529388427734,26393100,13063000000.0,60010000000.0,29679000000.0,21879000000.0,GOOGL
2023-11-06,129.10520935058594,19052700,13063000000.0,60010000000.0,29679000000.0,21879000000.0,GOOGL
2023-11-07,129.81886291503906,29757300,13063000000.0,60010000000.0,29679000000.0,21879000000.0,GOOGL
2023-11-08,130.6812286376953,26425800,13063000000.0,60010000000.0,29679000000.0,21879000000.0,GOOGL
2023-11-09,129.09527587890625,23747800,13063000000.0,60010000000.0,29679000000.0,21879000000.0,GOOGL
2023-11-10,131.4246368408203,26913300,13063000000.0,60010000000.0,29679000000.0,21879000000.0,GOOGL
2023-11-13,130.9290313720703,18324800,13063000000.0,60010000000.0,29679000000.0,21879000000.0,GOOGL
2023-11-14,132.44558715820312,32395200,13063000000.0,60010000000.0,29679000000.0,21879000000.0,GOOGL
2023-11-15,133.43679809570312,23861500,13063000000.0,60010000000.0,29679000000.0,21879000000.0,GOOGL
2023-11-16,135.72647094726562,28013200,13063000000.0,60010000000.0,29679000000.0,21879000000.0,GOOGL
2023-11-17,134.12074279785156,37240600,13063000000.0,60010000000.0,29679000000.0,21879000000.0,GOOGL
2023-11-20,135.0524444580078,27815500,13063000000.0,60010000000.0,29679000000.0,21879000000.0,GOOGL
2023-11-21,135.76614379882812,22635300,13063000000.0,60010000000.0,29679000000.0,21879000000.0,GOOGL
2023-11-22,137.27276611328125,17813900,13063000000.0,60010000000.0,29679000000.0,21879000000.0,GOOGL
2023-11-24,135.4886016845703,12514300,13063000000.0,60010000000.0,29679000000.0,21879000000.0,GOOGL
2023-11-27,135.2110595703125,23436500,13063000000.0,60010000000.0,29679000000.0,21879000000.0,GOOGL
2023-11-28,135.9940948486328,18730000,13063000000.0,60010000000.0,29679000000.0,21879000000.0,GOOGL
2023-11-29,133.80355834960938,23967200,13063000000.0,60010000000.0,29679000000.0,21879000000.0,GOOGL
2023-11-30,131.36514282226562,38988300,13063000000.0,60010000000.0,29679000000.0,21879000000.0,GOOGL
2023-12-01,130.7010498046875,31442300,13063000000.0,60010000000.0,29679000000.0,21879000000.0,GOOGL
2023-12-04,128.13381958007812,36669900,13063000000.0,60010000000.0,29679000000.0,21879000000.0,GOOGL
2023-12-05,129.83871459960938,27384800,13063000000.0,60010000000.0,29679000000.0,21879000000.0,GOOGL
2023-12-06,128.87722778320312,23576200,13063000000.0,60010000000.0,29679000000.0,21879000000.0,GOOGL
2023-12-07,135.72647094726562,56767100,13063000000.0,60010000000.0,29679000000.0,21879000000.0,GOOGL
2023-12-08,133.80355834960938,32260100,13063000000.0,60010000000.0,29679000000.0,21879000000.0,GOOGL
2023-12-11,132.1184844970703,31138000,13063000000.0,60010000000.0,29679000000.0,21879000000.0,GOOGL
2023-12-12,131.35523986816406,29032800,13063000000.0,60010000000.0,29679000000.0,21879000000.0,GOOGL
2023-12-13,131.40481567382812,30104800,13063000000.0,60010000000.0,29679000000.0,21879000000.0,GOOGL
2023-12-14,130.7803497314453,38722400,13063000000.0,60010000000.0,29679000000.0,21879000000.0,GOOGL
2023-12-15,131.43453979492188,50847100,13063000000.0,60010000000.0,29679000000.0,21879000000.0,GOOGL
2023-12-18,134.60643005371094,32258000,13063000000.0,60010000000.0,29679000000.0,21879000000.0,GOOGL
2023-12-19,135.44894409179688,25476800,13063000000.0,60010000000.0,29679000000.0,21879000000.0,GOOGL
2023-12-20,137.1240692138672,49107200,13063000000.0,60010000000.0,29679000000.0,21879000000.0,GOOGL
2023-12-21,139.18582153320312,27488300,13063000000.0,60010000000.0,29679000000.0,21879000000.0,GOOGL
2023-12-22,140.24639892578125,26532200,13063000000.0,60010000000.0,29679000000.0,21879000000.0,GOOGL
2023-12-26,140.27615356445312,16780300,13063000000.0,60010000000.0,29679000000.0,21879000000.0,GOOGL
2023-12-27,139.13624572753906,19628600,13063000000.0,60010000000.0,29679000000.0,21879000000.0,GOOGL
2023-12-28,138.99746704101562,16045700,13063000000.0,60010000000.0,29679000000.0,21879000000.0,GOOGL
2023-12-29,138.46221923828125,18733000,13063000000.0,60010000000.0,29679000000.0,21879000000.0,GOOGL
2024-01-02,136.95556640625,23711200,12630000000.0,69495000000.0,27121000000.0,24048000000.0,GOOGL
2024-01-03,137.698974609375,24212100,12630000000.0,69495000000.0,27121000000.0,24048000000.0,GOOGL
2024-01-04,135.19122314453125,27137700,12630000000.0,69495000000.0,27121000000.0,24048000000.0,GOOGL
2024-01-05,134.5370330810547,22513900,12630000000.0,69495000000.0,27121000000.0,24048000000.0,GOOGL
2024-01-08,137.61968994140625,21404000,12630000000.0,69495000000.0,27121000000.0,24048000000.0,GOOGL
2024-01-09,139.71116638183594,24759600,12630000000.0,69495000000.0,27121000000.0,24048000000.0,GOOGL
2024-01-10,141.0294647216797,21320200,12630000000.0,69495000000.0,27121000000.0,24048000000.0,GOOGL
2024-01-11,140.83120727539062,24008700,12630000000.0,69495000000.0,27121000000.0,24048000000.0,GOOGL
2024-01-12,141.39620971679688,18785500,12630000000.0,69495000000.0,27121000000.0,24048000000.0,GOOGL
2024-01-16,141.23760986328125,22670500,12630000000.0,69495000000.0,27121000000.0,24048000000.0,GOOGL
2024-01-17,140.22657775878906,20968600,12630000000.0,69495000000.0,27121000000.0,24048000000.0,GOOGL
2024-01-18,142.21890258789062,25746400,12630000000.0,69495000000.0,27121000000.0,24048000000.0,GOOGL
2024-01-19,145.09341430664062,34271900,12630000000.0,69495000000.0,27121000000.0,24048000000.0,GOOGL
2024-01-22,144.7068634033203,32200400,12630000000.0,69495000000.0,27121000000.0,24048000000.0,GOOGL
2024-01-23,145.74761962890625,21636100,12630000000.0,69495000000.0,27121000000.0,24048000000.0,GOOGL
2024-01-24,147.3930206298828,25233500,12630000000.0,69495000000.0,27121000000.0,24048000000.0,GOOGL
2024-01-25,150.53514099121094,29149100,12630000000.0,69495000000.0,27121000000.0,24048000000.0,GOOGL
2024-01-26,150.8523712158203,26115500,12630000000.0,69495000000.0,27121000000.0,24048000000.0,GOOGL
2024-01-29,152.16075134277344,27784300,12630000000.0,69495000000.0,27121000000.0,24048000000.0,GOOGL
2024-01-30,150.12875366210938,36331800,12630000000.0,69495000000.0,27121000000.0,24048000000.0,GOOGL
2024-01-31,138.86863708496094,71910000,12630000000.0,69495000000.0,27121000000.0,24048000000.0,GOOGL
2024-02-01,139.91932678222656,40466500,12630000000.0,69495000000.0,27121000000.0,24048000000.0,GOOGL
2024-02-02,141.12855529785156,62499600,12630000000.0,69495000000.0,27121000000.0,24048000000.0,GOOGL
2024-02-05,142.4171600341797,38505400,12630000000.0,69495000000.0,27121000000.0,24048000000.0,GOOGL
2024-02-06,142.83346557617188,29128200,12630000000.0,69495000000.0,27121000000.0,24048000000.0,GOOGL
2024-02-07,144.26077270507812,25208900,12630000000.0,69495000000.0,27121000000.0,24048000000.0,GOOGL
2024-02-08,144.62757873535156,22563800,12630000000.0,69495000000.0,27121000000.0,24048000000.0,GOOGL
2024-02-09,147.69039916992188,26829500,12630000000.0,69495000000.0,27121000000.0,24048000000.0,GOOGL
2024-02-12,146.2333221435547,21564100,12630000000.0,69495000000.0,27121000000.0,24048000000.0,GOOGL
2024-02-13,143.86431884765625,27837700,12630000000.0,69495000000.0,27121000000.0,24048000000.0,GOOGL
2024-02-14,144.65728759765625,22704200,12630000000.0,69495000000.0,27121000000.0,24048000000.0,GOOGL
2024-02-15,141.51513671875,37590700,12630000000.0,69495000000.0,27121000000.0,24048000000.0,GOOGL
2024-02-16,139.28494262695312,31468900,12630000000.0,69495000000.0,27121000000.0,24048000000.0,GOOGL
2024-02-20,139.87965393066406,25144700,12630000000.0,69495000000.0,27121000000.0,24048000000.0,GOOGL
2024-02-21,141.297119140625,23223300,12630000000.0,69495000000.0,27121000000.0,24048000000.0,GOOGL
2024-02-22,142.82354736328125,27191900,12630000000.0,69495000000.0,27121000000.0,24048000000.0,GOOGL
2024-02-23,142.69471740722656,19493800,12630000000.0,69495000000.0,27121000000.0,24048000000.0,GOOGL
2024-02-26,136.36087036132812,53641800,12630000000.0,69495000000.0,27121000000.0,24048000000.0,GOOGL
2024-02-27,137.65936279296875,33099200,12630000000.0,69495000000.0,27121000000.0,24048000000.0,GOOGL
2024-02-28,135.18130493164062,37328600,12630000000.0,69495000000.0,27121000000.0,24048000000.0,GOOGL
2024-02-29,137.2430419921875,42133000,12630000000.0,69495000000.0,27121000000.0,24048000000.0,GOOGL
2024-03-01,135.9346466064453,31151100,12630000000.0,69495000000.0,27121000000.0,24048000000.0,GOOGL
2024-03-04,132.17794799804688,55999400,12630000000.0,69495000000.0,27121000000.0,24048000000.0,GOOGL
2024-03-05,131.50390625,40194800,12630000000.0,69495000000.0,27121000000.0,24048000000.0,GOOGL
2024-03-06,130.24510192871094,35318600,12630000000.0,69495000000.0,27121000000.0,24048000000.0,GOOGL
2024-03-07,133.1988983154297,37738200,12630000000.0,69495000000.0,27121000000.0,24048000000.0,GOOGL
2024-03-08,134.21983337402344,39370400,12630000000.0,69495000000.0,27121000000.0,24048000000.0,GOOGL
2024-03-11,136.45997619628906,32437800,12630000000.0,69495000000.0,27121000000.0,24048000000.0,GOOGL
2024-03-12,137.28268432617188,27563400,12630000000.0,69495000000.0,27121000000.0,24048000000.0,GOOGL
2024-03-13,138.5613250732422,23347200,12630000000.0,69495000000.0,27121000000.0,24048000000.0,GOOGL
2024-03-14,141.84225463867188,42753400,12630000000.0,69495000000.0,27121000000.0,24048000000.0,GOOGL
2024-03-15,139.93911743164062,49475400,12630000000.0,69495000000.0,27121000000.0,24048000000.0,GOOGL
2024-03-18,146.3820037841797,69273700,12630000000.0,69495000000.0,27121000000.0,24048000000.0,GOOGL
2024-03-19,145.73773193359375,24070400,12630000000.0,69495000000.0,27121000000.0,24048000000.0,GOOGL
2024-03-20,147.43267822265625,21311500,12630000000.0,69495000000.0,27121000000.0,24048000000.0,GOOGL
2024-03-21,146.30270385742188,24755600,12630000000.0,69495000000.0,27121000000.0,24048000000.0,GOOGL
2024-03-22,149.44483947753906,29211800,12630000000.0,69495000000.0,27121000000.0,24048000000.0,GOOGL
2024-03-25,148.75099182128906,19229300,12630000000.0,69495000000.0,27121000000.0,24048000000.0,GOOGL
2024-03-26,149.345703125,22149100,12630000000.0,69495000000.0,27121000000.0,24048000000.0,GOOGL
2024-03-27,149.5439453125,22879200,12630000000.0,69495000000.0,27121000000.0,24048000000.0,GOOGL
2024-03-28,149.6034393310547,24485400,12630000000.0,69495000000.0,27121000000.0,24048000000.0,GOOGL
2024-04-01,154.1233673095703,31730800,12630000000.0,69495000000.0,27121000000.0,24048000000.0,GOOGL
2024-04-02,153.20152282714844,24586000,12630000000.0,69495000000.0,27121000000.0,24048000000.0,GOOGL
2024-04-03,153.55833435058594,24705000,12630000000.0,69495000000.0,27121000000.0,24048000000.0,GOOGL
2024-04-04,149.20693969726562,34724700,12630000000.0,69495000000.0,27121000000.0,24048000000.0,GOOGL
2024-04-05,151.15963745117188,23459200,12630000000.0,69495000000.0,27121000000.0,24048000000.0,GOOGL
2024-04-08,153.48898315429688,20702000,12630000000.0,69495000000.0,27121000000.0,24048000000.0,GOOGL
2024-04-09,155.22361755371094,31079500,12630000000.0,69495000000.0,27121000000.0,24048000000.0,GOOGL
2024-04-10,154.7676544189453,22838600,12630000000.0,69495000000.0,27121000000.0,24048000000.0,GOOGL
2024-04-11,158.00889587402344,27166400,12630000000.0,69495000000.0,27121000000.0,24048000000.0,GOOGL
2024-04-12,156.3436737060547,25353700,12630000000.0,69495000000.0,27121000000.0,24048000000.0,GOOGL
2024-04-15,153.4989013671875,27136500,12630000000.0,69495000000.0,27121000000.0,24048000000.0,GOOGL
2024-04-16,153.04293823242188,20779500,12630000000.0,69495000000.0,27121000000.0,24048000000.0,GOOGL
2024-04-17,154.10353088378906,21763100,12630000000.0,69495000000.0,27121000000.0,24048000000.0,GOOGL
2024-04-18,154.63877868652344,19883000,12630000000.0,69495000000.0,27121000000.0,24048000000.0,GOOGL
2024-04-19,152.73565673828125,32615600,12630000000.0,69495000000.0,27121000000.0,24048000000.0,GOOGL
2024-04-22,154.90640258789062,26446200,12630000000.0,69495000000.0,27121000000.0,24048000000.0,GOOGL
2024-04-23,156.86900329589844,21151600,12630000000.0,69495000000.0,27121000000.0,24048000000.0,GOOGL
2024-04-24,157.7313690185547,22779100,12630000000.0,69495000000.0,27121000000.0,24048000000.0,GOOGL
2024-04-25,154.6288604736328,57109700,12630000000.0,69495000000.0,27121000000.0,24048000000.0,GOOGL
2024-04-26,170.43869018554688,64665300,12630000000.0,69495000000.0,27121000000.0,24048000000.0,GOOGL
2024-04-29,164.6896514892578,45610000,12630000000.0,69495000000.0,27121000000.0,24048000000.0,GOOGL
2024-04-30,161.34930419921875,33562900,12630000000.0,69495000000.0,27121000000.0,24048000000.0,GOOGL
2024-05-01,162.4197998046875,33493200,12630000000.0,69495000000.0,27121000000.0,24048000000.0,GOOGL
2024-05-02,165.15550231933594,24294500,12630000000.0,69495000000.0,27121000000.0,24048000000.0,GOOGL
2024-05-03,165.77008056640625,34662400,12630000000.0,69495000000.0,27121000000.0,24048000000.0,GOOGL
2024-05-06,166.62252807617188,21871300,12630000000.0,69495000000.0,27121000000.0,24048000000.0,GOOGL
2024-05-07,169.7448272705078,28039700,12630000000.0,69495000000.0,27121000000.0,24048000000.0,GOOGL
2024-05-08,167.89125061035156,19569100,12630000000.0,69495000000.0,27121000000.0,24048000000.0,GOOGL
2024-05-09,168.4661865234375,15346700,12630000000.0,69495000000.0,27121000000.0,24048000000.0,GOOGL
2024-05-10,167.1676788330078,29799900,12630000000.0,69495000000.0,27121000000.0,24048000000.0,GOOGL
2024-05-13,167.65338134765625,31327600,12630000000.0,69495000000.0,27121000000.0,24048000000.0,GOOGL
2024-05-14,168.8428192138672,25127100,12630000000.0,69495000000.0,27121000000.0,24048000000.0,GOOGL
2024-05-15,170.99375915527344,26948400,12630000000.0,69495000000.0,27121000000.0,24048000000.0,GOOGL
2024-05-16,172.6490478515625,27867900,12630000000.0,69495000000.0,27121000000.0,24048000000.0,GOOGL
2024-05-17,174.51255798339844,24479300,12630000000.0,69495000000.0,27121000000.0,24048000000.0,GOOGL
2024-05-20,175.364990234375,22554400,12630000000.0,69495000000.0,27121000000.0,24048000000.0,GOOGL
2024-05-21,176.28683471679688,16989400,12630000000.0,69495000000.0,27121000000.0,24048000000.0,GOOGL
2024-05-22,174.82974243164062,17880000,12630000000.0,69495000000.0,27121000000.0,24048000000.0,GOOGL
2024-05-23,172.02462768554688,21024900,12630000000.0,69495000000.0,27121000000.0,24048000000.0,GOOGL
2024-05-24,173.45193481445312,16579400,12630000000.0,69495000000.0,27121000000.0,24048000000.0,GOOGL
2024-05-28,174.84954833984375,20572200,12630000000.0,69495000000.0,27121000000.0,24048000000.0,GOOGL
2024-05-29,174.3539581298828,23388700,12630000000.0,69495000000.0,27121000000.0,24048000000.0,GOOGL
2024-05-30,170.5972900390625,22931500,12630000000.0,69495000000.0,27121000000.0,24048000000.0,GOOGL
2024-05-31,170.9838409423828,37638900,12630000000.0,69495000000.0,27121000000.0,24048000000.0,GOOGL
2024-06-03,171.64796447753906,27459100,12630000000.0,69495000000.0,27121000000.0,24048000000.0,GOOGL
2024-06-04,172.2624969482422,26879600,12630000000.0,69495000000.0,27121000000.0,24048000000.0,GOOGL
2024-06-05,173.8682861328125,22068500,12630000000.0,69495000000.0,27121000000.0,24048000000.0,GOOGL
2024-06-06,175.17665100097656,23251000,12630000000.0,69495000000.0,27121000000.0,24048000000.0,GOOGL
2024-06-07,172.92662048339844,19661400,12630000000.0,69495000000.0,27121000000.0,24048000000.0,GOOGL
2024-06-10,173.67086791992188,23726700,12630000000.0,69495000000.0,27121000000.0,24048000000.0,GOOGL
2024-06-11,175.2685546875,21540600,12630000000.0,69495000000.0,27121000000.0,24048000000.0,GOOGL
2024-06-12,176.42959594726562,27864700,12630000000.0,69495000000.0,27121000000.0,24048000000.0,GOOGL
2024-06-13,173.8197479248047,20913300,12630000000.0,69495000000.0,27121000000.0,24048000000.0,GOOGL
2024-06-14,175.437255859375,18063600,12630000000.0,69495000000.0,27121000000.0,24048000000.0,GOOGL
2024-06-17,175.8838348388672,19618500,12630000000.0,69495000000.0,27121000000.0,24048000000.0,GOOGL
2024-06-18,173.75027465820312,21869900,12630000000.0,69495000000.0,27121000000.0,24048000000.0,GOOGL
2024-06-20,174.9510040283203,20160100,12630000000.0,69495000000.0,27121000000.0,24048000000.0,GOOGL
2024-06-21,178.25555419921875,57759000,12630000000.0,69495000000.0,27121000000.0,24048000000.0,GOOGL
2024-06-24,177.84864807128906,18298000,12630000000.0,69495000000.0,27121000000.0,24048000000.0,GOOGL
2024-06-25,182.62185668945312,23130200,12630000000.0,69495000000.0,27121000000.0,24048000000.0,GOOGL
2024-06-26,182.47299194335935,19839000,12630000000.0,69495000000.0,27121000000.0,24048000000.0,GOOGL
2024-06-27,183.9913024902344,18848900,12630000000.0,69495000000.0,27121000000.0,24048000000.0,GOOGL
2024-06-28,180.7562561035156,29156600,12630000000.0,69495000000.0,27121000000.0,24048000000.0,GOOGL
2024-07-01,181.58981323242188,16006100,12630000000.0,69495000000.0,27121000000.0,24048000000.0,GOOGL
2024-07-02,183.82261657714844,17372500,12630000000.0,69495000000.0,27121000000.0,24048000000.0,GOOGL
2024-07-03,184.3981781005859,10242100,12630000000.0,69495000000.0,27121000000.0,24048000000.0,GOOGL
2024-07-05,189.14158630371097,20967500,12630000000.0,69495000000.0,27121000000.0,24048000000.0,GOOGL
2024-07-08,187.5835876464844,21035900,12630000000.0,69495000000.0,27121000000.0,24048000000.0,GOOGL
2024-07-09,187.5339813232422,15121400,12630000000.0,69495000000.0,27121000000.0,24048000000.0,GOOGL
2024-07-10,189.71713256835935,15952500,12630000000.0,69495000000.0,27121000000.0,24048000000.0,GOOGL
2024-07-11,184.1500701904297,25625800,12630000000.0,69495000000.0,27121000000.0,24048000000.0,GOOGL
2024-07-12,183.6538848876953,22898400,12630000000.0,69495000000.0,27121000000.0,24048000000.0,GOOGL
2024-07-15,185.1027069091797,16474000,12630000000.0,69495000000.0,27121000000.0,24048000000.0,GOOGL
2024-07-16,182.5126953125,18290700,12630000000.0,69495000000.0,27121000000.0,24048000000.0,GOOGL
2024-07-17,179.63490295410156,20734100,12630000000.0,69495000000.0,27121000000.0,24048000000.0,GOOGL
2024-07-18,176.33038330078125,25315700,12630000000.0,69495000000.0,27121000000.0,24048000000.0,GOOGL
2024-07-19,176.30059814453125,18881900,12630000000.0,69495000000.0,27121000000.0,24048000000.0,GOOGL
2024-07-22,180.27992248535156,24100300,12630000000.0,69495000000.0,27121000000.0,24048000000.0,GOOGL
2024-07-23,180.3990020751953,36352700,12630000000.0,69495000000.0,27121000000.0,24048000000.0,GOOGL
2024-07-24,171.30911254882812,49585200,12630000000.0,69495000000.0,27121000000.0,24048000000.0,GOOGL
2024-07-25,166.0000457763672,44852000,12630000000.0,69495000000.0,27121000000.0,24048000000.0,GOOGL
2024-07-26,165.72218322753906,41336900,12630000000.0,69495000000.0,27121000000.0,24048000000.0,GOOGL
2024-07-29,168.23281860351562,20293800,12630000000.0,69495000000.0,27121000000.0,24048000000.0,GOOGL
2024-07-30,168.9869842529297,18959700,12630000000.0,69495000000.0,27121000000.0,24048000000.0,GOOGL
2024-07-31,170.22740173339844,25729100,12630000000.0,69495000000.0,27121000000.0,24048000000.0,GOOGL
2024-08-01,169.4534149169922,24531400,12630000000.0,69495000000.0,27121000000.0,24048000000.0,GOOGL
2024-08-02,165.384765625,29130100,12630000000.0,69495000000.0,27121000000.0,24048000000.0,GOOGL
2024-08-05,158.03147888183594,53630700,12630000000.0,69495000000.0,27121000000.0,24048000000.0,GOOGL
2024-08-06,157.0788116455078,49004600,12630000000.0,69495000000.0,27121000000.0,24048000000.0,GOOGL
2024-08-07,157.7238311767578,25138600,12630000000.0,69495000000.0,27121000000.0,24048000000.0,GOOGL
2024-08-08,160.7902069091797,25578800,12630000000.0,69495000000.0,27121000000.0,24048000000.0,GOOGL
2024-08-09,162.41766357421875,28602300,12630000000.0,69495000000.0,27121000000.0,24048000000.0,GOOGL
2024-08-12,161.04818725585938,15895300,12630000000.0,69495000000.0,27121000000.0,24048000000.0,GOOGL
2024-08-13,162.90390014648438,18551700,12630000000.0,69495000000.0,27121000000.0,24048000000.0,GOOGL
2024-08-14,159.1428985595703,40591100,12630000000.0,69495000000.0,27121000000.0,24048000000.0,GOOGL
2024-08-15,160.06578063964844,31524300,12630000000.0,69495000000.0,27121000000.0,24048000000.0,GOOGL
2024-08-16,161.71307373046875,24208600,12630000000.0,69495000000.0,27121000000.0,24048000000.0,GOOGL
2024-08-19,165.3946990966797,22416200,12630000000.0,69495000000.0,27121000000.0,24048000000.0,GOOGL
2024-08-20,165.90077209472656,18341500,12630000000.0,69495000000.0,27121000000.0,24048000000.0,GOOGL
2024-08-21,164.58094787597656,22902000,12630000000.0,69495000000.0,27121000000.0,24048000000.0,GOOGL
2024-08-22,162.54666137695312,22493300,12630000000.0,69495000000.0,27121000000.0,24048000000.0,GOOGL
2024-08-23,164.3527069091797,13955700,12630000000.0,69495000000.0,27121000000.0,24048000000.0,GOOGL
2024-08-26,164.8885955810547,14190400,12630000000.0,69495000000.0,27121000000.0,24048000000.0,GOOGL
2024-08-27,163.41990661621094,11821900,12630000000.0,69495000000.0,27121000000.0,24048000000.0,GOOGL
2024-08-28,161.60394287109375,16407400,12630000000.0,69495000000.0,27121000000.0,24048000000.0,GOOGL
2024-08-29,160.54209899902344,19699800,12630000000.0,69495000000.0,27121000000.0,24048000000.0,GOOGL
2024-08-30,162.1298828125,22123800,12630000000.0,69495000000.0,27121000000.0,24048000000.0,GOOGL
2024-09-03,156.15594482421875,38945300,12630000000.0,69495000000.0,27121000000.0,24048000000.0,GOOGL
2024-09-04,155.25289916992188,19353800,12630000000.0,69495000000.0,27121000000.0,24048000000.0,GOOGL
2024-09-05,156.036865234375,18688700,12630000000.0,69495000000.0,27121000000.0,24048000000.0,GOOGL
2024-09-06,149.7652130126953,37912100,12630000000.0,69495000000.0,27121000000.0,24048000000.0,GOOGL
2024-09-09,147.76797485351562,39260500,12630000000.0,69495000000.0,27121000000.0,24048000000.0,GOOGL
2024-09-10,147.71827697753906,31118800,12630000000.0,69495000000.0,27121000000.0,24048000000.0,GOOGL
2024-09-11,150.2024383544922,29607700,12630000000.0,69495000000.0,27121000000.0,24048000000.0,GOOGL
2024-09-12,153.71006774902344,29621500,12630000000.0,69495000000.0,27121000000.0,24048000000.0,GOOGL
2024-09-13,156.46249389648438,29591200,12630000000.0,69495000000.0,27121000000.0,24048000000.0,GOOGL
2024-09-16,157.05873107910156,18379800,12630000000.0,69495000000.0,27121000000.0,24048000000.0,GOOGL
2024-09-17,158.3107452392578,20715600,12630000000.0,69495000000.0,27121000000.0,24048000000.0,GOOGL
2024-09-18,158.79762268066406,23677300,12630000000.0,69495000000.0,27121000000.0,24048000000.0,GOOGL
2024-09-19,161.1128387451172,26587700,12630000000.0,69495000000.0,27121000000.0,24048000000.0,GOOGL
2024-09-20,162.55368041992188,40896400,12630000000.0,69495000000.0,27121000000.0,24048000000.0,GOOGL
2024-09-23,160.82469177246094,24150900,12630000000.0,69495000000.0,27121000000.0,24048000000.0,GOOGL
2024-09-24,161.26190185546875,23332100,12630000000.0,69495000000.0,27121000000.0,24048000000.0,GOOGL
2024-09-25,160.46697998046875,18869200,12630000000.0,69495000000.0,27121000000.0,24048000000.0,GOOGL
2024-09-26,161.69912719726562,20319300,12630000000.0,69495000000.0,27121000000.0,24048000000.0,GOOGL
2024-09-27,162.91139221191406,21101300,12630000000.0,69495000000.0,27121000000.0,24048000000.0,GOOGL
2024-09-30,164.79933166503906,20413900,12630000000.0,69495000000.0,27121000000.0,24048000000.0,GOOGL
2024-10-01,165.93214416503906,28338100,12630000000.0,69495000000.0,27121000000.0,24048000000.0,GOOGL
2024-10-02,164.80931091308594,17760200,12630000000.0,69495000000.0,27121000000.0,24048000000.0,GOOGL
2024-10-03,164.80931091308594,15073100,12630000000.0,69495000000.0,27121000000.0,24048000000.0,GOOGL
2024-10-04,166.00167846679688,19047400,12630000000.0,69495000000.0,27121000000.0,24048000000.0,GOOGL
2024-10-07,161.94754028320312,22463100,12630000000.0,69495000000.0,27121000000.0,24048000000.0,GOOGL
2024-10-08,163.3386688232422,23072700,12630000000.0,69495000000.0,27121000000.0,24048000000.0,GOOGL
2024-10-09,160.83462524414062,31181800,12630000000.0,69495000000.0,27121000000.0,24048000000.0,GOOGL
2024-10-10,161.0532684326172,14144100,12630000000.0,69495000000.0,27121000000.0,24048000000.0,GOOGL
2024-10-11,162.20587158203125,15344300,12630000000.0,69495000000.0,27121000000.0,24048000000.0,GOOGL
2024-10-14,163.91500854492188,19016100,12630000000.0,69495000000.0,27121000000.0,24048000000.0,GOOGL
2024-10-15,164.41183471679688,20247200,12630000000.0,69495000000.0,27121000000.0,24048000000.0,GOOGL
2024-10-16,164.1137237548828,16406000,12630000000.0,69495000000.0,27121000000.0,24048000000.0,GOOGL
2024-10-17,161.89784240722656,21453400,12630000000.0,69495000000.0,27121000000.0,24048000000.0,GOOGL
2024-10-18,162.38475036621094,19757700,12630000000.0,69495000000.0,27121000000.0,24048000000.0,GOOGL
2024-10-21,163.0306396484375,20946500,12630000000.0,69495000000.0,27121000000.0,24048000000.0,GOOGL
2024-10-22,164.09385681152344,16568100,12630000000.0,69495000000.0,27121000000.0,24048000000.0,GOOGL
2024-10-23,161.7488250732422,18280500,12630000000.0,69495000000.0,27121000000.0,24048000000.0,GOOGL
2024-10-24,161.68917846679688,22412500,12630000000.0,69495000000.0,27121000000.0,24048000000.0,GOOGL
2024-10-25,164.2230224609375,19828900,12630000000.0,69495000000.0,27121000000.0,24048000000.0,GOOGL
2024-10-28,165.66384887695312,32138600,12630000000.0,69495000000.0,27121000000.0,24048000000.0,GOOGL
2024-10-29,168.60507202148438,42169000,12630000000.0,69495000000.0,27121000000.0,24048000000.0,GOOGL
2024-10-30,173.3548126220703,68890800,12630000000.0,69495000000.0,27121000000.0,24048000000.0,GOOGL
2024-10-31,170.02603149414062,44769000,12630000000.0,69495000000.0,27121000000.0,24048000000.0,GOOGL
2024-11-01,170.20486450195312,31796500,12630000000.0,69495000000.0,27121000000.0,24048000000.0,GOOGL
2024-11-04,168.16787719726562,21492700,12630000000.0,69495000000.0,27121000000.0,24048000000.0,GOOGL
2024-11-05,168.6647186279297,18242100,12630000000.0,69495000000.0,27121000000.0,24048000000.0,GOOGL
2024-11-06,175.39181518554688,33695500,12630000000.0,69495000000.0,27121000000.0,24048000000.0,GOOGL
2024-11-07,179.60498046875,25352900,12630000000.0,69495000000.0,27121000000.0,24048000000.0,GOOGL
2024-11-08,177.2201690673828,22006200,12630000000.0,69495000000.0,27121000000.0,24048000000.0,GOOGL
2024-11-11,179.20750427246094,17450400,12630000000.0,69495000000.0,27121000000.0,24048000000.0,GOOGL
2024-11-12,180.46945190429688,25134900,12630000000.0,69495000000.0,27121000000.0,24048000000.0,GOOGL
2024-11-13,177.74681091308594,23184000,12630000000.0,69495000000.0,27121000000.0,24048000000.0,GOOGL
2024-11-14,174.46774291992188,31007500,12630000000.0,69495000000.0,27121000000.0,24048000000.0,GOOGL
2024-11-15,171.3972930908203,32504600,12630000000.0,69495000000.0,27121000000.0,24048000000.0,GOOGL
2024-11-18,174.1894989013672,20135300,12630000000.0,69495000000.0,27121000000.0,24048000000.0,GOOGL
2024-11-19,176.99160766601562,23434900,12630000000.0,69495000000.0,27121000000.0,24048000000.0,GOOGL
2024-11-20,174.8651885986328,18997100,12630000000.0,69495000000.0,27121000000.0,24048000000.0,GOOGL
2024-11-21,166.56809997558594,59734400,12630000000.0,69495000000.0,27121000000.0,24048000000.0,GOOGL
2024-11-22,163.7162628173828,38604600,12630000000.0,69495000000.0,27121000000.0,24048000000.0,GOOGL
2024-11-25,166.5879364013672,33135300,12630000000.0,69495000000.0,27121000000.0,24048000000.0,GOOGL
2024-11-26,168.0486297607422,20486700,12630000000.0,69495000000.0,27121000000.0,24048000000.0,GOOGL
2024-11-27,168.15794372558594,19266500,12630000000.0,69495000000.0,27121000000.0,24048000000.0,GOOGL
2024-11-29,167.87973022460938,14257200,12630000000.0,69495000000.0,27121000000.0,24048000000.0,GOOGL
2024-12-02,170.40362548828125,23789100,12630000000.0,69495000000.0,27121000000.0,24048000000.0,GOOGL
2024-12-03,170.25457763671875,22248700,12630000000.0,69495000000.0,27121000000.0,24048000000.0,GOOGL
2024-12-04,173.26539611816406,31615100,12630000000.0,69495000000.0,27121000000.0,24048000000.0,GOOGL
2024-12-05,171.54635620117188,21356200,12630000000.0,69495000000.0,27121000000.0,24048000000.0,GOOGL
2024-12-06,173.6032257080078,21462400,12630000000.0,69495000000.0,27121000000.0,24048000000.0,GOOGL
2024-12-09,174.45877075195312,25389600,12630000000.0,69495000000.0,27121000000.0,24048000000.0,GOOGL
2024-12-10,184.2078399658203,54813000,12630000000.0,69495000000.0,27121000000.0,24048000000.0,GOOGL
2024-12-11,194.3846893310547,67894100,12630000000.0,69495000000.0,27121000000.0,24048000000.0,GOOGL
2024-12-12,190.96258544921875,34817500,12630000000.0,69495000000.0,27121000000.0,24048000000.0,GOOGL
2024-12-13,188.83367919921875,25143500,12630000000.0,69495000000.0,27121000000.0,24048000000.0,GOOGL
2024-12-16,195.63815307617188,44934900,12630000000.0,69495000000.0,27121000000.0,24048000000.0,GOOGL
2024-12-17,194.4045867919922,43504000,12630000000.0,69495000000.0,27121000000.0,24048000000.0,GOOGL
2024-12-18,187.42103576660156,34166100,12630000000.0,69495000000.0,27121000000.0,24048000000.0,GOOGL
2024-12-19,187.53048706054688,32265200,12630000000.0,69495000000.0,27121000000.0,24048000000.0,GOOGL
2024-12-20,190.4154052734375,63462900,12630000000.0,69495000000.0,27121000000.0,24048000000.0,GOOGL
2024-12-23,193.61871337890625,25675000,12630000000.0,69495000000.0,27121000000.0,24048000000.0,GOOGL
2024-12-24,195.09100341796875,10403300,12630000000.0,69495000000.0,27121000000.0,24048000000.0,GOOGL
2024-12-26,194.5836639404297,12046600,12630000000.0,69495000000.0,27121000000.0,24048000000.0,GOOGL
2024-12-27,191.7584228515625,18891400,12630000000.0,69495000000.0,27121000000.0,24048000000.0,GOOGL
2024-12-30,190.2463226318359,14264700,12630000000.0,69495000000.0,27121000000.0,24048000000.0,GOOGL
2024-12-31,188.31640625,17466900,12319000000.0,72764000000.0,25461000000.0,23466000000.0,GOOGL
2025-01-02,188.4457092285156,20370800,12319000000.0,72764000000.0,25461000000.0,23466000000.0,GOOGL
2025-01-03,190.79342651367188,18596200,12319000000.0,72764000000.0,25461000000.0,23466000000.0,GOOGL
2025-01-06,195.8470458984375,29563600,12319000000.0,72764000000.0,25461000000.0,23466000000.0,GOOGL
2025-01-07,194.47422790527344,26487200,12319000000.0,72764000000.0,25461000000.0,23466000000.0,GOOGL
2025-01-08,192.94223022460935,24864800,12319000000.0,72764000000.0,25461000000.0,23466000000.0,GOOGL
2025-01-10,191.0421600341797,26665200,12319000000.0,72764000000.0,25461000000.0,23466000000.0,GOOGL
2025-01-13,190.0175018310547,21823700,12319000000.0,72764000000.0,25461000000.0,23466000000.0,GOOGL
2025-01-14,188.6745147705078,17174900,12319000000.0,72764000000.0,25461000000.0,23466000000.0,GOOGL
2025-01-15,194.5338897705078,21776000,12319000000.0,72764000000.0,25461000000.0,23466000000.0,GOOGL
2025-01-16,191.9076232910156,17815400,12319000000.0,72764000000.0,25461000000.0,23466000000.0,GOOGL
2025-01-17,194.9815673828125,27735100,12319000000.0,72764000000.0,25461000000.0,23466000000.0,GOOGL
2025-01-21,197.0209197998047,29971300,12319000000.0,72764000000.0,25461000000.0,23466000000.0,GOOGL
2025-01-22,197.3392639160156,26200600,12319000000.0,72764000000.0,25461000000.0,23466000000.0,GOOGL
2025-01-23,196.95127868652344,26951400,12319000000.0,72764000000.0,25461000000.0,23466000000.0,GOOGL
2025-01-24,199.16970825195312,23877500,12319000000.0,72764000000.0,25461000000.0,23466000000.0,GOOGL
2025-01-27,190.81332397460935,41728900,12319000000.0,72764000000.0,25461000000.0,23466000000.0,GOOGL
2025-01-28,194.2852020263672,24157900,12319000000.0,72764000000.0,25461000000.0,23466000000.0,GOOGL
2025-01-29,194.39463806152344,18218300,12319000000.0,72764000000.0,25461000000.0,23466000000.0,GOOGL
2025-01-30,199.8262634277344,24354700,12319000000.0,72764000000.0,25461000000.0,23466000000.0,GOOGL
2025-01-31,202.9599151611328,32001100,12319000000.0,72764000000.0,25461000000.0,23466000000.0,GOOGL
2025-02-03,200.18438720703125,27838300,12319000000.0,72764000000.0,25461000000.0,23466000000.0,GOOGL
2025-02-04,205.30764770507812,43856400,12319000000.0,72764000000.0,25461000000.0,23466000000.0,GOOGL
2025-02-05,190.3358459472656,70373900,12319000000.0,72764000000.0,25461000000.0,23466000000.0,GOOGL
2025-02-06,190.60443115234375,29297400,12319000000.0,72764000000.0,25461000000.0,23466000000.0,GOOGL
2025-02-07,184.376953125,49315000,12319000000.0,72764000000.0,25461000000.0,23466000000.0,GOOGL
2025-02-10,185.5010986328125,23105600,12319000000.0,72764000000.0,25461000000.0,23466000000.0,GOOGL
2025-02-11,184.35707092285156,21239500,12319000000.0,72764000000.0,25461000000.0,23466000000.0,GOOGL
2025-02-12,182.6559600830078,22072600,12319000000.0,72764000000.0,25461000000.0,23466000000.0,GOOGL
2025-02-13,185.1728057861328,21402500,12319000000.0,72764000000.0,25461000000.0,23466000000.0,GOOGL
2025-02-14,184.26751708984375,20448400,12319000000.0,72764000000.0,25461000000.0,23466000000.0,GOOGL
2025-02-18,182.8151092529297,29916700,12319000000.0,72764000000.0,25461000000.0,23466000000.0,GOOGL
2025-02-19,184.30731201171875,19549400,12319000000.0,72764000000.0,25461000000.0,23466000000.0,GOOGL
2025-02-20,183.60101318359375,20441500,12319000000.0,72764000000.0,25461000000.0,23466000000.0,GOOGL
2025-02-21,178.72645568847656,35199200,12319000000.0,72764000000.0,25461000000.0,23466000000.0,GOOGL
2025-02-24,178.318603515625,29854200,12319000000.0,72764000000.0,25461000000.0,23466000000.0,GOOGL
2025-02-25,174.5084991455078,41913400,12319000000.0,72764000000.0,25461000000.0,23466000000.0,GOOGL
2025-02-26,171.83248901367188,35431300,12319000000.0,72764000000.0,25461000000.0,23466000000.0,GOOGL
2025-02-27,167.62448120117188,39991000,12319000000.0,72764000000.0,25461000000.0,23466000000.0,GOOGL
2025-02-28,169.39520263671875,48130600,12319000000.0,72764000000.0,25461000000.0,23466000000.0,GOOGL
2025-03-03,166.1422119140625,40770500,12319000000.0,72764000000.0,25461000000.0,23466000000.0,GOOGL
2025-03-04,170.03187561035156,45388000,12319000000.0,72764000000.0,25461000000.0,23466000000.0,GOOGL
2025-03-05,172.1209716796875,30954900,12319000000.0,72764000000.0,25461000000.0,23466000000.0,GOOGL
2025-03-06,171.45445251464844,28302000,12319000000.0,72764000000.0,25461000000.0,23466000000.0,GOOGL
2025-03-07,172.9566192626953,27385800,12319000000.0,72764000000.0,25461000000.0,23466000000.0,GOOGL
2025-03-10,165.1981658935547,43604000,12319000000.0,72764000000.0,25461000000.0,23466000000.0,GOOGL
2025-03-11,163.37557983398438,39587400,12319000000.0,72764000000.0,25461000000.0,23466000000.0,GOOGL
2025-03-12,166.43316650390625,28372400,12319000000.0,72764000000.0,25461000000.0,23466000000.0,GOOGL
2025-03-13,162.1007537841797,31756200,12319000000.0,72764000000.0,25461000000.0,23466000000.0,GOOGL
2025-03-14,164.8197021484375,31995900,12319000000.0,72764000000.0,25461000000.0,23466000000.0,GOOGL
2025-03-17,163.6245574951172,31184300,12319000000.0,72764000000.0,25461000000.0,23466000000.0,GOOGL
2025-03-18,160.01922607421875,42074800,12319000000.0,72764000000.0,25461000000.0,23466000000.0,GOOGL
2025-03-19,163.2261962890625,34275600,12319000000.0,72764000000.0,25461000000.0,23466000000.0,GOOGL
2025-03-20,162.14060974121094,28138500,12319000000.0,72764000000.0,25461000000.0,23466000000.0,GOOGL
2025-03-21,163.32579040527344,36625800,12319000000.0,72764000000.0,25461000000.0,23466000000.0,GOOGL
2025-03-24,167.00082397460938,30879100,12319000000.0,72764000000.0,25461000000.0,23466000000.0,GOOGL
2025-03-25,169.86917114257812,24174400,12319000000.0,72764000000.0,25461000000.0,23466000000.0,GOOGL
2025-03-26,164.39144897460938,28901600,12319000000.0,72764000000.0,25461000000.0,23466000000.0,GOOGL
2025-03-27,161.5828857421875,24508300,12319000000.0,72764000000.0,25461000000.0,23466000000.0,GOOGL
2025-03-28,153.7049102783203,48669300,12319000000.0,72764000000.0,25461000000.0,23466000000.0,GOOGL
2025-03-31,154.01365661621094,54603500,12319000000.0,72764000000.0,25461000000.0,23466000000.0,GOOGL
2025-04-01,156.43382263183594,30672900,12319000000.0,72764000000.0,25461000000.0,23466000000.0,GOOGL
2025-04-02,156.40390014648438,25041700,12319000000.0,72764000000.0,25461000000.0,23466000000.0,GOOGL
2025-04-03,150.10952758789062,46883400,12319000000.0,72764000000.0,25461000000.0,23466000000.0,GOOGL
2025-04-04,145.01028442382812,62259500,12319000000.0,72764000000.0,25461000000.0,23466000000.0,GOOGL
2025-04-07,146.15560913085938,76794100,12319000000.0,72764000000.0,25461000000.0,23466000000.0,GOOGL
2025-04-08,144.11390686035156,52200200,12319000000.0,72764000000.0,25461000000.0,23466000000.0,GOOGL
2025-04-09,158.06716918945312,70406200,12319000000.0,72764000000.0,25461000000.0,23466000000.0,GOOGL
2025-04-10,152.20103454589844,48022000,12319000000.0,72764000000.0,25461000000.0,23466000000.0,GOOGL
2025-04-11,156.5035400390625,33636200,12319000000.0,72764000000.0,25461000000.0,23466000000.0,GOOGL
2025-04-14,158.42572021484375,30333000,12319000000.0,72764000000.0,25461000000.0,23466000000.0,GOOGL
2025-04-15,155.67689514160156,27551500,12319000000.0,72764000000.0,25461000000.0,23466000000.0,GOOGL
2025-04-16,152.70895385742188,28187400,12319000000.0,72764000000.0,25461000000.0,23466000000.0,GOOGL
2025-04-17,150.54774475097656,33046600,12319000000.0,72764000000.0,25461000000.0,23466000000.0,GOOGL
2025-04-21,147.07188415527344,26049100,12319000000.0,72764000000.0,25461000000.0,23466000000.0,GOOGL
2025-04-22,150.85650634765625,26971800,12319000000.0,72764000000.0,25461000000.0,23466000000.0,GOOGL
2025-04-23,154.72079467773438,31128800,12319000000.0,72764000000.0,25461000000.0,23466000000.0,GOOGL
2025-04-24,158.63485717773438,45894000,12319000000.0,72764000000.0,25461000000.0,23466000000.0,GOOGL
2025-04-25,161.30401611328125,56034000,12319000000.0,72764000000.0,25461000000.0,23466000000.0,GOOGL
2025-04-28,159.95947265625,29745800,12319000000.0,72764000000.0,25461000000.0,23466000000.0,GOOGL
2025-04-29,159.51129150390625,26809000,12319000000.0,72764000000.0,25461000000.0,23466000000.0,GOOGL
2025-04-30,158.1568145751953,34981100,12319000000.0,72764000000.0,25461000000.0,23466000000.0,GOOGL
2025-05-01,160.6466827392578,30203200,12319000000.0,72764000000.0,25461000000.0,23466000000.0,GOOGL
2025-05-02,163.3656005859375,25715000,12319000000.0,72764000000.0,25461000000.0,23466000000.0,GOOGL
2025-05-05,163.54489135742188,21341800,12319000000.0,72764000000.0,25461000000.0,23466000000.0,GOOGL
2025-05-06,162.56884765625,21277200,12319000000.0,72764000000.0,25461000000.0,23466000000.0,GOOGL
2025-05-07,150.76687622070312,127490100,12319000000.0,72764000000.0,25461000000.0,23466000000.0,GOOGL
2025-05-08,153.6551055908203,57498700,12319000000.0,72764000000.0,25461000000.0,23466000000.0,GOOGL
2025-05-09,152.1313018798828,32435300,12319000000.0,72764000000.0,25461000000.0,23466000000.0,GOOGL
2025-05-12,157.81820678710938,44138800,12319000000.0,72764000000.0,25461000000.0,23466000000.0,GOOGL
2025-05-13,158.88385009765625,42382100,12319000000.0,72764000000.0,25461000000.0,23466000000.0,GOOGL
2025-05-14,164.7001953125,48755900,12319000000.0,72764000000.0,25461000000.0,23466000000.0,GOOGL
2025-05-15,163.29591369628906,33146700,12319000000.0,72764000000.0,25461000000.0,23466000000.0,GOOGL
2025-05-16,165.51686096191406,42846900,12319000000.0,72764000000.0,25461000000.0,23466000000.0,GOOGL
2025-05-19,165.86544799804688,30426100,12319000000.0,72764000000.0,25461000000.0,23466000000.0,GOOGL
2025-05-20,163.31581115722656,46607700,12319000000.0,72764000000.0,25461000000.0,23466000000.0,GOOGL
2025-05-21,167.8772735595703,73416000,12319000000.0,72764000000.0,25461000000.0,23466000000.0,GOOGL
2025-05-22,170.1779022216797,74864400,12319000000.0,72764000000.0,25461000000.0,23466000000.0,GOOGL
2025-05-23,167.7876434326172,35211400,12319000000.0,72764000000.0,25461000000.0,23466000000.0,GOOGL
2025-05-27,172.19969177246094,37995700,12319000000.0,72764000000.0,25461000000.0,23466000000.0,GOOGL
2025-05-28,171.661865234375,34784000,12319000000.0,72764000000.0,25461000000.0,23466000000.0,GOOGL
2025-05-29,171.16390991210938,29317300,12319000000.0,72764000000.0,25461000000.0,23466000000.0,GOOGL
2025-05-30,171.04440307617188,52639900,12319000000.0,72764000000.0,25461000000.0,23466000000.0,GOOGL
2025-06-02,168.34536743164062,38612300,12319000000.0,72764000000.0,25461000000.0,23466000000.0,GOOGL
2025-06-03,165.50689697265625,45084900,12319000000.0,72764000000.0,25461000000.0,23466000000.0,GOOGL
2025-06-04,167.3693389892578,26900800,12319000000.0,72764000000.0,25461000000.0,23466000000.0,GOOGL
2025-06-05,167.52870178222656,36379100,12319000000.0,72764000000.0,25461000000.0,23466000000.0,GOOGL
2025-06-06,172.97653198242188,35731800,12319000000.0,72764000000.0,25461000000.0,23466000000.0,GOOGL
2025-06-09,175.58908081054688,28935900,12319000000.0,72764000000.0,25461000000.0,23466000000.0,GOOGL
2025-06-10,178.0919647216797,61766100,12319000000.0,72764000000.0,25461000000.0,23466000000.0,GOOGL
2025-06-11,176.84548950195312,31646800,12319000000.0,72764000000.0,25461000000.0,23466000000.0,GOOGL
2025-06-12,175.2001953125,20941900,12319000000.0,72764000000.0,25461000000.0,23466000000.0,GOOGL
2025-06-13,174.17312622070312,27663100,12319000000.0,72764000000.0,25461000000.0,23466000000.0,GOOGL
2025-06-16,176.26715087890625,27389200,12319000000.0,72764000000.0,25461000000.0,23466000000.0,GOOGL
2025-06-17,175.44947814941406,24973000,12319000000.0,72764000000.0,25461000000.0,23466000000.0,GOOGL
2025-06-18,172.8269805908203,28707500,12319000000.0,72764000000.0,25461000000.0,23466000000.0,GOOGL
2025-06-20,166.16595458984375,75659900,12319000000.0,72764000000.0,25461000000.0,23466000000.0,GOOGL
2025-06-23,164.7200927734375,57671000,12319000000.0,72764000000.0,25461000000.0,23466000000.0,GOOGL
2025-06-24,166.2956085205078,40524300,12319000000.0,72764000000.0,25461000000.0,23466000000.0,GOOGL
2025-06-25,170.1944580078125,35479000,12319000000.0,72764000000.0,25461000000.0,23466000000.0,GOOGL
2025-06-26,173.0463409423828,31796700,12319000000.0,72764000000.0,25461000000.0,23466000000.0,GOOGL
2025-06-27,178.0221405029297,108140200,12319000000.0,72764000000.0,25461000000.0,23466000000.0,GOOGL
2025-06-30,175.7286834716797,63378900,12319000000.0,72764000000.0,25461000000.0,23466000000.0,GOOGL
2025-07-01,175.33978271484375,35904500,12319000000.0,72764000000.0,25461000000.0,23466000000.0,GOOGL
2025-07-02,178.1318359375,29128900,12319000000.0,72764000000.0,25461000000.0,23466000000.0,GOOGL
2025-07-03,179.01930236816406,21689700,12319000000.0,72764000000.0,25461000000.0,23466000000.0,GOOGL
2025-07-07,176.28707885742188,34175600,12319000000.0,72764000000.0,25461000000.0,23466000000.0,GOOGL
2025-07-08,173.86399841308594,40442500,12319000000.0,72764000000.0,25461000000.0,23466000000.0,GOOGL
2025-07-09,176.11758422851562,43025600,12319000000.0,72764000000.0,25461000000.0,23466000000.0,GOOGL
2025-07-10,177.11473083496094,29252400,12319000000.0,72764000000.0,25461000000.0,23466000000.0,GOOGL
2025-07-11,179.6774139404297,34282900,12319000000.0,72764000000.0,25461000000.0,23466000000.0,GOOGL
2025-07-14,181.04351806640625,32536600,12319000000.0,72764000000.0,25461000000.0,23466000000.0,GOOGL
2025-07-15,181.48226928710935,33448300,12319000000.0,72764000000.0,25461000000.0,23466000000.0,GOOGL
2025-07-16,182.44952392578125,33104200,12319000000.0,72764000000.0,25461000000.0,23466000000.0,GOOGL
2025-07-17,183.05776977539065,31992600,12319000000.0,72764000000.0,25461000000.0,23466000000.0,GOOGL
2025-07-18,184.5335693359375,34014500,12319000000.0,72764000000.0,25461000000.0,23466000000.0,GOOGL
2025-07-21,189.55923461914065,45803100,12319000000.0,72764000000.0,25461000000.0,23466000000.0,GOOGL
2025-07-22,190.7957000732422,44660200,12319000000.0,72764000000.0,25461000000.0,23466000000.0,GOOGL
2025-07-23,189.68885803222656,58681900,12319000000.0,72764000000.0,25461000000.0,23466000000.0,GOOGL
2025-07-24,191.6233367919922,74881700,12319000000.0,72764000000.0,25461000000.0,23466000000.0,GOOGL
2025-07-25,192.6304626464844,39785900,12319000000.0,72764000000.0,25461000000.0,23466000000.0,GOOGL
2025-07-28,192.0321807861328,38139500,12319000000.0,72764000000.0,25461000000.0,23466000000.0,GOOGL
2025-07-29,195.1931610107422,41389200,12319000000.0,72764000000.0,25461000000.0,23466000000.0,GOOGL
2025-07-30,195.970947265625,32445400,12319000000.0,72764000000.0,25461000000.0,23466000000.0,GOOGL
2025-07-31,191.35411071777344,51329200,12319000000.0,72764000000.0,25461000000.0,23466000000.0,GOOGL
2025-08-01,188.59201049804688,34832200,12319000000.0,72764000000.0,25461000000.0,23466000000.0,GOOGL
2025-08-04,194.4851837158203,31547400,12319000000.0,72764000000.0,25461000000.0,23466000000.0,GOOGL
2025-08-05,194.11622619628903,31602300,12319000000.0,72764000000.0,25461000000.0,23466000000.0,GOOGL
2025-08-06,195.53219604492188,21562900,12319000000.0,72764000000.0,25461000000.0,23466000000.0,GOOGL
2025-08-07,195.96096801757812,26321800,12319000000.0,72764000000.0,25461000000.0,23466000000.0,GOOGL
2025-08-08,200.84701538085935,39161800,12319000000.0,72764000000.0,25461000000.0,23466000000.0,GOOGL
2025-08-11,200.42822265625,25832400,12319000000.0,72764000000.0,25461000000.0,23466000000.0,GOOGL
2025-08-12,202.7615509033203,30397900,12319000000.0,72764000000.0,25461000000.0,23466000000.0,GOOGL
2025-08-13,201.385498046875,28342900,12319000000.0,72764000000.0,25461000000.0,23466000000.0,GOOGL
2025-08-14,202.3627166748047,25230400,12319000000.0,72764000000.0,25461000000.0,23466000000.0,GOOGL
2025-08-15,203.31996154785156,34931400,12319000000.0,72764000000.0,25461000000.0,23466000000.0,GOOGL
2025-08-18,202.92111206054688,18526600,12319000000.0,72764000000.0,25461000000.0,23466000000.0,GOOGL
2025-08-19,200.9966278076172,24240200,12319000000.0,72764000000.0,25461000000.0,23466000000.0,GOOGL
2025-08-20,198.7530059814453,28955500,12319000000.0,72764000000.0,25461000000.0,23466000000.0,GOOGL
2025-08-21,199.18179321289065,19774600,12319000000.0,72764000000.0,25461000000.0,23466000000.0,GOOGL
2025-08-22,205.5037384033203,42827000,12319000000.0,72764000000.0,25461000000.0,23466000000.0,GOOGL
2025-08-25,207.89691162109375,29928900,12319000000.0,72764000000.0,25461000000.0,23466000000.0,GOOGL
2025-08-26,206.55075073242188,28464100,12319000000.0,72764000000.0,25461000000.0,23466000000.0,GOOGL
2025-08-27,206.88978576660156,23022900,12319000000.0,72764000000.0,25461000000.0,23466000000.0,GOOGL
2025-08-28,211.03794860839844,32339300,12319000000.0,72764000000.0,25461000000.0,23466000000.0,GOOGL
2025-08-29,212.30435180664065,39728400,12319000000.0,72764000000.0,25461000000.0,23466000000.0,GOOGL
2025-09-02,210.7487945556641,47523000,12319000000.0,72764000000.0,25461000000.0,23466000000.0,GOOGL
2025-09-03,230.0038604736328,103336100,12319000000.0,72764000000.0,25461000000.0,23466000000.0,GOOGL
2025-09-04,231.63917541503903,51684200,12319000000.0,72764000000.0,25461000000.0,23466000000.0,GOOGL
2025-09-05,234.33152770996097,46588900,12319000000.0,72764000000.0,25461000000.0,23466000000.0,GOOGL
2025-09-08,233.5829620361328,32474700,12319000000.0,72764000000.0,25461000000.0,23466000000.0,GOOGL
2025-09-09,239.16204833984375,38061000,12319000000.0,72764000000.0,25461000000.0,23466000000.0,GOOGL
2025-09-10,238.7029571533203,35141100,12319000000.0,72764000000.0,25461000000.0,23466000000.0,GOOGL
2025-09-11,239.90060424804688,30599300,12319000000.0,72764000000.0,25461000000.0,23466000000.0,GOOGL
2025-09-12,240.32977294921875,26771600,12319000000.0,72764000000.0,25461000000.0,23466000000.0,GOOGL
2025-09-15,251.11865234375,58383800,12319000000.0,72764000000.0,25461000000.0,23466000000.0,GOOGL
2025-09-16,250.66954040527344,34109700,12319000000.0,72764000000.0,25461000000.0,23466000000.0,GOOGL
2025-09-17,249.0427093505859,34108000,12319000000.0,72764000000.0,25461000000.0,23466000000.0,GOOGL
2025-09-18,251.537841796875,31239500,12319000000.0,72764000000.0,25461000000.0,23466000000.0,GOOGL
2025-09-19,254.22259521484375,55571400,12319000000.0,72764000000.0,25461000000.0,23466000000.0,GOOGL
2025-09-22,252.036865234375,32290500,12319000000.0,72764000000.0,25461000000.0,23466000000.0,GOOGL
2025-09-23,251.16856384277344,26628000,12319000000.0,72764000000.0,25461000000.0,23466000000.0,GOOGL
2025-09-24,246.6573944091797,28201000,12319000000.0,72764000000.0,25461000000.0,23466000000.0,GOOGL
2025-09-25,245.3100128173828,31020400,12319000000.0,72764000000.0,25461000000.0,23466000000.0,GOOGL
2025-09-26,246.05853271484375,18503200,12319000000.0,72764000000.0,25461000000.0,23466000000.0,GOOGL
2025-09-29,243.57342529296875,32505800,12319000000.0,72764000000.0,25461000000.0,23466000000.0,GOOGL
2025-09-30,242.6252899169922,34724300,12319000000.0,72764000000.0,25461000000.0,23466000000.0,GOOGL
2025-10-01,244.42176818847656,31658200,12319000000.0,72764000000.0,25461000000.0,23466000000.0,GOOGL
2025-10-02,245.2102203369141,25483300,12319000000.0,72764000000.0,25461000000.0,23466000000.0,GOOGL
2025-10-03,244.87088012695312,30249600,12319000000.0,72764000000.0,25461000000.0,23466000000.0,GOOGL
2025-10-06,249.94094848632812,28894700,12319000000.0,72764000000.0,25461000000.0,23466000000.0,GOOGL
2025-10-07,245.2800750732422,23181300,12319000000.0,72764000000.0,25461000000.0,23466000000.0,GOOGL
2025-10-08,244.14230346679688,21307100,12319000000.0,72764000000.0,25461000000.0,23466000000.0,GOOGL
2025-10-09,241.0583343505859,27892100,12319000000.0,72764000000.0,25461000000.0,23466000000.0,GOOGL
2025-10-10,236.10801696777344,33180300,12319000000.0,72764000000.0,25461000000.0,23466000000.0,GOOGL
2025-10-13,243.6732177734375,24995000,12319000000.0,72764000000.0,25461000000.0,23466000000.0,GOOGL
2025-10-14,244.97068786621097,22111600,12319000000.0,72764000000.0,25461000000.0,23466000000.0,GOOGL
2025-10-15,250.539794921875,27007700,12319000000.0,72764000000.0,25461000000.0,23466000000.0,GOOGL
2025-10-16,250.9689483642578,27997200,12319000000.0,72764000000.0,25461000000.0,23466000000.0,GOOGL
2025-10-17,252.80535888671875,29671600,12319000000.0,72764000000.0,25461000000.0,23466000000.0,GOOGL
2025-10-20,256.04901123046875,22350200,12319000000.0,72764000000.0,25461000000.0,23466000000.0,GOOGL
2025-10-21,249.9709014892578,47312100,12319000000.0,72764000000.0,25461000000.0,23466000000.0,GOOGL
2025-10-22,251.1985015869141,35029400,12319000000.0,72764000000.0,25461000000.0,23466000000.0,GOOGL
2025-10-23,252.58578491210935,19901400,12319000000.0,72764000000.0,25461000000.0,23466000000.0,GOOGL
2025-10-24,259.4124450683594,28655100,12319000000.0,72764000000.0,25461000000.0,23466000000.0,GOOGL
2025-10-27,268.744140625,35235200,12319000000.0,72764000000.0,25461000000.0,23466000000.0,GOOGL
2025-10-28,266.94769287109375,29738600,12319000000.0,72764000000.0,25461000000.0,23466000000.0,GOOGL
2025-10-29,274.0338439941406,43580300,12319000000.0,72764000000.0,25461000000.0,23466000000.0,GOOGL
2025-10-30,280.93035888671875,74876000,12319000000.0,72764000000.0,25461000000.0,23466000000.0,GOOGL
2025-10-31,280.640869140625,39267900,12319000000.0,72764000000.0,25461000000.0,23466000000.0,GOOGL
2025-11-03,283.16595458984375,29786000,12319000000.0,72764000000.0,25461000000.0,23466000000.0,GOOGL
2025-11-04,276.9980163574219,30078400,12319000000.0,72764000000.0,25461000000.0,23466000000.0,GOOGL
2025-11-05,283.7547912597656,31010300,12319000000.0,72764000000.0,25461000000.0,23466000000.0,GOOGL
2025-11-06,284.1939392089844,37173600,12319000000.0,72764000000.0,25461000000.0,23466000000.0,GOOGL
2025-11-07,278.28546142578125,34479600,12319000000.0,72764000000.0,25461000000.0,23466000000.0,GOOGL
2025-11-10,289.5334777832031,29557300,12319000000.0,72764000000.0,25461000000.0,23466000000.0,GOOGL
2025-11-11,290.7411193847656,19842100,12319000000.0,72764000000.0,25461000000.0,23466000000.0,GOOGL
2025-11-12,286.15008544921875,24829900,12319000000.0,72764000000.0,25461000000.0,23466000000.0,GOOGL
2025-11-13,278.0260314941406,29494000,12319000000.0,72764000000.0,25461000000.0,23466000000.0,GOOGL
2025-11-14,275.8702087402344,31647200,12319000000.0,72764000000.0,25461000000.0,23466000000.0,GOOGL
2025-11-17,284.46337890625,52670200,12319000000.0,72764000000.0,25461000000.0,23466000000.0,GOOGL
2025-11-18,283.724853515625,49158700,12319000000.0,72764000000.0,25461000000.0,23466000000.0,GOOGL
2025-11-19,292.2381896972656,68198900,12319000000.0,72764000000.0,25461000000.0,23466000000.0,GOOGL
2025-11-20,288.884765625,62025200,12319000000.0,72764000000.0,25461000000.0,23466000000.0,GOOGL
2025-11-21,299.0747985839844,74137700,12319000000.0,72764000000.0,25461000000.0,23466000000.0,GOOGL
2025-11-24,317.9578552246094,85165100,12319000000.0,72764000000.0,25461000000.0,23466000000.0,GOOGL
2025-11-25,322.8083801269531,88632100,12319000000.0,72764000000.0,25461000000.0,23466000000.0,GOOGL
2025-11-26,319.3252258300781,51373400,12319000000.0,72764000000.0,25461000000.0,23466000000.0,GOOGL
2025-11-28,319.55474853515625,26018600,12319000000.0,72764000000.0,25461000000.0,23466000000.0,GOOGL
2025-12-01,314.2751159667969,41183000,12319000000.0,72764000000.0,25461000000.0,23466000000.0,GOOGL
2025-12-02,315.1932678222656,35854700,12319000000.0,72764000000.0,25461000000.0,23466000000.0,GOOGL
2025-12-03,319.0058288574219,41838300,12319000000.0,72764000000.0,25461000000.0,23466000000.0,GOOGL
2025-12-04,316.999755859375,31240900,12319000000.0,72764000000.0,25461000000.0,23466000000.0,GOOGL
2025-12-05,320.6426086425781,28851700,12319000000.0,72764000000.0,25461000000.0,23466000000.0,GOOGL
2025-12-08,313.3121643066406,33909400,12319000000.0,72764000000.0,25461000000.0,23466000000.0,GOOGL
2025-12-09,316.66778564453125,30194000,12319000000.0,72764000000.0,25461000000.0,23466000000.0,GOOGL
2025-12-10,319.7937316894531,33428900,12319000000.0,72764000000.0,25461000000.0,23466000000.0,GOOGL
2025-12-11,312.02386474609375,42353700,12319000000.0,72764000000.0,25461000000.0,23466000000.0,GOOGL
2025-12-12,308.887939453125,35940200,12319000000.0,72764000000.0,25461000000.0,23466000000.0,GOOGL
2025-12-15,307.8193359375,29151900,12319000000.0,72764000000.0,25461000000.0,23466000000.0,GOOGL
2025-12-16,306.1714782714844,30585000,12319000000.0,72764000000.0,25461000000.0,23466000000.0,GOOGL
2025-12-17,296.3342590332031,43930400,12319000000.0,72764000000.0,25461000000.0,23466000000.0,GOOGL
2025-12-18,302.0668029785156,33518000,12319000000.0,72764000000.0,25461000000.0,23466000000.0,GOOGL
2025-12-19,306.7607116699219,59943200,12319000000.0,72764000000.0,25461000000.0,23466000000.0,GOOGL
2025-12-22,309.3773193359375,26429900,12319000000.0,72764000000.0,25461000000.0,23466000000.0,GOOGL
2025-12-23,313.94134521484375,25478700,12319000000.0,72764000000.0,25461000000.0,23466000000.0,GOOGL
2025-12-24,313.6816711425781,10097400,12319000000.0,72764000000.0,25461000000.0,23466000000.0,GOOGL
2025-12-26,313.10247802734375,10899000,12319000000.0,72764000000.0,25461000000.0,23466000000.0,GOOGL
2025-12-29,313.15240478515625,19621800,12319000000.0,72764000000.0,25461000000.0,23466000000.0,GOOGL
2025-12-30,313.4420166015625,17380900,12319000000.0,72764000000.0,25461000000.0,23466000000.0,GOOGL
2025-12-31,312.5931091308594,16377700,12116000000.0,73266000000.0,59291000000.0,30708000000.0,GOOGL
2026-01-02,314.74029541015625,32009400,12116000000.0,73266000000.0,59291000000.0,30708000000.0,GOOGL
2026-01-05,316.1285095214844,30195600,12116000000.0,73266000000.0,59291000000.0,30708000000.0,GOOGL
2026-01-06,313.9313659667969,31212100,12116000000.0,73266000000.0,59291000000.0,30708000000.0,GOOGL
2026-01-07,321.56146240234375,35104400,12116000000.0,73266000000.0,59291000000.0,30708000000.0,GOOGL
2026-01-08,325.0169372558594,31896100,12116000000.0,73266000000.0,59291000000.0,30708000000.0,GOOGL
2026-01-09,328.14288330078125,26214200,12116000000.0,73266000000.0,59291000000.0,30708000000.0,GOOGL
2026-01-12,331.4285888671875,33923900,12116000000.0,73266000000.0,59291000000.0,30708000000.0,GOOGL
2026-01-13,335.5332336425781,33517600,12116000000.0,73266000000.0,59291000000.0,30708000000.0,GOOGL
2026-01-14,335.4034118652344,28525600,12116000000.0,73266000000.0,59291000000.0,30708000000.0,GOOGL
2026-01-15,332.347412109375,28442400,12116000000.0,73266000000.0,59291000000.0,30708000000.0,GOOGL
2026-01-16,329.5710144042969,40341600,12116000000.0,73266000000.0,59291000000.0,30708000000.0,GOOGL
2026-01-20,321.5814208984375,35361000,12116000000.0,73266000000.0,59291000000.0,30708000000.0,GOOGL
2026-01-21,327.953125,35386600,12116000000.0,73266000000.0,59291000000.0,30708000000.0,GOOGL
2026-01-22,330.11029052734375,26253600,12116000000.0,73266000000.0,59291000000.0,30708000000.0,GOOGL
2026-01-23,327.5036926269531,27280000,12116000000.0,73266000000.0,59291000000.0,30708000000.0,GOOGL
2026-01-26,332.8267822265625,26042100,12116000000.0,73266000000.0,59291000000.0,30708000000.0,GOOGL
2026-01-27,334.1150817871094,21636200,12116000000.0,73266000000.0,59291000000.0,30708000000.0,GOOGL
2026-01-28,335.57318115234375,27434400,12116000000.0,73266000000.0,59291000000.0,30708000000.0,GOOGL
2026-01-29,337.810302734375,39785600,12116000000.0,73266000000.0,59291000000.0,30708000000.0,GOOGL
2026-01-30,337.56060791015625,31024000,12116000000.0,73266000000.0,59291000000.0,30708000000.0,GOOGL
2026-02-02,343.2431945800781,32006100,12116000000.0,73266000000.0,59291000000.0,30708000000.0,GOOGL
2026-02-03,339.26837158203125,36506700,12116000000.0,73266000000.0,59291000000.0,30708000000.0,GOOGL
2026-02-04,332.6070861816406,70618400,12116000000.0,73266000000.0,59291000000.0,30708000000.0,GOOGL
2026-02-05,330.81939697265625,88205800,12116000000.0,73266000000.0,59291000000.0,30708000000.0,GOOGL
2026-02-06,322.4402770996094,56380500,12116000000.0,73266000000.0,59291000000.0,30708000000.0,GOOGL
2026-02-09,323.8984069824219,39640100,12116000000.0,73266000000.0,59291000000.0,30708000000.0,GOOGL
2026-02-10,318.16583251953125,39170000,12116000000.0,73266000000.0,59291000000.0,30708000000.0,GOOGL
2026-02-11,310.55572509765625,45406400,12116000000.0,73266000000.0,59291000000.0,30708000000.0,GOOGL
2026-02-12,308.59832763671875,47761300,12116000000.0,73266000000.0,59291000000.0,30708000000.0,GOOGL
2026-02-13,305.32257080078125,38499700,12116000000.0,73266000000.0,59291000000.0,30708000000.0,GOOGL
2026-02-17,301.6273498535156,39247600,12116000000.0,73266000000.0,59291000000.0,30708000000.0,GOOGL
2026-02-18,302.9356689453125,28482100,12116000000.0,73266000000.0,59291000000.0,30708000000.0,GOOGL
2026-02-19,302.456298828125,25834400,12116000000.0,73266000000.0,59291000000.0,30708000000.0,GOOGL
2026-02-20,314.570556640625,53210800,12116000000.0,73266000000.0,59291000000.0,30708000000.0,GOOGL
2026-02-23,311.0850524902344,31423000,12116000000.0,73266000000.0,59291000000.0,30708000000.0,GOOGL
2026-02-24,310.495849609375,25615600,12116000000.0,73266000000.0,59291000000.0,30708000000.0,GOOGL
2026-02-25,312.4932556152344,29963600,12116000000.0,73266000000.0,59291000000.0,30708000000.0,GOOGL
2026-02-26,306.98040771484375,36431200,12116000000.0,73266000000.0,59291000000.0,30708000000.0,GOOGL
2026-02-27,311.354736328125,44640600,12116000000.0,73266000000.0,59291000000.0,30708000000.0,GOOGL
2026-03-02,306.12152099609375,34790200,12116000000.0,73266000000.0,59291000000.0,30708000000.0,GOOGL
2026-03-03,303.1853332519531,35497000,12116000000.0,73266000000.0,59291000000.0,30708000000.0,GOOGL
2026-03-04,302.7359619140625,29536200,12116000000.0,73266000000.0,59291000000.0,30708000000.0,GOOGL
2026-03-05,300.4888916015625,35752300,12116000000.0,73266000000.0,59291000000.0,30708000000.0,GOOGL
2026-03-06,298.1319274902344,25576900,12116000000.0,73266000000.0,59291000000.0,30708000000.0,GOOGL
2026-03-09,306.1770935058594,29312100,12116000000.0,73266000000.0,59291000000.0,30708000000.0,GOOGL
2026-03-10,306.8567199707031,23239700,12116000000.0,73266000000.0,59291000000.0,30708000000.0,GOOGL
2026-03-11,308.5157470703125,24125700,12116000000.0,73266000000.0,59291000000.0,30708000000.0,GOOGL
2026-03-12,303.3687744140625,24928300,12116000000.0,73266000000.0,59291000000.0,30708000000.0,GOOGL
2026-03-13,302.09954833984375,23693100,12116000000.0,73266000000.0,59291000000.0,30708000000.0,GOOGL
2026-03-16,305.3775939941406,23519700,12116000000.0,73266000000.0,59291000000.0,30708000000.0,GOOGL
2026-03-17,310.7344055175781,21955200,12116000000.0,73266000000.0,59291000000.0,30708000000.0,GOOGL
2026-03-18,307.5063171386719,20009800,12116000000.0,73266000000.0,59291000000.0,30708000000.0,GOOGL
2026-03-19,306.9466552734375,25075800,12116000000.0,73266000000.0,59291000000.0,30708000000.0,GOOGL
2026-03-20,300.8203125,44364100,12116000000.0,73266000000.0,59291000000.0,30708000000.0,GOOGL
2026-03-23,301.87969970703125,29326900,12116000000.0,73266000000.0,59291000000.0,30708000000.0,GOOGL
2026-03-24,290.2666320800781,36864300,12116000000.0,73266000000.0,59291000000.0,30708000000.0,GOOGL
2026-03-25,290.7563171386719,29460700,12116000000.0,73266000000.0,59291000000.0,30708000000.0,GOOGL
2026-03-26,280.7523193359375,39080600,12116000000.0,73266000000.0,59291000000.0,30708000000.0,GOOGL
2026-03-27,274.1762390136719,35890600,12116000000.0,73266000000.0,59291000000.0,30708000000.0,GOOGL
2026-03-30,273.33673095703125,35141200,12116000000.0,73266000000.0,59291000000.0,30708000000.0,GOOGL
2026-03-31,287.3883361816406,43875400,12116000000.0,73266000000.0,59291000000.0,30708000000.0,GOOGL
2026-04-01,297.2124938964844,37684500,12116000000.0,73266000000.0,59291000000.0,30708000000.0,GOOGL
2026-04-02,295.59344482421875,21666500,12116000000.0,73266000000.0,59291000000.0,30708000000.0,GOOGL
2026-04-06,299.8109130859375,16945500,12116000000.0,73266000000.0,59291000000.0,30708000000.0,GOOGL
2026-04-07,305.27764892578125,23205400,12116000000.0,73266000000.0,59291000000.0,30708000000.0,GOOGL
2026-04-08,317.1305847167969,33547100,12116000000.0,73266000000.0,59291000000.0,30708000000.0,GOOGL
2026-04-09,318.29986572265625,23739200,12116000000.0,73266000000.0,59291000000.0,30708000000.0,GOOGL
2026-04-10,317.0506286621094,19152600,12116000000.0,73266000000.0,59291000000.0,30708000000.0,GOOGL
2026-04-13,321.1181945800781,18866400,12116000000.0,73266000000.0,59291000000.0,30708000000.0,GOOGL
2026-04-14,332.7112731933594,27721400,12116000000.0,73266000000.0,59291000000.0,30708000000.0,GOOGL
2026-04-15,336.91876220703125,24918800,12116000000.0,73266000000.0,59291000000.0,30708000000.0,GOOGL
2026-04-16,335.81939697265625,20541500,12116000000.0,73266000000.0,59291000000.0,30708000000.0,GOOGL
2026-04-17,341.4760437011719,25581900,12116000000.0,73266000000.0,59291000000.0,30708000000.0,GOOGL
2026-04-20,337.2185974121094,18784200,12116000000.0,73266000000.0,59291000000.0,30708000000.0,GOOGL
2026-04-21,332.0916442871094,23123800,12116000000.0,73266000000.0,59291000000.0,30708000000.0,GOOGL
2026-04-22,339.1174621582031,20293000,12116000000.0,73266000000.0,59291000000.0,30708000000.0,GOOGL
2026-04-23,338.6877136230469,18650300,12116000000.0,73266000000.0,59291000000.0,30708000000.0,GOOGL
2026-04-24,344.19439697265625,26426100,12116000000.0,73266000000.0,59291000000.0,30708000000.0,GOOGL
2026-04-27,350.130859375,28576900,12116000000.0,73266000000.0,59291000000.0,30708000000.0,GOOGL
2026-04-28,349.5711975097656,27824100,12116000000.0,73266000000.0,59291000000.0,30708000000.0,GOOGL
2026-04-29,349.7311096191406,35376300,12116000000.0,73266000000.0,59291000000.0,30708000000.0,GOOGL
2026-04-30,384.5702819824219,72040000,12116000000.0,73266000000.0,59291000000.0,30708000000.0,GOOGL
2026-05-01,385.4597778320313,30105200,12116000000.0,73266000000.0,59291000000.0,30708000000.0,GOOGL
2026-05-04,383.0212097167969,26298600,12116000000.0,73266000000.0,59291000000.0,30708000000.0,GOOGL
2026-05-05,388.1981201171875,23878600,12116000000.0,73266000000.0,59291000000.0,30708000000.0,GOOGL
2026-05-06,397.8023986816406,31308500,12116000000.0,73266000000.0,59291000000.0,30708000000.0,GOOGL
2026-05-07,397.7524108886719,24433500,12116000000.0,73266000000.0,59291000000.0,30708000000.0,GOOGL
2026-05-08,400.5607299804687,21461800,12116000000.0,73266000000.0,59291000000.0,30708000000.0,GOOGL
2026-05-11,388.4080200195313,30753700,12116000000.0,73266000000.0,59291000000.0,30708000000.0,GOOGL
2026-05-12,387.1187744140625,26017500,12116000000.0,73266000000.0,59291000000.0,30708000000.0,GOOGL
2026-05-13,402.3796691894531,28144600,12116000000.0,73266000000.0,59291000000.0,30708000000.0,GOOGL
2026-05-14,400.8305969238281,21136700,12116000000.0,73266000000.0,59291000000.0,30708000000.0,GOOGL
2026-05-15,396.5431518554687,20309700,12116000000.0,73266000000.0,59291000000.0,30708000000.0,GOOGL
2026-05-18,396.70306396484375,26837200,12116000000.0,73266000000.0,59291000000.0,30708000000.0,GOOGL
2026-05-19,387.4285888671875,39545700,12116000000.0,73266000000.0,59291000000.0,30708000000.0,GOOGL
2026-05-20,388.6778564453125,31744400,12116000000.0,73266000000.0,59291000000.0,30708000000.0,GOOGL
2026-05-21,387.4285888671875,24852800,12116000000.0,73266000000.0,59291000000.0,30708000000.0,GOOGL
2026-05-22,382.7413940429687,20442100,12116000000.0,73266000000.0,59291000000.0,30708000000.0,GOOGL
2026-05-26,388.6478576660156,27747400,12116000000.0,73266000000.0,59291000000.0,30708000000.0,GOOGL
2026-05-27,388.5978698730469,23087300,12116000000.0,73266000000.0,59291000000.0,30708000000.0,GOOGL
2026-05-28,389.8971252441406,24357500,12116000000.0,73266000000.0,59291000000.0,30708000000.0,GOOGL
2026-05-29,380.1129455566406,44415800,12116000000.0,73266000000.0,59291000000.0,30708000000.0,GOOGL
2026-06-01,376.1453247070313,28672100,12116000000.0,73266000000.0,59291000000.0,30708000000.0,GOOGL
2026-06-02,361.6340026855469,50412300,12116000000.0,73266000000.0,59291000000.0,30708000000.0,GOOGL
2026-06-03,358.77569580078125,55441600,12116000000.0,73266000000.0,59291000000.0,30708000000.0,GOOGL
2026-06-04,371.96783447265625,44055500,12116000000.0,73266000000.0,59291000000.0,30708000000.0,GOOGL
2026-06-05,368.30999755859375,37471200,12116000000.0,73266000000.0,59291000000.0,30708000000.0,GOOGL
2026-06-08,363.30999755859375,27942500,12116000000.0,73266000000.0,59291000000.0,30708000000.0,GOOGL
2026-06-09,364.260009765625,29535100,12116000000.0,73266000000.0,59291000000.0,30708000000.0,GOOGL
2026-06-10,356.3800048828125,32357100,12116000000.0,73266000000.0,59291000000.0,30708000000.0,GOOGL
2026-06-11,357.7699890136719,35538200,12116000000.0,73266000000.0,59291000000.0,30708000000.0,GOOGL
2026-06-12,359.67999267578125,24704600,12116000000.0,73266000000.0,59291000000.0,30708000000.0,GOOGL
2026-06-15,369.3500061035156,27727500,12116000000.0,73266000000.0,59291000000.0,30708000000.0,GOOGL
2026-06-16,373.25,24876100,12116000000.0,73266000000.0,59291000000.0,30708000000.0,GOOGL
2026-06-17,363.7900085449219,24543600,12116000000.0,73266000000.0,59291000000.0,30708000000.0,GOOGL
2026-06-18,368.0299987792969,44470100,12116000000.0,73266000000.0,59291000000.0,30708000000.0,GOOGL
2026-06-22,349.67999267578125,52814800,12116000000.0,73266000000.0,59291000000.0,30708000000.0,GOOGL
2026-06-23,346.1300048828125,34007700,12116000000.0,73266000000.0,59291000000.0,30708000000.0,GOOGL
2026-06-24,345.2900085449219,44997300,12116000000.0,73266000000.0,59291000000.0,30708000000.0,GOOGL
2026-06-25,343.7099914550781,44491400,12116000000.0,73266000000.0,59291000000.0,30708000000.0,GOOGL
2026-06-26,337.3900146484375,114706300,12116000000.0,73266000000.0,59291000000.0,30708000000.0,GOOGL
2026-06-29,353.6499938964844,34213900,12116000000.0,73266000000.0,59291000000.0,30708000000.0,GOOGL
2026-06-30,357.3699951171875,35237200,12116000000.0,73266000000.0,59291000000.0,30708000000.0,GOOGL
2026-07-01,361.2099914550781,26736400,12116000000.0,73266000000.0,59291000000.0,30708000000.0,GOOGL
2026-07-02,359.9100036621094,25974800,12116000000.0,73266000000.0,59291000000.0,30708000000.0,GOOGL
2026-07-06,366.4599914550781,26915800,12116000000.0,73266000000.0,59291000000.0,30708000000.0,GOOGL
2026-07-07,367.0299987792969,24045600,12116000000.0,73266000000.0,59291000000.0,30708000000.0,GOOGL
2026-07-08,361.9200134277344,22094800,12116000000.0,73266000000.0,59291000000.0,30708000000.0,GOOGL
2026-07-09,358.8900146484375,24729100,12116000000.0,73266000000.0,59291000000.0,30708000000.0,GOOGL
2026-07-10,357.17999267578125,18146100,12116000000.0,73266000000.0,59291000000.0,30708000000.0,GOOGL
2026-07-13,352.510009765625,15901700,12116000000.0,73266000000.0,59291000000.0,30708000000.0,GOOGL
2026-07-14,359.510009765625,18259400,12116000000.0,73266000000.0,59291000000.0,30708000000.0,GOOGL
2026-07-15,370.9200134277344,28284600,12116000000.0,73266000000.0,59291000000.0,30708000000.0,GOOGL
2026-07-16,354.4599914550781,41158500,12116000000.0,73266000000.0,59291000000.0,30708000000.0,GOOGL
2026-07-17,346.7699890136719,29959300,12116000000.0,73266000000.0,59291000000.0,30708000000.0,GOOGL
2026-07-20,351.989990234375,24736600,12116000000.0,73266000000.0,59291000000.0,30708000000.0,GOOGL
2026-07-21,347.1499938964844,23369800,12116000000.0,73266000000.0,59291000000.0,30708000000.0,GOOGL
2026-07-22,342.0899963378906,39334100,12116000000.0,73266000000.0,59291000000.0,30708000000.0,GOOGL
2026-07-23,317.69000244140625,69419700,12116000000.0,73266000000.0,59291000000.0,30708000000.0,GOOGL
2026-07-24,319.739990234375,31806600,12116000000.0,73266000000.0,59291000000.0,30708000000.0,GOOGL
2026-07-27,326.55999755859375,28471600,12116000000.0,73266000000.0,59291000000.0,30708000000.0,GOOGL
2026-07-28,333.7099914550781,29511900,12116000000.0,73266000000.0,59291000000.0,30708000000.0,GOOGL
2026-07-29,336.7099914550781,27501600,12116000000.0,73266000000.0,59291000000.0,30708000000.0,GOOGL
2026-07-30,333.6600036621094,30168000,12116000000.0,73266000000.0,59291000000.0,30708000000.0,GOOGL
2026-07-31,356.1300048828125,46498000,12116000000.0,73266000000.0,59291000000.0,30708000000.0,GOOGL
2026-08-03,373.510009765625,38669700,12116000000.0,73266000000.0,59291000000.0,30708000000.0,GOOGL
2026-08-04,377.6499938964844,35705700,12116000000.0,73266000000.0,59291000000.0,30708000000.0,GOOGL
2026-08-05,362.4299926757813,46926300,12116000000.0,73266000000.0,59291000000.0,30708000000.0,GOOGL
2026-08-06,357.75,25235900,12116000000.0,73266000000.0,59291000000.0,30708000000.0,GOOGL
2026-08-07,354.29998779296875,19859900,12116000000.0,73266000000.0,59291000000.0,30708000000.0,GOOGL
2026-08-10,357.5199890136719,18991400,12116000000.0,73266000000.0,59291000000.0,30708000000.0,GOOGL
2026-08-11,343.79998779296875,29081800,12116000000.0,73266000000.0,59291000000.0,30708000000.0,GOOGL
2026-08-12,343.5400085449219,25012000,12116000000.0,73266000000.0,59291000000.0,30708000000.0,GOOGL
2026-08-13,346.3599853515625,17866100,12116000000.0,73266000000.0,59291000000.0,30708000000.0,GOOGL
2026-08-14,345.8999938964844,17808600,12116000000.0,73266000000.0,59291000000.0,30708000000.0,GOOGL
2026-08-17,344.0,18291300,12116000000.0,73266000000.0,59291000000.0,30708000000.0,GOOGL
2026-08-18,344.20001220703125,19248800,12116000000.0,73266000000.0,59291000000.0,30708000000.0,GOOGL
2026-08-19,344.7200012207031,19733800,12116000000.0,73266000000.0,59291000000.0,30708000000.0,GOOGL
2026-08-20,340.6700134277344,18570400,12116000000.0,73266000000.0,59291000000.0,30708000000.0,GOOGL
2026-08-21,344.82000732421875,20849800,12116000000.0,73266000000.0,59291000000.0,30708000000.0,GOOGL
2026-08-24,348.05999755859375,26338200,12116000000.0,73266000000.0,59291000000.0,30708000000.0,GOOGL
2026-08-25,346.9599914550781,20649700,12116000000.0,73266000000.0,59291000000.0,30708000000.0,GOOGL
2026-08-26,342.0,20420300,12116000000.0,73266000000.0,59291000000.0,30708000000.0,GOOGL
2026-08-27,340.6499938964844,23391400,12116000000.0,73266000000.0,59291000000.0,30708000000.0,GOOGL
2026-08-28,346.5899963378906,25347200,12116000000.0,73266000000.0,59291000000.0,30708000000.0,GOOGL
2026-08-31,339.3500061035156,33493600,12116000000.0,73266000000.0,59291000000.0,30708000000.0,GOOGL
2026-09-01,335.0199890136719,23342700,12116000000.0,73266000000.0,59291000000.0,30708000000.0,GOOGL
2026-09-02,337.1199951171875,22525400,12116000000.0,73266000000.0,59291000000.0,30708000000.0,GOOGL
