date,close,volume,sharesOutstanding,freeCashFlow,totalDebt,cashAndCashEquivalents,symbol
2021-12-31,333.42205810546875,12870500,2815000000.0,39116000000.0,13873000000.0,16601000000.0,META
2022-01-03,335.5929870605469,14537900,2815000000.0,39116000000.0,13873000000.0,16601000000.0,META
2022-01-04,333.6004638671875,15998000,2815000000.0,39116000000.0,13873000000.0,16601000000.0,META
2022-01-05,321.3481140136719,20564500,2815000000.0,39116000000.0,13873000000.0,16601000000.0,META
2022-01-06,329.5658874511719,27962800,2815000000.0,39116000000.0,13873000000.0,16601000000.0,META
2022-01-07,328.9017333984375,14722000,2815000000.0,39116000000.0,13873000000.0,16601000000.0,META
2022-01-10,325.214111328125,24942400,2815000000.0,39116000000.0,13873000000.0,16601000000.0,META
2022-01-11,331.4592590332031,16226800,2815000000.0,39116000000.0,13873000000.0,16601000000.0,META
2022-01-12,330.35894775390625,14104900,2815000000.0,39116000000.0,13873000000.0,16601000000.0,META
2022-01-13,323.637939453125,14797100,2815000000.0,39116000000.0,13873000000.0,16601000000.0,META
2022-01-14,329.0107116699219,16868500,2815000000.0,39116000000.0,13873000000.0,16601000000.0,META
2022-01-18,315.3804931640625,22645600,2815000000.0,39116000000.0,13873000000.0,16601000000.0,META
2022-01-19,316.8079528808594,20814700,2815000000.0,39116000000.0,13873000000.0,16601000000.0,META
2022-01-20,313.80438232421875,16925000,2815000000.0,39116000000.0,13873000000.0,16601000000.0,META
2022-01-21,300.5308532714844,28710700,2815000000.0,39116000000.0,13873000000.0,16601000000.0,META
2022-01-24,306.0226745605469,38878100,2815000000.0,39116000000.0,13873000000.0,16601000000.0,META
2022-01-25,297.5371398925781,25108500,2815000000.0,39116000000.0,13873000000.0,16601000000.0,META
2022-01-26,292.0652160644531,28348800,2815000000.0,39116000000.0,13873000000.0,16601000000.0,META
2022-01-27,292.0751953125,21629900,2815000000.0,39116000000.0,13873000000.0,16601000000.0,META
2022-01-28,299.08355712890625,21871600,2815000000.0,39116000000.0,13873000000.0,16601000000.0,META
2022-01-31,310.5330810546875,21579500,2815000000.0,39116000000.0,13873000000.0,16601000000.0,META
2022-02-01,316.2230529785156,18023800,2815000000.0,39116000000.0,13873000000.0,16601000000.0,META
2022-02-02,320.1882629394531,58458300,2815000000.0,39116000000.0,13873000000.0,16601000000.0,META
2022-02-03,235.69024658203125,188119900,2815000000.0,39116000000.0,13873000000.0,16601000000.0,META
2022-02-04,235.02609252929688,89342200,2815000000.0,39116000000.0,13873000000.0,16601000000.0,META
2022-02-07,222.9521484375,88613800,2815000000.0,39116000000.0,13873000000.0,16601000000.0,META
2022-02-08,218.26329040527344,94729700,2815000000.0,39116000000.0,13873000000.0,16601000000.0,META
2022-02-09,229.98043823242188,86563300,2815000000.0,39116000000.0,13873000000.0,16601000000.0,META
2022-02-10,226.08460998535156,49310400,2815000000.0,39116000000.0,13873000000.0,16601000000.0,META
2022-02-11,217.63877868652344,46156900,2815000000.0,39116000000.0,13873000000.0,16601000000.0,META
2022-02-14,215.8048858642578,38184000,2815000000.0,39116000000.0,13873000000.0,16601000000.0,META
2022-02-15,219.07618713378903,42685500,2815000000.0,39116000000.0,13873000000.0,16601000000.0,META
2022-02-16,214.65499877929688,45817500,2815000000.0,39116000000.0,13873000000.0,16601000000.0,META
2022-02-17,205.90187072753903,38747500,2815000000.0,39116000000.0,13873000000.0,16601000000.0,META
2022-02-18,204.3653564453125,37128400,2815000000.0,39116000000.0,13873000000.0,16601000000.0,META
2022-02-22,200.3208465576172,39852400,2815000000.0,39116000000.0,13873000000.0,16601000000.0,META
2022-02-23,196.72247314453125,44481400,2815000000.0,39116000000.0,13873000000.0,16601000000.0,META
2022-02-24,205.79283142089844,49957200,2815000000.0,39116000000.0,13873000000.0,16601000000.0,META
2022-02-25,208.64773559570312,37627600,2815000000.0,39116000000.0,13873000000.0,16601000000.0,META
2022-02-28,209.1929626464844,34239800,2815000000.0,39116000000.0,13873000000.0,16601000000.0,META
2022-03-01,201.71861267089844,27094900,2815000000.0,39116000000.0,13873000000.0,16601000000.0,META
2022-03-02,206.29840087890625,29452100,2815000000.0,39116000000.0,13873000000.0,16601000000.0,META
2022-03-03,201.203125,27263500,2815000000.0,39116000000.0,13873000000.0,16601000000.0,META
2022-03-04,198.3184509277344,32130900,2815000000.0,39116000000.0,13873000000.0,16601000000.0,META
2022-03-07,185.8380584716797,38560600,2815000000.0,39116000000.0,13873000000.0,16601000000.0,META
2022-03-08,188.6334991455078,37508100,2815000000.0,39116000000.0,13873000000.0,16601000000.0,META
2022-03-09,196.7720184326172,31894700,2815000000.0,39116000000.0,13873000000.0,16601000000.0,META
2022-03-10,193.51068115234375,24853000,2815000000.0,39116000000.0,13873000000.0,16601000000.0,META
2022-03-11,185.9768218994141,34694500,2815000000.0,39116000000.0,13873000000.0,16601000000.0,META
2022-03-14,185.00537109375,31010500,2815000000.0,39116000000.0,13873000000.0,16601000000.0,META
2022-03-15,190.3583526611328,31721700,2815000000.0,39116000000.0,13873000000.0,16601000000.0,META
2022-03-16,201.85740661621097,40640300,2815000000.0,39116000000.0,13873000000.0,16601000000.0,META
2022-03-17,206.03070068359375,29499700,2815000000.0,39116000000.0,13873000000.0,16601000000.0,META
2022-03-18,214.6054229736328,52128000,2815000000.0,39116000000.0,13873000000.0,16601000000.0,META
2022-03-21,209.64895629882812,30142300,2815000000.0,39116000000.0,13873000000.0,16601000000.0,META
2022-03-22,214.7640380859375,31998800,2815000000.0,39116000000.0,13873000000.0,16601000000.0,META
2022-03-23,211.601806640625,23717300,2815000000.0,39116000000.0,13873000000.0,16601000000.0,META
2022-03-24,217.6585998535156,31502300,2815000000.0,39116000000.0,13873000000.0,16601000000.0,META
2022-03-25,219.88900756835935,40039000,2815000000.0,39116000000.0,13873000000.0,16601000000.0,META
2022-03-28,221.64361572265625,26224100,2815000000.0,39116000000.0,13873000000.0,16601000000.0,META
2022-03-29,227.85903930664065,31417900,2815000000.0,39116000000.0,13873000000.0,16601000000.0,META
2022-03-30,225.8665313720703,25588000,2815000000.0,39116000000.0,13873000000.0,16601000000.0,META
2022-03-31,220.42433166503903,24192300,2815000000.0,39116000000.0,13873000000.0,16601000000.0,META
2022-04-01,222.8926544189453,19544800,2815000000.0,39116000000.0,13873000000.0,16601000000.0,META
2022-04-04,231.85397338867188,28054800,2815000000.0,39116000000.0,13873000000.0,16601000000.0,META
2022-04-05,229.82180786132812,29727200,2815000000.0,39116000000.0,13873000000.0,16601000000.0,META
2022-04-06,221.3561553955078,28995100,2815000000.0,39116000000.0,13873000000.0,16601000000.0,META
2022-04-07,221.00921630859375,21037200,2815000000.0,39116000000.0,13873000000.0,16601000000.0,META
2022-04-08,220.3946075439453,18375700,2815000000.0,39116000000.0,13873000000.0,16601000000.0,META
2022-04-11,214.57571411132812,20516600,2815000000.0,39116000000.0,13873000000.0,16601000000.0,META
2022-04-12,212.27587890625,20128800,2815000000.0,39116000000.0,13873000000.0,16601000000.0,META
2022-04-13,213.11849975585935,19231800,2815000000.0,39116000000.0,13873000000.0,16601000000.0,META
2022-04-14,208.350341796875,18379500,2815000000.0,39116000000.0,13873000000.0,16601000000.0,META
2022-04-18,208.93524169921875,16580800,2815000000.0,39116000000.0,13873000000.0,16601000000.0,META
2022-04-19,215.41830444335935,20089900,2815000000.0,39116000000.0,13873000000.0,16601000000.0,META
2022-04-20,198.67532348632812,43036500,2815000000.0,39116000000.0,13873000000.0,16601000000.0,META
2022-04-21,186.4328765869141,49954100,2815000000.0,39116000000.0,13873000000.0,16601000000.0,META
2022-04-22,182.50730895996097,36426800,2815000000.0,39116000000.0,13873000000.0,16601000000.0,META
2022-04-25,185.36224365234375,29281100,2815000000.0,39116000000.0,13873000000.0,16601000000.0,META
2022-04-26,179.3748016357422,31747400,2815000000.0,39116000000.0,13873000000.0,16601000000.0,META
2022-04-27,173.4270477294922,71062900,2815000000.0,39116000000.0,13873000000.0,16601000000.0,META
2022-04-28,203.93907165527344,100890600,2815000000.0,39116000000.0,13873000000.0,16601000000.0,META
2022-04-29,198.7248687744141,49193400,2815000000.0,39116000000.0,13873000000.0,16601000000.0,META
2022-05-02,209.2920684814453,49915300,2815000000.0,39116000000.0,13873000000.0,16601000000.0,META
2022-05-03,210.1842498779297,41556300,2815000000.0,39116000000.0,13873000000.0,16601000000.0,META
2022-05-04,221.4651641845703,41375900,2815000000.0,39116000000.0,13873000000.0,16601000000.0,META
2022-05-05,206.4669189453125,41129200,2815000000.0,39116000000.0,13873000000.0,16601000000.0,META
2022-05-06,201.9961700439453,34747200,2815000000.0,39116000000.0,13873000000.0,16601000000.0,META
2022-05-09,194.50196838378903,36303200,2815000000.0,39116000000.0,13873000000.0,16601000000.0,META
2022-05-10,195.9294281005859,34452500,2815000000.0,39116000000.0,13873000000.0,16601000000.0,META
2022-05-11,187.09698486328125,31153400,2815000000.0,39116000000.0,13873000000.0,16601000000.0,META
2022-05-12,189.57525634765625,38262200,2815000000.0,39116000000.0,13873000000.0,16601000000.0,META
2022-05-13,196.89097595214844,24549800,2815000000.0,39116000000.0,13873000000.0,16601000000.0,META
2022-05-16,198.29861450195312,27112600,2815000000.0,39116000000.0,13873000000.0,16601000000.0,META
2022-05-17,200.85617065429688,24872700,2815000000.0,39116000000.0,13873000000.0,16601000000.0,META
2022-05-18,190.56654357910156,23960000,2815000000.0,39116000000.0,13873000000.0,16601000000.0,META
2022-05-19,189.6248016357422,24446900,2815000000.0,39116000000.0,13873000000.0,16601000000.0,META
2022-05-20,191.8552093505859,31465600,2815000000.0,39116000000.0,13873000000.0,16601000000.0,META
2022-05-23,194.52178955078125,25059200,2815000000.0,39116000000.0,13873000000.0,16601000000.0,META
2022-05-24,179.70191955566406,50406300,2815000000.0,39116000000.0,13873000000.0,16601000000.0,META
2022-05-25,182.2297515869141,28030200,2815000000.0,39116000000.0,13873000000.0,16601000000.0,META
2022-05-26,189.9618377685547,23056500,2815000000.0,39116000000.0,13873000000.0,16601000000.0,META
2022-05-27,193.43136596679688,22562700,2815000000.0,39116000000.0,13873000000.0,16601000000.0,META
2022-05-31,191.9543609619141,26131100,2815000000.0,39116000000.0,13873000000.0,16601000000.0,META
2022-06-01,186.99786376953125,36623500,2815000000.0,39116000000.0,13873000000.0,16601000000.0,META
2022-06-02,197.12887573242188,31951600,2815000000.0,39116000000.0,13873000000.0,16601000000.0,META
2022-06-03,189.1192321777344,19465000,2815000000.0,39116000000.0,13873000000.0,16601000000.0,META
2022-06-06,192.5590362548828,30574200,2815000000.0,39116000000.0,13873000000.0,16601000000.0,META
2022-06-07,193.94683837890625,18828700,2815000000.0,39116000000.0,13873000000.0,16601000000.0,META
2022-06-08,194.92823791503903,22267200,2815000000.0,39116000000.0,13873000000.0,16601000000.0,META
2022-06-09,182.39825439453125,23501600,2815000000.0,39116000000.0,13873000000.0,16601000000.0,META
2022-06-10,174.04164123535156,27450800,2815000000.0,39116000000.0,13873000000.0,16601000000.0,META
2022-06-13,162.83010864257812,31749300,2815000000.0,39116000000.0,13873000000.0,16601000000.0,META
2022-06-14,162.30471801757812,27244300,2815000000.0,39116000000.0,13873000000.0,16601000000.0,META
2022-06-15,167.87579345703125,30008300,2815000000.0,39116000000.0,13873000000.0,16601000000.0,META
2022-06-16,159.4696044921875,26944100,2815000000.0,39116000000.0,13873000000.0,16601000000.0,META
2022-06-17,162.3146209716797,31374200,2815000000.0,39116000000.0,13873000000.0,16601000000.0,META
2022-06-21,155.68287658691406,50724900,2815000000.0,39116000000.0,13873000000.0,16601000000.0,META
2022-06-22,154.49330139160156,47267800,2815000000.0,39116000000.0,13873000000.0,16601000000.0,META
2022-06-23,157.36807250976562,40499200,2815000000.0,39116000000.0,13873000000.0,16601000000.0,META
2022-06-24,168.6787567138672,68736000,2815000000.0,39116000000.0,13873000000.0,16601000000.0,META
2022-06-27,168.01455688476562,29174600,2815000000.0,39116000000.0,13873000000.0,16601000000.0,META
2022-06-28,159.28126525878906,27744500,2815000000.0,39116000000.0,13873000000.0,16601000000.0,META
2022-06-29,162.51292419433594,28595200,2815000000.0,39116000000.0,13873000000.0,16601000000.0,META
2022-06-30,159.84628295898438,35250600,2815000000.0,39116000000.0,13873000000.0,16601000000.0,META
2022-07-01,158.63693237304688,31423900,2815000000.0,39116000000.0,13873000000.0,16601000000.0,META
2022-07-05,166.7259063720703,28618600,2815000000.0,39116000000.0,13873000000.0,16601000000.0,META
2022-07-06,168.29212951660156,23085900,2815000000.0,39116000000.0,13873000000.0,16601000000.0,META
2022-07-07,170.69107055664062,24083400,2815000000.0,39116000000.0,13873000000.0,16601000000.0,META
2022-07-08,169.39244079589844,19249200,2815000000.0,39116000000.0,13873000000.0,16601000000.0,META
2022-07-11,161.46209716796875,21885600,2815000000.0,39116000000.0,13873000000.0,16601000000.0,META
2022-07-12,161.8487091064453,16639700,2815000000.0,39116000000.0,13873000000.0,16601000000.0,META
2022-07-13,162.06680297851562,16555100,2815000000.0,39116000000.0,13873000000.0,16601000000.0,META
2022-07-14,156.67417907714844,23765200,2815000000.0,39116000000.0,13873000000.0,16601000000.0,META
2022-07-15,163.26625061035156,23342800,2815000000.0,39116000000.0,13873000000.0,16601000000.0,META
2022-07-18,165.77423095703125,23574300,2815000000.0,39116000000.0,13873000000.0,16601000000.0,META
2022-07-19,174.2498016357422,25933700,2815000000.0,39116000000.0,13873000000.0,16601000000.0,META
2022-07-20,181.4961853027344,24784300,2815000000.0,39116000000.0,13873000000.0,16601000000.0,META
2022-07-21,181.57550048828125,27195800,2815000000.0,39116000000.0,13873000000.0,16601000000.0,META
2022-07-22,167.79649353027344,42583900,2815000000.0,39116000000.0,13873000000.0,16601000000.0,META
2022-07-25,165.1992950439453,26166300,2815000000.0,39116000000.0,13873000000.0,16601000000.0,META
2022-07-26,157.7645721435547,28468400,2815000000.0,39116000000.0,13873000000.0,16601000000.0,META
2022-07-27,168.1038055419922,43846600,2815000000.0,39116000000.0,13873000000.0,16601000000.0,META
2022-07-28,159.32089233398438,73214300,2815000000.0,39116000000.0,13873000000.0,16601000000.0,META
2022-07-29,157.71502685546875,42065400,2815000000.0,39116000000.0,13873000000.0,16601000000.0,META
2022-08-01,158.53778076171875,40596700,2815000000.0,39116000000.0,13873000000.0,16601000000.0,META
2022-08-02,158.79554748535156,27374500,2815000000.0,39116000000.0,13873000000.0,16601000000.0,META
2022-08-03,167.33058166503906,31721900,2815000000.0,39116000000.0,13873000000.0,16601000000.0,META
2022-08-04,169.0851593017578,23938200,2815000000.0,39116000000.0,13873000000.0,16601000000.0,META
2022-08-05,165.6552734375,25832700,2815000000.0,39116000000.0,13873000000.0,16601000000.0,META
2022-08-08,168.7679443359375,27299100,2815000000.0,39116000000.0,13873000000.0,16601000000.0,META
2022-08-09,167.06292724609375,18655100,2815000000.0,39116000000.0,13873000000.0,16601000000.0,META
2022-08-10,176.78749084472656,30262100,2815000000.0,39116000000.0,13873000000.0,16601000000.0,META
2022-08-11,175.94493103027344,24079100,2815000000.0,39116000000.0,13873000000.0,16601000000.0,META
2022-08-12,178.9287109375,21274000,2815000000.0,39116000000.0,13873000000.0,16601000000.0,META
2022-08-15,179.31529235839844,15878700,2815000000.0,39116000000.0,13873000000.0,16601000000.0,META
2022-08-16,177.90768432617188,21156700,2815000000.0,39116000000.0,13873000000.0,16601000000.0,META
2022-08-17,173.32789611816406,20118100,2815000000.0,39116000000.0,13873000000.0,16601000000.0,META
2022-08-18,173.1395721435547,18844500,2815000000.0,39116000000.0,13873000000.0,16601000000.0,META
2022-08-19,166.49789428710938,26240800,2815000000.0,39116000000.0,13873000000.0,16601000000.0,META
2022-08-22,161.63063049316406,19499700,2815000000.0,39116000000.0,13873000000.0,16601000000.0,META
2022-08-23,159.70750427246094,18111800,2815000000.0,39116000000.0,13873000000.0,16601000000.0,META
2022-08-24,161.8388214111328,20891500,2815000000.0,39116000000.0,13873000000.0,16601000000.0,META
2022-08-25,167.3107452392578,15550500,2815000000.0,39116000000.0,13873000000.0,16601000000.0,META
2022-08-26,160.3717041015625,24023600,2815000000.0,39116000000.0,13873000000.0,16601000000.0,META
2022-08-29,157.78439331054688,20052700,2815000000.0,39116000000.0,13873000000.0,16601000000.0,META
2022-08-30,155.79190063476562,19567900,2815000000.0,39116000000.0,13873000000.0,16601000000.0,META
2022-08-31,161.51168823242188,40953000,2815000000.0,39116000000.0,13873000000.0,16601000000.0,META
2022-09-01,163.92051696777344,30145700,2815000000.0,39116000000.0,13873000000.0,16601000000.0,META
2022-09-02,158.9243927001953,22634200,2815000000.0,39116000000.0,13873000000.0,16601000000.0,META
2022-09-06,157.159912109375,19339800,2815000000.0,39116000000.0,13873000000.0,16601000000.0,META
2022-09-07,158.99380493164062,16831200,2815000000.0,39116000000.0,13873000000.0,16601000000.0,META
2022-09-08,160.6492462158203,22530800,2815000000.0,39116000000.0,13873000000.0,16601000000.0,META
2022-09-09,167.67750549316406,22086800,2815000000.0,39116000000.0,13873000000.0,16601000000.0,META
2022-09-12,167.4891815185547,23220400,2815000000.0,39116000000.0,13873000000.0,16601000000.0,META
2022-09-13,151.79696655273438,44444100,2815000000.0,39116000000.0,13873000000.0,16601000000.0,META
2022-09-14,150.15142822265625,43064200,2815000000.0,39116000000.0,13873000000.0,16601000000.0,META
2022-09-15,148.24813842773438,34606300,2815000000.0,39116000000.0,13873000000.0,16601000000.0,META
2022-09-16,145.01651000976562,40122800,2815000000.0,39116000000.0,13873000000.0,16601000000.0,META
2022-09-19,146.7314910888672,22169500,2815000000.0,39116000000.0,13873000000.0,16601000000.0,META
2022-09-20,144.81825256347656,23217400,2815000000.0,39116000000.0,13873000000.0,16601000000.0,META
2022-09-21,140.88282775878906,38338600,2815000000.0,39116000000.0,13873000000.0,16601000000.0,META
2022-09-22,141.5767364501953,34418500,2815000000.0,39116000000.0,13873000000.0,16601000000.0,META
2022-09-23,139.18771362304688,31710700,2815000000.0,39116000000.0,13873000000.0,16601000000.0,META
2022-09-26,135.1829071044922,30497000,2815000000.0,39116000000.0,13873000000.0,16601000000.0,META
2022-09-27,133.2300567626953,30826500,2815000000.0,39116000000.0,13873000000.0,16601000000.0,META
2022-09-28,140.3772735595703,32658500,2815000000.0,39116000000.0,13873000000.0,16601000000.0,META
2022-09-29,135.2225341796875,38985400,2815000000.0,39116000000.0,13873000000.0,16601000000.0,META
2022-09-30,134.49887084960938,33166400,2815000000.0,39116000000.0,13873000000.0,16601000000.0,META
2022-10-03,137.40338134765625,27723100,2815000000.0,39116000000.0,13873000000.0,16601000000.0,META
2022-10-04,139.05882263183594,34670700,2815000000.0,39116000000.0,13873000000.0,16601000000.0,META
2022-10-05,137.77017211914062,27979300,2815000000.0,39116000000.0,13873000000.0,16601000000.0,META
2022-10-06,137.859375,36231100,2815000000.0,39116000000.0,13873000000.0,16601000000.0,META
2022-10-07,132.2882843017578,33214800,2815000000.0,39116000000.0,13873000000.0,16601000000.0,META
2022-10-10,132.62533569335938,24024000,2815000000.0,39116000000.0,13873000000.0,16601000000.0,META
2022-10-11,127.42102813720705,38481400,2815000000.0,39116000000.0,13873000000.0,16601000000.0,META
2022-10-12,126.3900909423828,34605200,2815000000.0,39116000000.0,13873000000.0,16601000000.0,META
2022-10-13,129.15577697753906,34325700,2815000000.0,39116000000.0,13873000000.0,16601000000.0,META
2022-10-14,125.6565399169922,23559400,2815000000.0,39116000000.0,13873000000.0,16601000000.0,META
2022-10-17,132.8731689453125,29612200,2815000000.0,39116000000.0,13873000000.0,16601000000.0,META
2022-10-18,131.6439208984375,25445000,2815000000.0,39116000000.0,13873000000.0,16601000000.0,META
2022-10-19,132.0702362060547,30691000,2815000000.0,39116000000.0,13873000000.0,16601000000.0,META
2022-10-20,130.38502502441406,26356300,2815000000.0,39116000000.0,13873000000.0,16601000000.0,META
2022-10-21,128.8782501220703,46348600,2815000000.0,39116000000.0,13873000000.0,16601000000.0,META
2022-10-24,128.59075927734375,63563400,2815000000.0,39116000000.0,13873000000.0,16601000000.0,META
2022-10-25,136.31295776367188,38433200,2815000000.0,39116000000.0,13873000000.0,16601000000.0,META
2022-10-26,128.68991088867188,82791500,2815000000.0,39116000000.0,13873000000.0,16601000000.0,META
2022-10-27,97.0874252319336,232316600,2815000000.0,39116000000.0,13873000000.0,16601000000.0,META
2022-10-28,98.33644104003906,95928300,2815000000.0,39116000000.0,13873000000.0,16601000000.0,META
2022-10-31,92.34902954101562,121361400,2815000000.0,39116000000.0,13873000000.0,16601000000.0,META
2022-11-01,94.37126922607422,110189600,2815000000.0,39116000000.0,13873000000.0,16601000000.0,META
2022-11-02,89.7518310546875,71821100,2815000000.0,39116000000.0,13873000000.0,16601000000.0,META
2022-11-03,88.13603210449219,60664000,2815000000.0,39116000000.0,13873000000.0,16601000000.0,META
2022-11-04,89.99967193603516,55638100,2815000000.0,39116000000.0,13873000000.0,16601000000.0,META
2022-11-07,95.87804412841795,81987300,2815000000.0,39116000000.0,13873000000.0,16601000000.0,META
2022-11-08,95.63021087646484,52088300,2815000000.0,39116000000.0,13873000000.0,16601000000.0,META
2022-11-09,100.58668518066406,107677300,2815000000.0,39116000000.0,13873000000.0,16601000000.0,META
2022-11-10,110.89616394042967,80671000,2815000000.0,39116000000.0,13873000000.0,16601000000.0,META
2022-11-11,112.03612518310548,59961700,2815000000.0,39116000000.0,13873000000.0,16601000000.0,META
2022-11-14,113.22571563720705,53395000,2815000000.0,39116000000.0,13873000000.0,16601000000.0,META
2022-11-15,116.06080627441406,50670500,2815000000.0,39116000000.0,13873000000.0,16601000000.0,META
2022-11-16,112.24430847167967,33287800,2815000000.0,39116000000.0,13873000000.0,16601000000.0,META
2022-11-17,110.47980499267578,35093800,2815000000.0,39116000000.0,13873000000.0,16601000000.0,META
2022-11-18,111.0745849609375,33357700,2815000000.0,39116000000.0,13873000000.0,16601000000.0,META
2022-11-21,108.90365600585938,24351100,2815000000.0,39116000000.0,13873000000.0,16601000000.0,META
2022-11-22,110.46989440917967,29029000,2815000000.0,39116000000.0,13873000000.0,16601000000.0,META
2022-11-23,111.26293182373048,21343100,2815000000.0,39116000000.0,13873000000.0,16601000000.0,META
2022-11-25,110.4401626586914,12007600,2815000000.0,39116000000.0,13873000000.0,16601000000.0,META
2022-11-28,107.83304595947266,23309400,2815000000.0,39116000000.0,13873000000.0,16601000000.0,META
2022-11-29,108.50713348388672,23899200,2815000000.0,39116000000.0,13873000000.0,16601000000.0,META
2022-11-30,117.07192993164062,43348600,2815000000.0,39116000000.0,13873000000.0,16601000000.0,META
2022-12-01,119.39156341552734,36551400,2815000000.0,39116000000.0,13873000000.0,16601000000.0,META
2022-12-02,122.41498565673828,39950500,2815000000.0,39116000000.0,13873000000.0,16601000000.0,META
2022-12-05,121.3642349243164,35474900,2815000000.0,39116000000.0,13873000000.0,16601000000.0,META
2022-12-06,113.12657928466795,43689200,2815000000.0,39116000000.0,13873000000.0,16601000000.0,META
2022-12-07,112.938232421875,29461100,2815000000.0,39116000000.0,13873000000.0,16601000000.0,META
2022-12-08,114.3260269165039,30619400,2815000000.0,39116000000.0,13873000000.0,16601000000.0,META
2022-12-09,114.89108276367188,26033400,2815000000.0,39116000000.0,13873000000.0,16601000000.0,META
2022-12-12,113.71143341064452,24747100,2815000000.0,39116000000.0,13873000000.0,16601000000.0,META
2022-12-13,119.10408782958984,44701100,2815000000.0,39116000000.0,13873000000.0,16601000000.0,META
2022-12-14,120.5315399169922,36922000,2815000000.0,39116000000.0,13873000000.0,16601000000.0,META
2022-12-15,115.13890838623048,34531000,2815000000.0,39116000000.0,13873000000.0,16601000000.0,META
2022-12-16,118.3903350830078,67064000,2815000000.0,39116000000.0,13873000000.0,16601000000.0,META
2022-12-19,113.4834442138672,29769900,2815000000.0,39116000000.0,13873000000.0,16601000000.0,META
2022-12-20,116.07070922851562,28742500,2815000000.0,39116000000.0,13873000000.0,16601000000.0,META
2022-12-21,118.71746826171876,20392800,2815000000.0,39116000000.0,13873000000.0,16601000000.0,META
2022-12-22,116.10044860839844,23618100,2815000000.0,39116000000.0,13873000000.0,16601000000.0,META
2022-12-23,117.01244354248048,17796600,2815000000.0,39116000000.0,13873000000.0,16601000000.0,META
2022-12-27,115.86254119873048,21392300,2815000000.0,39116000000.0,13873000000.0,16601000000.0,META
2022-12-28,114.61351776123048,19612500,2815000000.0,39116000000.0,13873000000.0,16601000000.0,META
2022-12-29,119.21312713623048,22366200,2815000000.0,39116000000.0,13873000000.0,16601000000.0,META
2022-12-30,119.29241180419922,19583800,2815000000.0,39116000000.0,13873000000.0,16601000000.0,META
2023-01-03,123.65412139892578,35528500,2687000000.0,19044000000.0,26591000000.0,14681000000.0,META
2023-01-04,126.26123809814452,32397100,2687000000.0,19044000000.0,26591000000.0,14681000000.0,META
2023-01-05,125.83497619628906,25447100,2687000000.0,19044000000.0,26591000000.0,14681000000.0,META
2023-01-06,128.88815307617188,27584500,2687000000.0,19044000000.0,26591000000.0,14681000000.0,META
2023-01-09,128.34295654296875,26649100,2687000000.0,19044000000.0,26591000000.0,14681000000.0,META
2023-01-10,131.83229064941406,28684400,2687000000.0,19044000000.0,26591000000.0,14681000000.0,META
2023-01-11,131.7332000732422,25423000,2687000000.0,19044000000.0,26591000000.0,14681000000.0,META
2023-01-12,135.5199432373047,30757700,2687000000.0,19044000000.0,26591000000.0,14681000000.0,META
2023-01-13,135.78756713867188,22423800,2687000000.0,19044000000.0,26591000000.0,14681000000.0,META
2023-01-17,134.18165588378906,21147600,2687000000.0,19044000000.0,26591000000.0,14681000000.0,META
2023-01-18,131.862060546875,20215500,2687000000.0,19044000000.0,26591000000.0,14681000000.0,META
2023-01-19,134.96481323242188,28625200,2687000000.0,19044000000.0,26591000000.0,14681000000.0,META
2023-01-20,138.15676879882812,28688600,2687000000.0,19044000000.0,26591000000.0,14681000000.0,META
2023-01-23,142.0228271484375,27470100,2687000000.0,19044000000.0,26591000000.0,14681000000.0,META
2023-01-24,141.8939208984375,21970200,2687000000.0,19044000000.0,26591000000.0,14681000000.0,META
2023-01-25,140.26824951171875,26622000,2687000000.0,19044000000.0,26591000000.0,14681000000.0,META
2023-01-26,146.01773071289062,25482100,2687000000.0,19044000000.0,26591000000.0,14681000000.0,META
2023-01-27,150.41908264160156,35771900,2687000000.0,19044000000.0,26591000000.0,14681000000.0,META
2023-01-30,145.77981567382812,28040100,2687000000.0,19044000000.0,26591000000.0,14681000000.0,META
2023-01-31,147.67318725585938,29842100,2687000000.0,19044000000.0,26591000000.0,14681000000.0,META
2023-02-01,151.7870635986328,55661000,2687000000.0,19044000000.0,26591000000.0,14681000000.0,META
2023-02-02,187.1267242431641,150475700,2687000000.0,19044000000.0,26591000000.0,14681000000.0,META
2023-02-03,184.90621948242188,76809700,2687000000.0,19044000000.0,26591000000.0,14681000000.0,META
2023-02-06,184.4403076171875,42483800,2687000000.0,19044000000.0,26591000000.0,14681000000.0,META
2023-02-07,189.95193481445312,47080700,2687000000.0,19044000000.0,26591000000.0,14681000000.0,META
2023-02-08,181.8332366943359,36139100,2687000000.0,19044000000.0,26591000000.0,14681000000.0,META
2023-02-09,176.37118530273438,37118800,2687000000.0,19044000000.0,26591000000.0,14681000000.0,META
2023-02-10,172.63400268554688,33433600,2687000000.0,19044000000.0,26591000000.0,14681000000.0,META
2023-02-13,177.86802673339844,31463200,2687000000.0,19044000000.0,26591000000.0,14681000000.0,META
2023-02-14,177.9176025390625,24034600,2687000000.0,19044000000.0,26591000000.0,14681000000.0,META
2023-02-15,175.61781311035156,25308900,2687000000.0,19044000000.0,26591000000.0,14681000000.0,META
2023-02-16,170.9388885498047,25827500,2687000000.0,19044000000.0,26591000000.0,14681000000.0,META
2023-02-17,171.3750762939453,24171300,2687000000.0,19044000000.0,26591000000.0,14681000000.0,META
2023-02-21,170.58203125,34592600,2687000000.0,19044000000.0,26591000000.0,14681000000.0,META
2023-02-22,169.63037109375,22433200,2687000000.0,19044000000.0,26591000000.0,14681000000.0,META
2023-02-23,170.5423583984375,20017800,2687000000.0,19044000000.0,26591000000.0,14681000000.0,META
2023-02-24,168.90672302246094,19791300,2687000000.0,19044000000.0,26591000000.0,14681000000.0,META
2023-02-27,168.06411743164062,19277000,2687000000.0,19044000000.0,26591000000.0,14681000000.0,META
2023-02-28,173.41714477539062,46051100,2687000000.0,19044000000.0,26591000000.0,14681000000.0,META
2023-03-01,171.91036987304688,30998400,2687000000.0,19044000000.0,26591000000.0,14681000000.0,META
2023-03-02,173.0106964111328,17352000,2687000000.0,19044000000.0,26591000000.0,14681000000.0,META
2023-03-03,183.6373748779297,45877700,2687000000.0,19044000000.0,26591000000.0,14681000000.0,META
2023-03-06,183.2904052734375,33209400,2687000000.0,19044000000.0,26591000000.0,14681000000.0,META
2023-03-07,182.90382385253903,36701500,2687000000.0,19044000000.0,26591000000.0,14681000000.0,META
2023-03-08,183.3598175048828,19432400,2687000000.0,19044000000.0,26591000000.0,14681000000.0,META
2023-03-09,180.10836791992188,26582800,2687000000.0,19044000000.0,26591000000.0,14681000000.0,META
2023-03-10,177.94735717773438,25665000,2687000000.0,19044000000.0,26591000000.0,14681000000.0,META
2023-03-13,179.3252716064453,24728000,2687000000.0,19044000000.0,26591000000.0,14681000000.0,META
2023-03-14,192.33102416992188,41642600,2687000000.0,19044000000.0,26591000000.0,14681000000.0,META
2023-03-15,196.0285491943359,42123600,2687000000.0,19044000000.0,26591000000.0,14681000000.0,META
2023-03-16,203.1460418701172,50447100,2687000000.0,19044000000.0,26591000000.0,14681000000.0,META
2023-03-17,193.90721130371097,50141100,2687000000.0,19044000000.0,26591000000.0,14681000000.0,META
2023-03-20,196.08804321289065,25186300,2687000000.0,19044000000.0,26591000000.0,14681000000.0,META
2023-03-21,200.4001922607422,31827000,2687000000.0,19044000000.0,26591000000.0,14681000000.0,META
2023-03-22,198.0706329345703,28477800,2687000000.0,19044000000.0,26591000000.0,14681000000.0,META
2023-03-23,202.5017242431641,27389700,2687000000.0,19044000000.0,26591000000.0,14681000000.0,META
2023-03-24,204.21665954589844,27716400,2687000000.0,19044000000.0,26591000000.0,14681000000.0,META
2023-03-27,201.0742645263672,18527200,2687000000.0,19044000000.0,26591000000.0,14681000000.0,META
2023-03-28,198.9330596923828,19127300,2687000000.0,19044000000.0,26591000000.0,14681000000.0,META
2023-03-29,203.56239318847656,18851100,2687000000.0,19044000000.0,26591000000.0,14681000000.0,META
2023-03-30,206.03070068359375,22608300,2687000000.0,19044000000.0,26591000000.0,14681000000.0,META
2023-03-31,210.0950164794922,25440300,2687000000.0,19044000000.0,26591000000.0,14681000000.0,META
2023-04-03,211.2152099609375,17924600,2687000000.0,19044000000.0,26591000000.0,14681000000.0,META
2023-04-04,212.8508453369141,21026400,2687000000.0,19044000000.0,26591000000.0,14681000000.0,META
2023-04-05,209.63905334472656,19396600,2687000000.0,19044000000.0,26591000000.0,14681000000.0,META
2023-04-06,214.2188415527344,26104400,2687000000.0,19044000000.0,26591000000.0,14681000000.0,META
2023-04-10,212.8805694580078,16106100,2687000000.0,19044000000.0,26591000000.0,14681000000.0,META
2023-04-11,211.98841857910156,16710100,2687000000.0,19044000000.0,26591000000.0,14681000000.0,META
2023-04-12,212.1370849609375,18972200,2687000000.0,19044000000.0,26591000000.0,14681000000.0,META
2023-04-13,218.4318084716797,23310400,2687000000.0,19044000000.0,26591000000.0,14681000000.0,META
2023-04-14,219.5619354248047,21591200,2687000000.0,19044000000.0,26591000000.0,14681000000.0,META
2023-04-17,216.95480346679688,15481900,2687000000.0,19044000000.0,26591000000.0,14681000000.0,META
2023-04-18,215.9932403564453,12281000,2687000000.0,19044000000.0,26591000000.0,14681000000.0,META
2023-04-19,213.82232666015625,15898100,2687000000.0,19044000000.0,26591000000.0,14681000000.0,META
2023-04-20,211.2152099609375,16475400,2687000000.0,19044000000.0,26591000000.0,14681000000.0,META
2023-04-21,211.03677368164065,17717200,2687000000.0,19044000000.0,26591000000.0,14681000000.0,META
2023-04-24,210.93760681152344,15750900,2687000000.0,19044000000.0,26591000000.0,14681000000.0,META
2023-04-25,205.7432403564453,19198200,2687000000.0,19044000000.0,26591000000.0,14681000000.0,META
2023-04-26,207.57716369628903,41992700,2687000000.0,19044000000.0,26591000000.0,14681000000.0,META
2023-04-27,236.4833221435547,71196500,2687000000.0,19044000000.0,26591000000.0,14681000000.0,META
2023-04-28,238.22801208496097,39554000,2687000000.0,19044000000.0,26591000000.0,14681000000.0,META
2023-05-01,241.0630798339844,29143900,2687000000.0,19044000000.0,26591000000.0,14681000000.0,META
2023-05-02,237.15737915039065,24350100,2687000000.0,19044000000.0,26591000000.0,14681000000.0,META
2023-05-03,234.9666290283203,34463900,2687000000.0,19044000000.0,26591000000.0,14681000000.0,META
2023-05-04,231.4871826171875,17889400,2687000000.0,19044000000.0,26591000000.0,14681000000.0,META
2023-05-05,230.7536163330078,27000500,2687000000.0,19044000000.0,26591000000.0,14681000000.0,META
2023-05-08,231.2393493652344,16400500,2687000000.0,19044000000.0,26591000000.0,14681000000.0,META
2023-05-09,231.33848571777344,16865600,2687000000.0,19044000000.0,26591000000.0,14681000000.0,META
2023-05-10,231.0510101318359,19119000,2687000000.0,19044000000.0,26591000000.0,14681000000.0,META
2023-05-11,233.73741149902344,20449000,2687000000.0,19044000000.0,26591000000.0,14681000000.0,META
2023-05-12,231.7746429443359,16161400,2687000000.0,19044000000.0,26591000000.0,14681000000.0,META
2023-05-15,236.7806701660156,20653200,2687000000.0,19044000000.0,26591000000.0,14681000000.0,META
2023-05-16,236.74105834960935,18163800,2687000000.0,19044000000.0,26591000000.0,14681000000.0,META
2023-05-17,240.3791046142578,21193100,2687000000.0,19044000000.0,26591000000.0,14681000000.0,META
2023-05-18,244.701171875,22943300,2687000000.0,19044000000.0,26591000000.0,14681000000.0,META
2023-05-19,243.5016632080078,21733600,2687000000.0,19044000000.0,26591000000.0,14681000000.0,META
2023-05-22,246.1583709716797,27738500,2687000000.0,19044000000.0,26591000000.0,14681000000.0,META
2023-05-23,244.59210205078125,17748100,2687000000.0,19044000000.0,26591000000.0,14681000000.0,META
2023-05-24,247.0406036376953,17724300,2687000000.0,19044000000.0,26591000000.0,14681000000.0,META
2023-05-25,250.4903106689453,22371400,2687000000.0,19044000000.0,26591000000.0,14681000000.0,META
2023-05-26,259.7588806152344,25727200,2687000000.0,19044000000.0,26591000000.0,14681000000.0,META
2023-05-30,260.2347412109375,23816500,2687000000.0,19044000000.0,26591000000.0,14681000000.0,META
2023-05-31,262.4156188964844,25473700,2687000000.0,19044000000.0,26591000000.0,14681000000.0,META
2023-06-01,270.23687744140625,25609500,2687000000.0,19044000000.0,26591000000.0,14681000000.0,META
2023-06-02,270.23687744140625,19416900,2687000000.0,19044000000.0,26591000000.0,14681000000.0,META
2023-06-05,269.0275573730469,20742900,2687000000.0,19044000000.0,26591000000.0,14681000000.0,META
2023-06-06,268.7598876953125,19419000,2687000000.0,19044000000.0,26591000000.0,14681000000.0,META
2023-06-07,261.3052978515625,26163600,2687000000.0,19044000000.0,26591000000.0,14681000000.0,META
2023-06-08,262.2768249511719,20899400,2687000000.0,19044000000.0,26591000000.0,14681000000.0,META
2023-06-09,262.6435852050781,16949800,2687000000.0,19044000000.0,26591000000.0,14681000000.0,META
2023-06-12,268.69049072265625,15442500,2687000000.0,19044000000.0,26591000000.0,14681000000.0,META
2023-06-13,268.9580993652344,16164000,2687000000.0,19044000000.0,26591000000.0,14681000000.0,META
2023-06-14,270.9704895019531,19175100,2687000000.0,19044000000.0,26591000000.0,14681000000.0,META
2023-06-15,279.3766174316406,25973500,2687000000.0,19044000000.0,26591000000.0,14681000000.0,META
2023-06-16,278.5538635253906,43127700,2687000000.0,19044000000.0,26591000000.0,14681000000.0,META
2023-06-20,281.8548583984375,20701600,2687000000.0,19044000000.0,26591000000.0,14681000000.0,META
2023-06-21,279.18829345703125,20556200,2687000000.0,19044000000.0,26591000000.0,14681000000.0,META
2023-06-22,282.40008544921875,17563100,2687000000.0,19044000000.0,26591000000.0,14681000000.0,META
2023-06-23,286.2165832519531,51092000,2687000000.0,19044000000.0,26591000000.0,14681000000.0,META
2023-06-26,276.0458984375,24232700,2687000000.0,19044000000.0,26591000000.0,14681000000.0,META
2023-06-27,284.5511779785156,26108300,2687000000.0,19044000000.0,26591000000.0,14681000000.0,META
2023-06-28,282.8064880371094,16722100,2687000000.0,19044000000.0,26591000000.0,14681000000.0,META
2023-06-29,279.0792541503906,15395700,2687000000.0,19044000000.0,26591000000.0,14681000000.0,META
2023-06-30,284.4818420410156,19694900,2687000000.0,19044000000.0,26591000000.0,14681000000.0,META
2023-07-03,283.5301513671875,8629300,2687000000.0,19044000000.0,26591000000.0,14681000000.0,META
2023-07-05,291.8074645996094,33865500,2687000000.0,19044000000.0,26591000000.0,14681000000.0,META
2023-07-06,289.44818115234375,47600500,2687000000.0,19044000000.0,26591000000.0,14681000000.0,META
2023-07-07,288.0009460449219,25586000,2687000000.0,19044000000.0,26591000000.0,14681000000.0,META
2023-07-10,291.5398254394531,37058300,2687000000.0,19044000000.0,26591000000.0,14681000000.0,META
2023-07-11,295.6933898925781,27585900,2687000000.0,19044000000.0,26591000000.0,14681000000.0,META
2023-07-12,306.6471252441406,36677100,2687000000.0,19044000000.0,26591000000.0,14681000000.0,META
2023-07-13,310.6817626953125,30281000,2687000000.0,19044000000.0,26591000000.0,14681000000.0,META
2023-07-14,306.1812438964844,23054100,2687000000.0,19044000000.0,26591000000.0,14681000000.0,META
2023-07-17,307.9159851074219,25323100,2687000000.0,19044000000.0,26591000000.0,14681000000.0,META
2023-07-18,309.33355712890625,20731900,2687000000.0,19044000000.0,26591000000.0,14681000000.0,META
2023-07-19,313.2591247558594,21763700,2687000000.0,19044000000.0,26591000000.0,14681000000.0,META
2023-07-20,299.886474609375,23836900,2687000000.0,19044000000.0,26591000000.0,14681000000.0,META
2023-07-21,291.69842529296875,42139300,2687000000.0,19044000000.0,26591000000.0,14681000000.0,META
2023-07-24,289.07147216796875,24915700,2687000000.0,19044000000.0,26591000000.0,14681000000.0,META
2023-07-25,291.9066162109375,19585600,2687000000.0,19044000000.0,26591000000.0,14681000000.0,META
2023-07-26,295.9709777832031,47256900,2687000000.0,19044000000.0,26591000000.0,14681000000.0,META
2023-07-27,308.9964904785156,64229200,2687000000.0,19044000000.0,26591000000.0,14681000000.0,META
2023-07-28,322.6466369628906,39220300,2687000000.0,19044000000.0,26591000000.0,14681000000.0,META
2023-07-31,315.8265380859375,25799600,2687000000.0,19044000000.0,26591000000.0,14681000000.0,META
2023-08-01,319.9007568359375,22817900,2687000000.0,19044000000.0,26591000000.0,14681000000.0,META
2023-08-02,311.5738830566406,20461100,2687000000.0,19044000000.0,26591000000.0,14681000000.0,META
2023-08-03,310.4636535644531,15180200,2687000000.0,19044000000.0,26591000000.0,14681000000.0,META
2023-08-04,308.0250549316406,17612800,2687000000.0,19044000000.0,26591000000.0,14681000000.0,META
2023-08-07,313.80438232421875,16236500,2687000000.0,19044000000.0,26591000000.0,14681000000.0,META
2023-08-08,309.9184265136719,15183500,2687000000.0,19044000000.0,26591000000.0,14681000000.0,META
2023-08-09,302.5531311035156,19955800,2687000000.0,19044000000.0,26591000000.0,14681000000.0,META
2023-08-10,303.07843017578125,14358900,2687000000.0,19044000000.0,26591000000.0,14681000000.0,META
2023-08-11,299.01422119140625,14046300,2687000000.0,19044000000.0,26591000000.0,14681000000.0,META
2023-08-14,303.5245361328125,15641900,2687000000.0,19044000000.0,26591000000.0,14681000000.0,META
2023-08-15,299.3215026855469,11623600,2687000000.0,19044000000.0,26591000000.0,14681000000.0,META
2023-08-16,291.7281494140625,18547700,2687000000.0,19044000000.0,26591000000.0,14681000000.0,META
2023-08-17,282.6082458496094,23950100,2687000000.0,19044000000.0,26591000000.0,14681000000.0,META
2023-08-18,280.7842712402344,35347900,2687000000.0,19044000000.0,26591000000.0,14681000000.0,META
2023-08-21,287.37640380859375,20181500,2687000000.0,19044000000.0,26591000000.0,14681000000.0,META
2023-08-22,285.0964050292969,12980200,2687000000.0,19044000000.0,26591000000.0,14681000000.0,META
2023-08-23,291.6785583496094,18287000,2687000000.0,19044000000.0,26591000000.0,14681000000.0,META
2023-08-24,284.2537841796875,18360900,2687000000.0,19044000000.0,26591000000.0,14681000000.0,META
2023-08-25,283.0146789550781,23701400,2687000000.0,19044000000.0,26591000000.0,14681000000.0,META
2023-08-28,287.73321533203125,14239300,2687000000.0,19044000000.0,26591000000.0,14681000000.0,META
2023-08-29,295.39593505859375,20844500,2687000000.0,19044000000.0,26591000000.0,14681000000.0,META
2023-08-30,292.5310974121094,17717000,2687000000.0,19044000000.0,26591000000.0,14681000000.0,META
2023-08-31,293.3142395019531,17229900,2687000000.0,19044000000.0,26591000000.0,14681000000.0,META
2023-09-01,293.8000183105469,12842300,2687000000.0,19044000000.0,26591000000.0,14681000000.0,META
2023-09-05,297.5371398925781,14956000,2687000000.0,19044000000.0,26591000000.0,14681000000.0,META
2023-09-06,296.5657043457031,15418100,2687000000.0,19044000000.0,26591000000.0,14681000000.0,META
2023-09-07,296.0700378417969,33748700,2687000000.0,19044000000.0,26591000000.0,14681000000.0,META
2023-09-08,295.296875,17548000,2687000000.0,19044000000.0,26591000000.0,14681000000.0,META
2023-09-11,304.8826599121094,19489300,2687000000.0,19044000000.0,26591000000.0,14681000000.0,META
2023-09-12,299.03399658203125,13480400,2687000000.0,19044000000.0,26591000000.0,14681000000.0,META
2023-09-13,302.4044189453125,13210900,2687000000.0,19044000000.0,26591000000.0,14681000000.0,META
2023-09-14,309.0064697265625,19343100,2687000000.0,19044000000.0,26591000000.0,14681000000.0,META
2023-09-15,297.6957702636719,28131100,2687000000.0,19044000000.0,26591000000.0,14681000000.0,META
2023-09-18,299.916259765625,14234200,2687000000.0,19044000000.0,26591000000.0,14681000000.0,META
2023-09-19,302.414306640625,15924400,2687000000.0,19044000000.0,26591000000.0,14681000000.0,META
2023-09-20,297.0613708496094,19379500,2687000000.0,19044000000.0,26591000000.0,14681000000.0,META
2023-09-21,293.1556701660156,21319600,2687000000.0,19044000000.0,26591000000.0,14681000000.0,META
2023-09-22,296.4764709472656,25369600,2687000000.0,19044000000.0,26591000000.0,14681000000.0,META
2023-09-25,298.2112121582031,18987000,2687000000.0,19044000000.0,26591000000.0,14681000000.0,META
2023-09-26,296.35748291015625,19417200,2687000000.0,19044000000.0,26591000000.0,14681000000.0,META
2023-09-27,295.1481628417969,36429800,2687000000.0,19044000000.0,26591000000.0,14681000000.0,META
2023-09-28,301.31396484375,22167100,2687000000.0,19044000000.0,26591000000.0,14681000000.0,META
2023-09-29,297.5965881347656,25373700,2687000000.0,19044000000.0,26591000000.0,14681000000.0,META
2023-10-02,304.14910888671875,16265600,2687000000.0,19044000000.0,26591000000.0,14681000000.0,META
2023-10-03,298.3202819824219,17362300,2687000000.0,19044000000.0,26591000000.0,14681000000.0,META
2023-10-04,302.9198913574219,16880500,2687000000.0,19044000000.0,26591000000.0,14681000000.0,META
2023-10-05,302.1367492675781,19130000,2687000000.0,19044000000.0,26591000000.0,14681000000.0,META
2023-10-06,312.68414306640625,21803900,2687000000.0,19044000000.0,26591000000.0,14681000000.0,META
2023-10-09,315.588623046875,22503700,2687000000.0,19044000000.0,26591000000.0,14681000000.0,META
2023-10-10,319.038330078125,19038000,2687000000.0,19044000000.0,26591000000.0,14681000000.0,META
2023-10-11,324.96624755859375,22036300,2687000000.0,19044000000.0,26591000000.0,14681000000.0,META
2023-10-12,321.338134765625,20530500,2687000000.0,19044000000.0,26591000000.0,14681000000.0,META
2023-10-13,311.9506530761719,21341000,2687000000.0,19044000000.0,26591000000.0,14681000000.0,META
2023-10-16,318.35430908203125,16536100,2687000000.0,19044000000.0,26591000000.0,14681000000.0,META
2023-10-17,321.1795654296875,16387800,2687000000.0,19044000000.0,26591000000.0,14681000000.0,META
2023-10-18,314.2107849121094,16851000,2687000000.0,19044000000.0,26591000000.0,14681000000.0,META
2023-10-19,310.08697509765625,18709200,2687000000.0,19044000000.0,26591000000.0,14681000000.0,META
2023-10-20,305.9631652832031,22312300,2687000000.0,19044000000.0,26591000000.0,14681000000.0,META
2023-10-23,311.2765808105469,17796800,2687000000.0,19044000000.0,26591000000.0,14681000000.0,META
2023-10-24,309.8292236328125,19525500,2687000000.0,19044000000.0,26591000000.0,14681000000.0,META
2023-10-25,296.92254638671875,42192500,2687000000.0,19044000000.0,26591000000.0,14681000000.0,META
2023-10-26,285.8398742675781,66684100,2687000000.0,19044000000.0,26591000000.0,14681000000.0,META
2023-10-27,294.1469421386719,29596300,2687000000.0,19044000000.0,26591000000.0,14681000000.0,META
2023-10-30,300.0253601074219,28435100,2687000000.0,19044000000.0,26591000000.0,14681000000.0,META
2023-10-31,298.6474609375,19434200,2687000000.0,19044000000.0,26591000000.0,14681000000.0,META
2023-11-01,309.13531494140625,20434600,2687000000.0,19044000000.0,26591000000.0,14681000000.0,META
2023-11-02,308.163818359375,21631800,2687000000.0,19044000000.0,26591000000.0,14681000000.0,META
2023-11-03,311.861328125,16764300,2687000000.0,19044000000.0,26591000000.0,14681000000.0,META
2023-11-06,313.05096435546875,12887700,2687000000.0,19044000000.0,26591000000.0,14681000000.0,META
2023-11-07,316.0446472167969,14055600,2687000000.0,19044000000.0,26591000000.0,14681000000.0,META
2023-11-08,316.9963073730469,13609700,2687000000.0,19044000000.0,26591000000.0,14681000000.0,META
2023-11-09,317.759521484375,16103100,2687000000.0,19044000000.0,26591000000.0,14681000000.0,META
2023-11-10,325.90802001953125,19096200,2687000000.0,19044000000.0,26591000000.0,14681000000.0,META
2023-11-13,326.32440185546875,16908900,2687000000.0,19044000000.0,26591000000.0,14681000000.0,META
2023-11-14,333.38238525390625,17179400,2687000000.0,19044000000.0,26591000000.0,14681000000.0,META
2023-11-15,329.813720703125,14531200,2687000000.0,19044000000.0,26591000000.0,14681000000.0,META
2023-11-16,331.2808532714844,18932600,2687000000.0,19044000000.0,26591000000.0,14681000000.0,META
2023-11-17,332.1234436035156,14494400,2687000000.0,19044000000.0,26591000000.0,14681000000.0,META
2023-11-20,337.0104675292969,16960500,2687000000.0,19044000000.0,26591000000.0,14681000000.0,META
2023-11-21,334.0466003417969,12027900,2687000000.0,19044000000.0,26591000000.0,14681000000.0,META
2023-11-22,338.5172119140625,10702700,2687000000.0,19044000000.0,26591000000.0,14681000000.0,META
2023-11-24,335.2856750488281,5467500,2687000000.0,19044000000.0,26591000000.0,14681000000.0,META
2023-11-27,331.78643798828125,15684500,2687000000.0,19044000000.0,26591000000.0,14681000000.0,META
2023-11-28,336.03900146484375,12637200,2687000000.0,19044000000.0,26591000000.0,14681000000.0,META
2023-11-29,329.3081970214844,16024500,2687000000.0,19044000000.0,26591000000.0,14681000000.0,META
2023-11-30,324.3021545410156,23146400,2687000000.0,19044000000.0,26591000000.0,14681000000.0,META
2023-12-01,321.9924011230469,15276400,2687000000.0,19044000000.0,26591000000.0,14681000000.0,META
2023-12-04,317.2341613769531,19037100,2687000000.0,19044000000.0,26591000000.0,14681000000.0,META
2023-12-05,315.519287109375,16952100,2687000000.0,19044000000.0,26591000000.0,14681000000.0,META
2023-12-06,314.68658447265625,11294300,2687000000.0,19044000000.0,26591000000.0,14681000000.0,META
2023-12-07,323.74700927734375,15905100,2687000000.0,19044000000.0,26591000000.0,14681000000.0,META
2023-12-08,329.8533935546875,14087400,2687000000.0,19044000000.0,26591000000.0,14681000000.0,META
2023-12-11,322.4483947753906,25802500,2687000000.0,19044000000.0,26591000000.0,14681000000.0,META
2023-12-12,331.310546875,18485500,2687000000.0,19044000000.0,26591000000.0,14681000000.0,META
2023-12-13,331.8260498046875,16353300,2687000000.0,19044000000.0,26591000000.0,14681000000.0,META
2023-12-14,330.2696838378906,19607300,2687000000.0,19044000000.0,26591000000.0,14681000000.0,META
2023-12-15,332.0044860839844,31776900,2687000000.0,19044000000.0,26591000000.0,14681000000.0,META
2023-12-18,341.62005615234375,18993900,2687000000.0,19044000000.0,26591000000.0,14681000000.0,META
2023-12-19,347.3100280761719,17729400,2687000000.0,19044000000.0,26591000000.0,14681000000.0,META
2023-12-20,346.23944091796875,16369900,2687000000.0,19044000000.0,26591000000.0,14681000000.0,META
2023-12-21,351.0075988769531,15289600,2687000000.0,19044000000.0,26591000000.0,14681000000.0,META
2023-12-22,350.3136901855469,11772800,2687000000.0,19044000000.0,26591000000.0,14681000000.0,META
2023-12-26,351.74114990234375,9898600,2687000000.0,19044000000.0,26591000000.0,14681000000.0,META
2023-12-27,354.715087890625,13207900,2687000000.0,19044000000.0,26591000000.0,14681000000.0,META
2023-12-28,355.2007751464844,11798800,2687000000.0,19044000000.0,26591000000.0,14681000000.0,META
2023-12-29,350.8787536621094,14987100,2687000000.0,19044000000.0,26591000000.0,14681000000.0,META
2024-01-02,343.2755126953125,19042200,2574000000.0,43847000000.0,37234000000.0,41862000000.0,META
2024-01-03,341.4713134765625,15451100,2574000000.0,43847000000.0,37234000000.0,41862000000.0,META
2024-01-04,344.09832763671875,12099900,2574000000.0,43847000000.0,37234000000.0,41862000000.0,META
2024-01-05,348.8861999511719,13920700,2574000000.0,43847000000.0,37234000000.0,41862000000.0,META
2024-01-08,355.537841796875,13890200,2574000000.0,43847000000.0,37234000000.0,41862000000.0,META
2024-01-09,354.3185729980469,13463900,2574000000.0,43847000000.0,37234000000.0,41862000000.0,META
2024-01-10,367.2450256347656,22117200,2574000000.0,43847000000.0,37234000000.0,41862000000.0,META
2024-01-11,366.4519958496094,17205400,2574000000.0,43847000000.0,37234000000.0,41862000000.0,META
2024-01-12,371.23004150390625,19310000,2574000000.0,43847000000.0,37234000000.0,41862000000.0,META
2024-01-16,364.2611999511719,15306900,2574000000.0,43847000000.0,37234000000.0,41862000000.0,META
2024-01-17,365.1632690429687,12724800,2574000000.0,43847000000.0,37234000000.0,41862000000.0,META
2024-01-18,372.8557434082031,16354300,2574000000.0,43847000000.0,37234000000.0,41862000000.0,META
2024-01-19,380.112060546875,21670800,2574000000.0,43847000000.0,37234000000.0,41862000000.0,META
2024-01-22,378.4565734863281,17680500,2574000000.0,43847000000.0,37234000000.0,41862000000.0,META
2024-01-23,381.8468322753906,15506100,2574000000.0,43847000000.0,37234000000.0,41862000000.0,META
2024-01-24,387.2989196777344,15698500,2574000000.0,43847000000.0,37234000000.0,41862000000.0,META
2024-01-25,389.7572937011719,15091100,2574000000.0,43847000000.0,37234000000.0,41862000000.0,META
2024-01-26,390.708984375,13163700,2574000000.0,43847000000.0,37234000000.0,41862000000.0,META
2024-01-29,397.5290222167969,18742400,2574000000.0,43847000000.0,37234000000.0,41862000000.0,META
2024-01-30,396.5774536132813,18614700,2574000000.0,43847000000.0,37234000000.0,41862000000.0,META
2024-01-31,386.7438049316406,20180800,2574000000.0,43847000000.0,37234000000.0,41862000000.0,META
2024-02-01,391.3434143066406,29727100,2574000000.0,43847000000.0,37234000000.0,41862000000.0,META
2024-02-02,470.8551330566406,84707600,2574000000.0,43847000000.0,37234000000.0,41862000000.0,META
2024-02-05,455.4107666015625,40832400,2574000000.0,43847000000.0,37234000000.0,41862000000.0,META
2024-02-06,450.7616271972656,21655200,2574000000.0,43847000000.0,37234000000.0,41862000000.0,META
2024-02-07,465.5021362304687,23066000,2574000000.0,43847000000.0,37234000000.0,41862000000.0,META
2024-02-08,465.90863037109375,18815100,2574000000.0,43847000000.0,37234000000.0,41862000000.0,META
2024-02-09,464.0350341796875,18413100,2574000000.0,43847000000.0,37234000000.0,41862000000.0,META
2024-02-12,464.8182067871094,19382000,2574000000.0,43847000000.0,37234000000.0,41862000000.0,META
2024-02-13,456.1145629882813,20916600,2574000000.0,43847000000.0,37234000000.0,41862000000.0,META
2024-02-14,469.1600646972656,16858400,2574000000.0,43847000000.0,37234000000.0,41862000000.0,META
2024-02-15,479.8164367675781,24212300,2574000000.0,43847000000.0,37234000000.0,41862000000.0,META
2024-02-16,469.19970703125,23324600,2574000000.0,43847000000.0,37234000000.0,41862000000.0,META
2024-02-20,467.6433410644531,18015500,2574000000.0,43847000000.0,37234000000.0,41862000000.0,META
2024-02-21,464.447998046875,12921800,2574000000.0,43847000000.0,37234000000.0,41862000000.0,META
2024-02-22,482.409423828125,21625800,2574000000.0,43847000000.0,37234000000.0,41862000000.0,META
2024-02-23,480.3255615234375,18374300,2574000000.0,43847000000.0,37234000000.0,41862000000.0,META
2024-02-26,478.0530700683594,12101400,2574000000.0,43847000000.0,37234000000.0,41862000000.0,META
2024-02-27,483.3224792480469,10809600,2574000000.0,43847000000.0,37234000000.0,41862000000.0,META
2024-02-28,480.3156433105469,12715500,2574000000.0,43847000000.0,37234000000.0,41862000000.0,META
2024-02-29,486.3788757324219,17732000,2574000000.0,43847000000.0,37234000000.0,41862000000.0,META
2024-03-01,498.4557189941406,16273600,2574000000.0,43847000000.0,37234000000.0,41862000000.0,META
2024-03-04,494.3771667480469,12324100,2574000000.0,43847000000.0,37234000000.0,41862000000.0,META
2024-03-05,486.4681701660156,15325300,2574000000.0,43847000000.0,37234000000.0,41862000000.0,META
2024-03-06,492.293212890625,11757900,2574000000.0,43847000000.0,37234000000.0,41862000000.0,META
2024-03-07,508.27001953125,18586400,2574000000.0,43847000000.0,37234000000.0,41862000000.0,META
2024-03-08,502.0777893066406,18597100,2574000000.0,43847000000.0,37234000000.0,41862000000.0,META
2024-03-11,479.888916015625,20428300,2574000000.0,43847000000.0,37234000000.0,41862000000.0,META
2024-03-12,495.92523193359375,15448200,2574000000.0,43847000000.0,37234000000.0,41862000000.0,META
2024-03-13,491.7772216796875,12090700,2574000000.0,43847000000.0,37234000000.0,41862000000.0,META
2024-03-14,488.0657958984375,12620000,2574000000.0,43847000000.0,37234000000.0,41862000000.0,META
2024-03-15,480.39501953125,29153600,2574000000.0,43847000000.0,37234000000.0,41862000000.0,META
2024-03-18,493.1764526367187,11755300,2574000000.0,43847000000.0,37234000000.0,41862000000.0,META
2024-03-19,492.4421081542969,10903100,2574000000.0,43847000000.0,37234000000.0,41862000000.0,META
2024-03-20,501.6510620117187,11711100,2574000000.0,43847000000.0,37234000000.0,41862000000.0,META
2024-03-21,503.8739929199219,9712500,2574000000.0,43847000000.0,37234000000.0,41862000000.0,META
2024-03-22,505.6799926757813,8120600,2574000000.0,43847000000.0,37234000000.0,41862000000.0,META
2024-03-25,499.1701965332031,8380600,2574000000.0,43847000000.0,37234000000.0,41862000000.0,META
2024-03-26,492.09478759765625,11205400,2574000000.0,43847000000.0,37234000000.0,41862000000.0,META
2024-03-27,490.0802917480469,9989700,2574000000.0,43847000000.0,37234000000.0,41862000000.0,META
2024-03-28,481.8636779785156,15212800,2574000000.0,43847000000.0,37234000000.0,41862000000.0,META
2024-04-01,487.5895080566406,9247000,2574000000.0,43847000000.0,37234000000.0,41862000000.0,META
2024-04-02,493.56341552734375,11081000,2574000000.0,43847000000.0,37234000000.0,41862000000.0,META
2024-04-03,502.8617248535156,12099200,2574000000.0,43847000000.0,37234000000.0,41862000000.0,META
2024-04-04,507.0097961425781,26476300,2574000000.0,43847000000.0,37234000000.0,41862000000.0,META
2024-04-05,523.3041381835938,19263300,2574000000.0,43847000000.0,37234000000.0,41862000000.0,META
2024-04-08,515.2759399414062,13260600,2574000000.0,43847000000.0,37234000000.0,41862000000.0,META
2024-04-09,512.9439086914062,10863800,2574000000.0,43847000000.0,37234000000.0,41862000000.0,META
2024-04-10,515.8516235351562,11418500,2574000000.0,43847000000.0,37234000000.0,41862000000.0,META
2024-04-11,519.1560668945312,10369500,2574000000.0,43847000000.0,37234000000.0,41862000000.0,META
2024-04-12,507.9822387695313,11984500,2574000000.0,43847000000.0,37234000000.0,41862000000.0,META
2024-04-15,496.4015502929687,13512900,2574000000.0,43847000000.0,37234000000.0,41862000000.0,META
2024-04-16,495.9351501464844,9847900,2574000000.0,43847000000.0,37234000000.0,41862000000.0,META
2024-04-17,490.3880004882813,12193700,2574000000.0,43847000000.0,37234000000.0,41862000000.0,META
2024-04-18,497.95953369140625,14808700,2574000000.0,43847000000.0,37234000000.0,41862000000.0,META
2024-04-19,477.3882141113281,25215400,2574000000.0,43847000000.0,37234000000.0,41862000000.0,META
2024-04-22,478.0431518554687,17271100,2574000000.0,43847000000.0,37234000000.0,41862000000.0,META
2024-04-23,492.3031921386719,15079200,2574000000.0,43847000000.0,37234000000.0,41862000000.0,META
2024-04-24,489.7231140136719,37772700,2574000000.0,43847000000.0,37234000000.0,41862000000.0,META
2024-04-25,438.001953125,82890700,2574000000.0,43847000000.0,37234000000.0,41862000000.0,META
2024-04-26,439.8973693847656,32691400,2574000000.0,43847000000.0,37234000000.0,41862000000.0,META
2024-04-29,429.3089904785156,21502600,2574000000.0,43847000000.0,37234000000.0,41862000000.0,META
2024-04-30,426.8777770996094,18429500,2574000000.0,43847000000.0,37234000000.0,41862000000.0,META
2024-05-01,435.8287658691406,20344900,2574000000.0,43847000000.0,37234000000.0,41862000000.0,META
2024-05-02,438.2996215820313,15221300,2574000000.0,43847000000.0,37234000000.0,41862000000.0,META
2024-05-03,448.5009765625,16489100,2574000000.0,43847000000.0,37234000000.0,41862000000.0,META
2024-05-06,462.115966796875,15094600,2574000000.0,43847000000.0,37234000000.0,41862000000.0,META
2024-05-07,464.6564025878906,13406800,2574000000.0,43847000000.0,37234000000.0,41862000000.0,META
2024-05-08,468.9830322265625,11683900,2574000000.0,43847000000.0,37234000000.0,41862000000.0,META
2024-05-09,471.7814636230469,9437700,2574000000.0,43847000000.0,37234000000.0,41862000000.0,META
2024-05-10,472.5554809570313,10750000,2574000000.0,43847000000.0,37234000000.0,41862000000.0,META
2024-05-13,464.4281921386719,14668800,2574000000.0,43847000000.0,37234000000.0,41862000000.0,META
2024-05-14,468.23876953125,10478600,2574000000.0,43847000000.0,37234000000.0,41862000000.0,META
2024-05-15,477.8545837402344,13100500,2574000000.0,43847000000.0,37234000000.0,41862000000.0,META
2024-05-16,469.6082458496094,16608200,2574000000.0,43847000000.0,37234000000.0,41862000000.0,META
2024-05-17,468.29833984375,10807300,2574000000.0,43847000000.0,37234000000.0,41862000000.0,META
2024-05-20,465.2518005371094,11745100,2574000000.0,43847000000.0,37234000000.0,41862000000.0,META
2024-05-21,461.0740356445313,11742200,2574000000.0,43847000000.0,37234000000.0,41862000000.0,META
2024-05-22,464.199951171875,10078600,2574000000.0,43847000000.0,37234000000.0,41862000000.0,META
2024-05-23,462.2152404785156,11747900,2574000000.0,43847000000.0,37234000000.0,41862000000.0,META
2024-05-24,474.5599670410156,12024300,2574000000.0,43847000000.0,37234000000.0,41862000000.0,META
2024-05-28,476.2470397949219,10175800,2574000000.0,43847000000.0,37234000000.0,41862000000.0,META
2024-05-29,470.7295227050781,9226200,2574000000.0,43847000000.0,37234000000.0,41862000000.0,META
2024-05-30,463.4754943847656,10719600,2574000000.0,43847000000.0,37234000000.0,41862000000.0,META
2024-05-31,463.2571716308594,16919800,2574000000.0,43847000000.0,37234000000.0,41862000000.0,META
2024-06-03,473.8356018066406,11279400,2574000000.0,43847000000.0,37234000000.0,41862000000.0,META
2024-06-04,473.33941650390625,7088700,2574000000.0,43847000000.0,37234000000.0,41862000000.0,META
2024-06-05,491.2711486816406,15690500,2574000000.0,43847000000.0,37234000000.0,41862000000.0,META
2024-06-06,489.9811096191406,10667300,2574000000.0,43847000000.0,37234000000.0,41862000000.0,META
2024-06-07,489.1871948242187,9380700,2574000000.0,43847000000.0,37234000000.0,41862000000.0,META
2024-06-10,498.7534484863281,11220900,2574000000.0,43847000000.0,37234000000.0,41862000000.0,META
2024-06-11,503.5862121582031,9673700,2574000000.0,43847000000.0,37234000000.0,41862000000.0,META
2024-06-12,504.9456481933594,11983200,2574000000.0,43847000000.0,37234000000.0,41862000000.0,META
2024-06-13,500.241943359375,9954600,2574000000.0,43847000000.0,37234000000.0,41862000000.0,META
2024-06-14,500.7982177734375,10243300,2574000000.0,43847000000.0,37234000000.0,41862000000.0,META
2024-06-17,503.2517395019531,11266600,2574000000.0,43847000000.0,37234000000.0,41862000000.0,META
2024-06-18,496.1593627929687,13060400,2574000000.0,43847000000.0,37234000000.0,41862000000.0,META
2024-06-20,498.3546447753906,11801200,2574000000.0,43847000000.0,37234000000.0,41862000000.0,META
2024-06-21,491.4807739257813,22359200,2574000000.0,43847000000.0,37234000000.0,41862000000.0,META
2024-06-24,495.5831909179687,13525300,2574000000.0,43847000000.0,37234000000.0,41862000000.0,META
2024-06-25,507.1952819824219,12063200,2574000000.0,43847000000.0,37234000000.0,41862000000.0,META
2024-06-26,509.698486328125,8882300,2574000000.0,43847000000.0,37234000000.0,41862000000.0,META
2024-06-27,516.095458984375,10121200,2574000000.0,43847000000.0,37234000000.0,41862000000.0,META
2024-06-28,500.85784912109375,15855100,2574000000.0,43847000000.0,37234000000.0,41862000000.0,META
2024-07-01,501.3147277832031,10328200,2574000000.0,43847000000.0,37234000000.0,41862000000.0,META
2024-07-02,506.1026306152344,7739500,2574000000.0,43847000000.0,37234000000.0,41862000000.0,META
2024-07-03,506.55950927734375,6005600,2574000000.0,43847000000.0,37234000000.0,41862000000.0,META
2024-07-05,536.309814453125,21354100,2574000000.0,43847000000.0,37234000000.0,41862000000.0,META
2024-07-08,525.7904663085938,14917500,2574000000.0,43847000000.0,37234000000.0,41862000000.0,META
2024-07-09,526.4658203125,8753200,2574000000.0,43847000000.0,37234000000.0,41862000000.0,META
2024-07-10,531.1246948242188,10983300,2574000000.0,43847000000.0,37234000000.0,41862000000.0,META
2024-07-11,509.28131103515625,16458300,2574000000.0,43847000000.0,37234000000.0,41862000000.0,META
2024-07-12,495.5434265136719,19750500,2574000000.0,43847000000.0,37234000000.0,41862000000.0,META
2024-07-15,492.8515625,12539200,2574000000.0,43847000000.0,37234000000.0,41862000000.0,META
2024-07-16,486.5240783691406,14075800,2574000000.0,43847000000.0,37234000000.0,41862000000.0,META
2024-07-17,458.909423828125,28076600,2574000000.0,43847000000.0,37234000000.0,41862000000.0,META
2024-07-18,472.6770324707031,19267200,2574000000.0,43847000000.0,37234000000.0,41862000000.0,META
2024-07-19,473.6107482910156,15149400,2574000000.0,43847000000.0,37234000000.0,41862000000.0,META
2024-07-22,484.1499938964844,12023100,2574000000.0,43847000000.0,37234000000.0,41862000000.0,META
2024-07-23,485.4313659667969,9455500,2574000000.0,43847000000.0,37234000000.0,41862000000.0,META
2024-07-24,458.1942443847656,17649700,2574000000.0,43847000000.0,37234000000.0,41862000000.0,META
2024-07-25,450.3866271972656,18240500,2574000000.0,43847000000.0,37234000000.0,41862000000.0,META
2024-07-26,462.59466552734375,14222400,2574000000.0,43847000000.0,37234000000.0,41862000000.0,META
2024-07-29,462.6046142578125,11339600,2574000000.0,43847000000.0,37234000000.0,41862000000.0,META
2024-07-30,460.1014099121094,11390400,2574000000.0,43847000000.0,37234000000.0,41862000000.0,META
2024-07-31,471.6638488769531,24285800,2574000000.0,43847000000.0,37234000000.0,41862000000.0,META
2024-08-01,494.4210510253906,43083100,2574000000.0,43847000000.0,37234000000.0,41862000000.0,META
2024-08-02,484.8850402832031,24044700,2574000000.0,43847000000.0,37234000000.0,41862000000.0,META
2024-08-05,472.5578308105469,21396200,2574000000.0,43847000000.0,37234000000.0,41862000000.0,META
2024-08-06,490.79534912109375,20955000,2574000000.0,43847000000.0,37234000000.0,41862000000.0,META
2024-08-07,485.6598815917969,20105300,2574000000.0,43847000000.0,37234000000.0,41862000000.0,META
2024-08-08,506.2317810058594,16156800,2574000000.0,43847000000.0,37234000000.0,41862000000.0,META
2024-08-09,514.3174438476562,13696600,2574000000.0,43847000000.0,37234000000.0,41862000000.0,META
2024-08-12,512.5095825195312,9767400,2574000000.0,43847000000.0,37234000000.0,41862000000.0,META
2024-08-13,525.0157470703125,13743800,2574000000.0,43847000000.0,37234000000.0,41862000000.0,META
2024-08-14,523.2474975585938,11444200,2574000000.0,43847000000.0,37234000000.0,41862000000.0,META
2024-08-15,533.7471313476562,13482100,2574000000.0,43847000000.0,37234000000.0,41862000000.0,META
2024-08-16,523.903076171875,14776700,2574000000.0,43847000000.0,37234000000.0,41862000000.0,META
2024-08-19,525.750732421875,9879700,2574000000.0,43847000000.0,37234000000.0,41862000000.0,META
2024-08-20,523.2176513671875,7944400,2574000000.0,43847000000.0,37234000000.0,41862000000.0,META
2024-08-21,531.5914916992188,13423300,2574000000.0,43847000000.0,37234000000.0,41862000000.0,META
2024-08-22,528.3829956054688,15708300,2574000000.0,43847000000.0,37234000000.0,41862000000.0,META
2024-08-23,524.479248046875,11323900,2574000000.0,43847000000.0,37234000000.0,41862000000.0,META
2024-08-26,517.6452026367188,9584000,2574000000.0,43847000000.0,37234000000.0,41862000000.0,META
2024-08-27,515.6385498046875,6282700,2574000000.0,43847000000.0,37234000000.0,41862000000.0,META
2024-08-28,513.3340454101562,9106100,2574000000.0,43847000000.0,37234000000.0,41862000000.0,META
2024-08-29,514.7645263671875,8317400,2574000000.0,43847000000.0,37234000000.0,41862000000.0,META
2024-08-30,517.8338623046875,9157500,2574000000.0,43847000000.0,37234000000.0,41862000000.0,META
2024-09-03,508.3475341796875,12459100,2574000000.0,43847000000.0,37234000000.0,41862000000.0,META
2024-09-04,509.3209838867187,8335200,2574000000.0,43847000000.0,37234000000.0,41862000000.0,META
2024-09-05,513.4135131835938,8640900,2574000000.0,43847000000.0,37234000000.0,41862000000.0,META
2024-09-06,496.93414306640625,14744500,2574000000.0,43847000000.0,37234000000.0,41862000000.0,META
2024-09-09,501.4239807128906,11047800,2574000000.0,43847000000.0,37234000000.0,41862000000.0,META
2024-09-10,501.4239807128906,9899000,2574000000.0,43847000000.0,37234000000.0,41862000000.0,META
2024-09-11,508.41705322265625,10782500,2574000000.0,43847000000.0,37234000000.0,41862000000.0,META
2024-09-12,522.09521484375,11970500,2574000000.0,43847000000.0,37234000000.0,41862000000.0,META
2024-09-13,521.121826171875,10321400,2574000000.0,43847000000.0,37234000000.0,41862000000.0,META
2024-09-16,530.2294311523438,9527600,2574000000.0,43847000000.0,37234000000.0,41862000000.0,META
2024-09-17,533.2520141601562,11690800,2574000000.0,43847000000.0,37234000000.0,41862000000.0,META
2024-09-18,534.8726196289062,10323500,2574000000.0,43847000000.0,37234000000.0,41862000000.0,META
2024-09-19,555.9016723632812,15647000,2574000000.0,43847000000.0,37234000000.0,41862000000.0,META
2024-09-20,558.138671875,22066800,2574000000.0,43847000000.0,37234000000.0,41862000000.0,META
2024-09-23,561.1812744140625,12830700,2574000000.0,43847000000.0,37234000000.0,41862000000.0,META
2024-09-24,560.1074829101562,12993000,2574000000.0,43847000000.0,37234000000.0,41862000000.0,META
2024-09-25,565.0589599609375,16543400,2574000000.0,43847000000.0,37234000000.0,41862000000.0,META
2024-09-26,564.5917358398438,14400800,2574000000.0,43847000000.0,37234000000.0,41862000000.0,META
2024-09-27,564.1144409179688,9398400,2574000000.0,43847000000.0,37234000000.0,41862000000.0,META
2024-09-30,569.1654052734375,12792300,2574000000.0,43847000000.0,37234000000.0,41862000000.0,META
2024-10-01,573.1723022460938,15259300,2574000000.0,43847000000.0,37234000000.0,41862000000.0,META
2024-10-02,569.533203125,6524700,2574000000.0,43847000000.0,37234000000.0,41862000000.0,META
2024-10-03,579.4363403320312,11581000,2574000000.0,43847000000.0,37234000000.0,41862000000.0,META
2024-10-04,592.5309448242188,14169500,2574000000.0,43847000000.0,37234000000.0,41862000000.0,META
2024-10-07,581.4349365234375,12014200,2574000000.0,43847000000.0,37234000000.0,41862000000.0,META
2024-10-08,589.4983520507812,7857400,2574000000.0,43847000000.0,37234000000.0,41862000000.0,META
2024-10-09,587.1320190429688,9529700,2574000000.0,43847000000.0,37234000000.0,41862000000.0,META
2024-10-10,580.490234375,7740400,2574000000.0,43847000000.0,37234000000.0,41862000000.0,META
2024-10-11,586.5753173828125,8587100,2574000000.0,43847000000.0,37234000000.0,41862000000.0,META
2024-10-14,587.0425415039062,8252000,2574000000.0,43847000000.0,37234000000.0,41862000000.0,META
2024-10-15,582.9163208007812,9564200,2574000000.0,43847000000.0,37234000000.0,41862000000.0,META
2024-10-16,573.490478515625,11268400,2574000000.0,43847000000.0,37234000000.0,41862000000.0,META
2024-10-17,573.6296997070312,8701200,2574000000.0,43847000000.0,37234000000.0,41862000000.0,META
2024-10-18,573.1723022460938,7694300,2574000000.0,43847000000.0,37234000000.0,41862000000.0,META
2024-10-21,571.8698120117188,8171900,2574000000.0,43847000000.0,37234000000.0,41862000000.0,META
2024-10-22,578.6806640625,8544500,2574000000.0,43847000000.0,37234000000.0,41862000000.0,META
2024-10-23,560.4653930664062,14248400,2574000000.0,43847000000.0,37234000000.0,41862000000.0,META
2024-10-24,564.531982421875,7184700,2574000000.0,43847000000.0,37234000000.0,41862000000.0,META
2024-10-25,569.9707641601562,11337900,2574000000.0,43847000000.0,37234000000.0,41862000000.0,META
2024-10-28,574.8526000976562,10925100,2574000000.0,43847000000.0,37234000000.0,41862000000.0,META
2024-10-29,589.8862915039062,13019100,2574000000.0,43847000000.0,37234000000.0,41862000000.0,META
2024-10-30,588.41455078125,26864900,2574000000.0,43847000000.0,37234000000.0,41862000000.0,META
2024-10-31,564.3331909179688,26838400,2574000000.0,43847000000.0,37234000000.0,41862000000.0,META
2024-11-01,563.9156494140625,15303200,2574000000.0,43847000000.0,37234000000.0,41862000000.0,META
2024-11-04,557.47265625,12064600,2574000000.0,43847000000.0,37234000000.0,41862000000.0,META
2024-11-05,569.1554565429688,9775400,2574000000.0,43847000000.0,37234000000.0,41862000000.0,META
2024-11-06,568.7776489257812,18305400,2574000000.0,43847000000.0,37234000000.0,41862000000.0,META
2024-11-07,588.315185546875,14653700,2574000000.0,43847000000.0,37234000000.0,41862000000.0,META
2024-11-08,585.96875,9415700,2574000000.0,43847000000.0,37234000000.0,41862000000.0,META
2024-11-11,579.8339233398438,10209100,2574000000.0,43847000000.0,37234000000.0,41862000000.0,META
2024-11-12,581.4745483398438,16287700,2574000000.0,43847000000.0,37234000000.0,41862000000.0,META
2024-11-13,576.6820678710938,10757600,2574000000.0,43847000000.0,37234000000.0,41862000000.0,META
2024-11-14,573.8582763671875,11053700,2574000000.0,43847000000.0,37234000000.0,41862000000.0,META
2024-11-15,550.910400390625,17712900,2574000000.0,43847000000.0,37234000000.0,41862000000.0,META
2024-11-18,551.2286376953125,14327300,2574000000.0,43847000000.0,37234000000.0,41862000000.0,META
2024-11-19,557.88037109375,9522400,2574000000.0,43847000000.0,37234000000.0,41862000000.0,META
2024-11-20,562.2850341796875,9797300,2574000000.0,43847000000.0,37234000000.0,41862000000.0,META
2024-11-21,559.8688354492188,11154700,2574000000.0,43847000000.0,37234000000.0,41862000000.0,META
2024-11-22,555.9415283203125,9164000,2574000000.0,43847000000.0,37234000000.0,41862000000.0,META
2024-11-25,561.8773803710938,13599800,2574000000.0,43847000000.0,37234000000.0,41862000000.0,META
2024-11-26,570.2590942382812,10356600,2574000000.0,43847000000.0,37234000000.0,41862000000.0,META
2024-11-27,565.9439697265625,7200200,2574000000.0,43847000000.0,37234000000.0,41862000000.0,META
2024-11-29,571.0346069335938,7130500,2574000000.0,43847000000.0,37234000000.0,41862000000.0,META
2024-12-02,589.438720703125,12522400,2574000000.0,43847000000.0,37234000000.0,41862000000.0,META
2024-12-03,610.1397094726562,14907200,2574000000.0,43847000000.0,37234000000.0,41862000000.0,META
2024-12-04,610.2689208984375,14697000,2574000000.0,43847000000.0,37234000000.0,41862000000.0,META
2024-12-05,605.4466552734375,8081200,2574000000.0,43847000000.0,37234000000.0,41862000000.0,META
2024-12-06,620.2017822265625,16935500,2574000000.0,43847000000.0,37234000000.0,41862000000.0,META
2024-12-09,610.0601196289062,11426000,2574000000.0,43847000000.0,37234000000.0,41862000000.0,META
2024-12-10,615.7772827148438,10938900,2574000000.0,43847000000.0,37234000000.0,41862000000.0,META
2024-12-11,629.0608520507812,10837200,2574000000.0,43847000000.0,37234000000.0,41862000000.0,META
2024-12-12,627.1815185546875,7474700,2574000000.0,43847000000.0,37234000000.0,41862000000.0,META
2024-12-13,616.8012084960938,8453300,2574000000.0,43847000000.0,37234000000.0,41862000000.0,META
2024-12-16,621.1697387695312,10885600,2574000000.0,43847000000.0,37234000000.0,41862000000.0,META
2024-12-17,616.393310546875,12897800,2574000000.0,43847000000.0,37234000000.0,41862000000.0,META
2024-12-18,594.2528076171875,17075500,2574000000.0,43847000000.0,37234000000.0,41862000000.0,META
2024-12-19,592.6407470703125,14958100,2574000000.0,43847000000.0,37234000000.0,41862000000.0,META
2024-12-20,582.3714599609375,48989400,2574000000.0,43847000000.0,37234000000.0,41862000000.0,META
2024-12-23,596.8995971679688,10205800,2574000000.0,43847000000.0,37234000000.0,41862000000.0,META
2024-12-24,604.7608032226562,4726100,2574000000.0,43847000000.0,37234000000.0,41862000000.0,META
2024-12-26,600.3824462890625,6081400,2574000000.0,43847000000.0,37234000000.0,41862000000.0,META
2024-12-27,596.8599853515625,8084200,2574000000.0,43847000000.0,37234000000.0,41862000000.0,META
2024-12-30,588.3319702148438,7025900,2574000000.0,43847000000.0,37234000000.0,41862000000.0,META
2024-12-31,582.6302490234375,6019500,2534000000.0,54072000000.0,49060000000.0,43889000000.0,META
2025-01-02,596.2926635742188,12682300,2534000000.0,54072000000.0,49060000000.0,43889000000.0,META
2025-01-03,601.6561889648438,11436800,2534000000.0,54072000000.0,49060000000.0,43889000000.0,META
2025-01-06,627.1004028320312,14560800,2534000000.0,54072000000.0,49060000000.0,43889000000.0,META
2025-01-07,614.8510131835938,12071500,2534000000.0,54072000000.0,49060000000.0,43889000000.0,META
2025-01-08,607.7161865234375,10085800,2534000000.0,54072000000.0,49060000000.0,43889000000.0,META
2025-01-10,612.8309326171875,19256600,2534000000.0,54072000000.0,49060000000.0,43889000000.0,META
2025-01-13,605.3379516601562,10785000,2534000000.0,54072000000.0,49060000000.0,43889000000.0,META
2025-01-14,591.3272705078125,13598000,2534000000.0,54072000000.0,49060000000.0,43889000000.0,META
2025-01-15,614.084716796875,15524300,2534000000.0,54072000000.0,49060000000.0,43889000000.0,META
2025-01-16,608.2933349609375,8355300,2534000000.0,54072000000.0,49060000000.0,43889000000.0,META
2025-01-17,609.756103515625,17280600,2534000000.0,54072000000.0,49060000000.0,43889000000.0,META
2025-01-21,613.4280395507812,11674000,2534000000.0,54072000000.0,49060000000.0,43889000000.0,META
2025-01-22,620.4332885742188,12274000,2534000000.0,54072000000.0,49060000000.0,43889000000.0,META
2025-01-23,633.319580078125,9910200,2534000000.0,54072000000.0,49060000000.0,43889000000.0,META
2025-01-24,644.3052978515625,19065300,2534000000.0,54072000000.0,49060000000.0,43889000000.0,META
2025-01-27,656.6343994140625,28399200,2534000000.0,54072000000.0,49060000000.0,43889000000.0,META
2025-01-28,671.013427734375,20950100,2534000000.0,54072000000.0,49060000000.0,43889000000.0,META
2025-01-29,673.1627197265625,21377800,2534000000.0,54072000000.0,49060000000.0,43889000000.0,META
2025-01-30,683.6210327148438,29322900,2534000000.0,54072000000.0,49060000000.0,43889000000.0,META
2025-01-31,685.7903442382812,19303900,2534000000.0,54072000000.0,49060000000.0,43889000000.0,META
2025-02-03,694.0296020507812,21415700,2534000000.0,54072000000.0,49060000000.0,43889000000.0,META
2025-02-04,700.7265014648438,13826300,2534000000.0,54072000000.0,49060000000.0,43889000000.0,META
2025-02-05,701.4031372070312,17778200,2534000000.0,54072000000.0,49060000000.0,43889000000.0,META
2025-02-06,708.4881591796875,13080700,2534000000.0,54072000000.0,49060000000.0,43889000000.0,META
2025-02-07,711.0057373046875,16427100,2534000000.0,54072000000.0,49060000000.0,43889000000.0,META
2025-02-10,713.87158203125,12904300,2534000000.0,54072000000.0,49060000000.0,43889000000.0,META
2025-02-11,716.2597045898438,12998000,2534000000.0,54072000000.0,49060000000.0,43889000000.0,META
2025-02-12,721.812255859375,12016500,2534000000.0,54072000000.0,49060000000.0,43889000000.0,META
2025-02-13,724.9766235351562,12569100,2534000000.0,54072000000.0,49060000000.0,43889000000.0,META
2025-02-14,733.0466918945312,16901200,2534000000.0,54072000000.0,49060000000.0,43889000000.0,META
2025-02-18,712.8465576171875,21938700,2534000000.0,54072000000.0,49060000000.0,43889000000.0,META
2025-02-19,700.30859375,17535500,2534000000.0,54072000000.0,49060000000.0,43889000000.0,META
2025-02-20,691.4224853515625,12587400,2534000000.0,54072000000.0,49060000000.0,43889000000.0,META
2025-02-21,680.1880493164062,15660400,2534000000.0,54072000000.0,49060000000.0,43889000000.0,META
2025-02-24,664.8438720703125,15677000,2534000000.0,54072000000.0,49060000000.0,43889000000.0,META
2025-02-25,654.2660522460938,20579700,2534000000.0,54072000000.0,49060000000.0,43889000000.0,META
2025-02-26,670.386474609375,14488700,2534000000.0,54072000000.0,49060000000.0,43889000000.0,META
2025-02-27,655.0023803710938,12500000,2534000000.0,54072000000.0,49060000000.0,43889000000.0,META
2025-02-28,664.91357421875,17534200,2534000000.0,54072000000.0,49060000000.0,43889000000.0,META
2025-03-03,651.8282470703125,10843800,2534000000.0,54072000000.0,49060000000.0,43889000000.0,META
2025-03-04,636.8521728515625,21495200,2534000000.0,54072000000.0,49060000000.0,43889000000.0,META
2025-03-05,653.2411499023438,13770000,2534000000.0,54072000000.0,49060000000.0,43889000000.0,META
2025-03-06,624.841552734375,13446500,2534000000.0,54072000000.0,49060000000.0,43889000000.0,META
2025-03-07,622.5826416015625,21375700,2534000000.0,54072000000.0,49060000000.0,43889000000.0,META
2025-03-10,595.0487670898438,21999900,2534000000.0,54072000000.0,49060000000.0,43889000000.0,META
2025-03-11,602.7308349609375,17401500,2534000000.0,54072000000.0,49060000000.0,43889000000.0,META
2025-03-12,616.5126953125,15747000,2534000000.0,54072000000.0,49060000000.0,43889000000.0,META
2025-03-13,587.7349853515625,16480300,2534000000.0,54072000000.0,49060000000.0,43889000000.0,META
2025-03-14,605.1494750976562,12364500,2534000000.0,54072000000.0,49060000000.0,43889000000.0,META
2025-03-17,602.4603271484375,15473900,2534000000.0,54072000000.0,49060000000.0,43889000000.0,META
2025-03-18,580.0112915039062,20297700,2534000000.0,54072000000.0,49060000000.0,43889000000.0,META
2025-03-19,581.7044067382812,20537500,2534000000.0,54072000000.0,49060000000.0,43889000000.0,META
2025-03-20,583.6365966796875,24336500,2534000000.0,54072000000.0,49060000000.0,43889000000.0,META
2025-03-21,593.8451538085938,25015900,2534000000.0,54072000000.0,49060000000.0,43889000000.0,META
2025-03-24,616.35400390625,15741300,2534000000.0,54072000000.0,49060000000.0,43889000000.0,META
2025-03-25,623.7839965820312,15312500,2534000000.0,54072000000.0,49060000000.0,43889000000.0,META
2025-03-26,608.5157470703125,12609800,2534000000.0,54072000000.0,49060000000.0,43889000000.0,META
2025-03-27,600.1497802734375,10436500,2534000000.0,54072000000.0,49060000000.0,43889000000.0,META
2025-03-28,574.4139404296875,17602800,2534000000.0,54072000000.0,49060000000.0,43889000000.0,META
2025-03-31,574.0354614257812,21124700,2534000000.0,54072000000.0,49060000000.0,43889000000.0,META
2025-04-01,583.6365966796875,12836600,2534000000.0,54072000000.0,49060000000.0,43889000000.0,META
2025-04-02,581.574951171875,13470800,2534000000.0,54072000000.0,49060000000.0,43889000000.0,META
2025-04-03,529.4759521484375,34777500,2534000000.0,54072000000.0,49060000000.0,43889000000.0,META
2025-04-04,502.6943664550781,38589800,2534000000.0,54072000000.0,49060000000.0,43889000000.0,META
2025-04-07,514.1678466796875,36606100,2534000000.0,54072000000.0,49060000000.0,43889000000.0,META
2025-04-08,508.3912963867187,28034200,2534000000.0,54072000000.0,49060000000.0,43889000000.0,META
2025-04-09,583.4075317382812,39216600,2534000000.0,54072000000.0,49060000000.0,43889000000.0,META
2025-04-10,544.086669921875,28173500,2534000000.0,54072000000.0,49060000000.0,43889000000.0,META
2025-04-11,541.377685546875,17642300,2534000000.0,54072000000.0,49060000000.0,43889000000.0,META
2025-04-14,529.3364868164062,14130900,2534000000.0,54072000000.0,49060000000.0,43889000000.0,META
2025-04-15,519.4166259765625,15558700,2534000000.0,54072000000.0,49060000000.0,43889000000.0,META
2025-04-16,500.2840881347656,18735100,2534000000.0,54072000000.0,49060000000.0,43889000000.0,META
2025-04-17,499.45745849609375,14593500,2534000000.0,54072000000.0,49060000000.0,43889000000.0,META
2025-04-21,482.7052917480469,16166000,2534000000.0,54072000000.0,49060000000.0,43889000000.0,META
2025-04-22,498.2623291015625,17399400,2534000000.0,54072000000.0,49060000000.0,43889000000.0,META
2025-04-23,518.1717529296875,18173900,2534000000.0,54072000000.0,49060000000.0,43889000000.0,META
2025-04-24,530.999755859375,13910000,2534000000.0,54072000000.0,49060000000.0,43889000000.0,META
2025-04-25,545.0628662109375,17098900,2534000000.0,54072000000.0,49060000000.0,43889000000.0,META
2025-04-28,547.5227661132812,15179000,2534000000.0,54072000000.0,49060000000.0,43889000000.0,META
2025-04-29,552.203857421875,11835000,2534000000.0,54072000000.0,49060000000.0,43889000000.0,META
2025-04-30,546.7858276367188,29244000,2534000000.0,54072000000.0,49060000000.0,43889000000.0,META
2025-05-01,569.9022216796875,31159000,2534000000.0,54072000000.0,49060000000.0,43889000000.0,META
2025-05-02,594.6122436523438,24739300,2534000000.0,54072000000.0,49060000000.0,43889000000.0,META
2025-05-05,596.8530883789062,13887700,2534000000.0,54072000000.0,49060000000.0,43889000000.0,META
2025-05-06,584.9413452148438,10600700,2534000000.0,54072000000.0,49060000000.0,43889000000.0,META
2025-05-07,594.4030151367188,13139100,2534000000.0,54072000000.0,49060000000.0,43889000000.0,META
2025-05-08,595.5982055664062,14622800,2534000000.0,54072000000.0,49060000000.0,43889000000.0,META
2025-05-09,590.1004028320312,10427300,2534000000.0,54072000000.0,49060000000.0,43889000000.0,META
2025-05-12,636.8511352539062,21965100,2534000000.0,54072000000.0,49060000000.0,43889000000.0,META
2025-05-13,653.3842163085938,18570800,2534000000.0,54072000000.0,49060000000.0,43889000000.0,META
2025-05-14,656.70068359375,12348200,2534000000.0,54072000000.0,49060000000.0,43889000000.0,META
2025-05-15,641.283203125,14341800,2534000000.0,54072000000.0,49060000000.0,43889000000.0,META
2025-05-16,637.7573852539062,18519000,2534000000.0,54072000000.0,49060000000.0,43889000000.0,META
2025-05-19,637.8470458984375,9592400,2534000000.0,54072000000.0,49060000000.0,43889000000.0,META
2025-05-20,634.5304565429688,6743500,2534000000.0,54072000000.0,49060000000.0,43889000000.0,META
2025-05-21,632.9368896484375,11464600,2534000000.0,54072000000.0,49060000000.0,43889000000.0,META
2025-05-22,634.0026245117188,8228400,2534000000.0,54072000000.0,49060000000.0,43889000000.0,META
2025-05-23,624.531005859375,8454100,2534000000.0,54072000000.0,49060000000.0,43889000000.0,META
2025-05-27,639.7294311523438,9508400,2534000000.0,54072000000.0,49060000000.0,43889000000.0,META
2025-05-28,640.984375,9042900,2534000000.0,54072000000.0,49060000000.0,43889000000.0,META
2025-05-29,642.448486328125,8858800,2534000000.0,54072000000.0,49060000000.0,43889000000.0,META
2025-05-30,644.8785400390625,16241000,2534000000.0,54072000000.0,49060000000.0,43889000000.0,META
2025-06-02,668.1942138671875,15766300,2534000000.0,54072000000.0,49060000000.0,43889000000.0,META
2025-06-03,664.1605224609375,11585000,2534000000.0,54072000000.0,49060000000.0,43889000000.0,META
2025-06-04,685.1754150390625,14031900,2534000000.0,54072000000.0,49060000000.0,43889000000.0,META
2025-06-05,681.8588256835938,13083100,2534000000.0,54072000000.0,49060000000.0,43889000000.0,META
2025-06-06,694.8960571289062,11728000,2534000000.0,54072000000.0,49060000000.0,43889000000.0,META
2025-06-09,691.2607421875,12773200,2534000000.0,54072000000.0,49060000000.0,43889000000.0,META
2025-06-10,699.567138671875,10850100,2534000000.0,54072000000.0,49060000000.0,43889000000.0,META
2025-06-11,691.3404541015625,9582500,2534000000.0,54072000000.0,49060000000.0,43889000000.0,META
2025-06-12,690.5636596679688,7322700,2534000000.0,54072000000.0,49060000000.0,43889000000.0,META
2025-06-13,680.1158447265625,9274400,2534000000.0,54072000000.0,49060000000.0,43889000000.0,META
2025-06-16,699.8262939453125,13720300,2534000000.0,54072000000.0,49060000000.0,43889000000.0,META
2025-06-17,694.9522705078125,10066100,2534000000.0,54072000000.0,49060000000.0,43889000000.0,META
2025-06-18,693.4970092773438,10068300,2534000000.0,54072000000.0,49060000000.0,43889000000.0,META
2025-06-20,680.120849609375,22538600,2534000000.0,54072000000.0,49060000000.0,43889000000.0,META
2025-06-23,696.2481079101562,11080100,2534000000.0,54072000000.0,49060000000.0,43889000000.0,META
2025-06-24,709.8733520507812,13823200,2534000000.0,54072000000.0,49060000000.0,43889000000.0,META
2025-06-25,706.3649291992188,9320400,2534000000.0,54072000000.0,49060000000.0,43889000000.0,META
2025-06-26,723.7180786132812,13964800,2534000000.0,54072000000.0,49060000000.0,43889000000.0,META
2025-06-27,731.2333984375,18775700,2534000000.0,54072000000.0,49060000000.0,43889000000.0,META
2025-06-30,735.6788330078125,15402100,2534000000.0,54072000000.0,49060000000.0,43889000000.0,META
2025-07-01,716.8704223632812,13431200,2534000000.0,54072000000.0,49060000000.0,43889000000.0,META
2025-07-02,711.2389526367188,9336700,2534000000.0,54072000000.0,49060000000.0,43889000000.0,META
2025-07-03,716.6611328125,8601700,2534000000.0,54072000000.0,49060000000.0,43889000000.0,META
2025-07-07,716.0032348632812,9457100,2534000000.0,54072000000.0,49060000000.0,43889000000.0,META
2025-07-08,718.3157348632812,7770700,2534000000.0,54072000000.0,49060000000.0,43889000000.0,META
2025-07-09,730.3861694335938,11418000,2534000000.0,54072000000.0,49060000000.0,43889000000.0,META
2025-07-10,724.8642578125,9913600,2534000000.0,54072000000.0,49060000000.0,43889000000.0,META
2025-07-11,715.1660766601562,10873900,2534000000.0,54072000000.0,49060000000.0,43889000000.0,META
2025-07-14,718.5648803710938,8939400,2534000000.0,54072000000.0,49060000000.0,43889000000.0,META
2025-07-15,708.0693359375,11529500,2534000000.0,54072000000.0,49060000000.0,43889000000.0,META
2025-07-16,700.6136474609375,13067600,2534000000.0,54072000000.0,49060000000.0,43889000000.0,META
2025-07-17,699.1185913085938,11803300,2534000000.0,54072000000.0,49060000000.0,43889000000.0,META
2025-07-18,701.979248046875,12779800,2534000000.0,54072000000.0,49060000000.0,43889000000.0,META
2025-07-21,710.640869140625,9404400,2534000000.0,54072000000.0,49060000000.0,43889000000.0,META
2025-07-22,702.507568359375,8921100,2534000000.0,54072000000.0,49060000000.0,43889000000.0,META
2025-07-23,711.2489013671875,8771600,2534000000.0,54072000000.0,49060000000.0,43889000000.0,META
2025-07-24,712.46484375,10920800,2534000000.0,54072000000.0,49060000000.0,43889000000.0,META
2025-07-25,710.351806640625,8271700,2534000000.0,54072000000.0,49060000000.0,43889000000.0,META
2025-07-28,715.28564453125,8715700,2534000000.0,54072000000.0,49060000000.0,43889000000.0,META
2025-07-29,697.7132568359375,13267000,2534000000.0,54072000000.0,49060000000.0,43889000000.0,META
2025-07-30,692.9389038085938,27077300,2534000000.0,54072000000.0,49060000000.0,43889000000.0,META
2025-07-31,770.913330078125,38831100,2534000000.0,54072000000.0,49060000000.0,43889000000.0,META
2025-08-01,747.5598754882812,19028700,2534000000.0,54072000000.0,49060000000.0,43889000000.0,META
2025-08-04,773.833740234375,15801700,2534000000.0,54072000000.0,49060000000.0,43889000000.0,META
2025-08-05,760.9659423828125,11640300,2534000000.0,54072000000.0,49060000000.0,43889000000.0,META
2025-08-06,769.4680786132812,9733900,2534000000.0,54072000000.0,49060000000.0,43889000000.0,META
2025-08-07,759.3412475585938,9019700,2534000000.0,54072000000.0,49060000000.0,43889000000.0,META
2025-08-08,766.7869262695312,7320800,2534000000.0,54072000000.0,49060000000.0,43889000000.0,META
2025-08-11,763.3679809570312,7612000,2534000000.0,54072000000.0,49060000000.0,43889000000.0,META
2025-08-12,787.4192504882812,14563100,2534000000.0,54072000000.0,49060000000.0,43889000000.0,META
2025-08-13,777.5316772460938,8811800,2534000000.0,54072000000.0,49060000000.0,43889000000.0,META
2025-08-14,779.5748901367188,8116200,2534000000.0,54072000000.0,49060000000.0,43889000000.0,META
2025-08-15,782.6647338867188,13375400,2534000000.0,54072000000.0,49060000000.0,43889000000.0,META
2025-08-18,764.8631591796875,16513700,2534000000.0,54072000000.0,49060000000.0,43889000000.0,META
2025-08-19,749.0250244140625,12286700,2534000000.0,54072000000.0,49060000000.0,43889000000.0,META
2025-08-20,745.27734375,11898200,2534000000.0,54072000000.0,49060000000.0,43889000000.0,META
2025-08-21,736.6854858398438,8876300,2534000000.0,54072000000.0,49060000000.0,43889000000.0,META
2025-08-22,752.32421875,10612700,2534000000.0,54072000000.0,49060000000.0,43889000000.0,META
2025-08-25,750.839111328125,6861200,2534000000.0,54072000000.0,49060000000.0,43889000000.0,META
2025-08-26,751.636474609375,7601800,2534000000.0,54072000000.0,49060000000.0,43889000000.0,META
2025-08-27,744.9384765625,8315400,2534000000.0,54072000000.0,49060000000.0,43889000000.0,META
2025-08-28,748.65625,7468000,2534000000.0,54072000000.0,49060000000.0,43889000000.0,META
2025-08-29,736.2868041992188,9070500,2534000000.0,54072000000.0,49060000000.0,43889000000.0,META
2025-09-02,732.70849609375,9350900,2534000000.0,54072000000.0,49060000000.0,43889000000.0,META
2025-09-03,734.6421508789062,7699300,2534000000.0,54072000000.0,49060000000.0,43889000000.0,META
2025-09-04,746.2042846679688,11439100,2534000000.0,54072000000.0,49060000000.0,43889000000.0,META
2025-09-05,749.991943359375,9663400,2534000000.0,54072000000.0,49060000000.0,43889000000.0,META
2025-09-08,749.8424072265625,13087800,2534000000.0,54072000000.0,49060000000.0,43889000000.0,META
2025-09-09,763.1986083984375,10999000,2534000000.0,54072000000.0,49060000000.0,43889000000.0,META
2025-09-10,749.5234375,12478300,2534000000.0,54072000000.0,49060000000.0,43889000000.0,META
2025-09-11,748.4468994140625,7923300,2534000000.0,54072000000.0,49060000000.0,43889000000.0,META
2025-09-12,753.1217041015625,8248600,2534000000.0,54072000000.0,49060000000.0,43889000000.0,META
2025-09-15,762.2018432617188,10533800,2534000000.0,54072000000.0,49060000000.0,43889000000.0,META
2025-09-16,776.4552001953125,11782500,2534000000.0,54072000000.0,49060000000.0,43889000000.0,META
2025-09-17,773.1858520507812,9400900,2534000000.0,54072000000.0,49060000000.0,43889000000.0,META
2025-09-18,777.7010498046875,10955000,2534000000.0,54072000000.0,49060000000.0,43889000000.0,META
2025-09-19,775.837158203125,23696800,2534000000.0,54072000000.0,49060000000.0,43889000000.0,META
2025-09-22,763.1751098632812,11706900,2534000000.0,54072000000.0,49060000000.0,43889000000.0,META
2025-09-23,753.4404296875,10872600,2534000000.0,54072000000.0,49060000000.0,43889000000.0,META
2025-09-24,758.686767578125,8828200,2534000000.0,54072000000.0,49060000000.0,43889000000.0,META
2025-09-25,746.9672241210938,10591100,2534000000.0,54072000000.0,49060000000.0,43889000000.0,META
2025-09-26,741.8206176757812,9696300,2534000000.0,54072000000.0,49060000000.0,43889000000.0,META
2025-09-29,741.4715576171875,9246800,2534000000.0,54072000000.0,49060000000.0,43889000000.0,META
2025-09-30,732.4749755859375,16226800,2534000000.0,54072000000.0,49060000000.0,43889000000.0,META
2025-10-01,715.4791259765625,20419600,2534000000.0,54072000000.0,49060000000.0,43889000000.0,META
2025-10-02,725.1639404296875,11415300,2534000000.0,54072000000.0,49060000000.0,43889000000.0,META
2025-10-03,708.7167358398438,16154300,2534000000.0,54072000000.0,49060000000.0,43889000000.0,META
2025-10-06,713.8035278320312,21654700,2534000000.0,54072000000.0,49060000000.0,43889000000.0,META
2025-10-07,711.230224609375,12062900,2534000000.0,54072000000.0,49060000000.0,43889000000.0,META
2025-10-08,715.9779052734375,10790600,2534000000.0,54072000000.0,49060000000.0,43889000000.0,META
2025-10-09,731.6072387695312,12717200,2534000000.0,54072000000.0,49060000000.0,43889000000.0,META
2025-10-10,703.4703979492188,16980100,2534000000.0,54072000000.0,49060000000.0,43889000000.0,META
2025-10-13,713.8433837890625,9251800,2534000000.0,54072000000.0,49060000000.0,43889000000.0,META
2025-10-14,706.8117065429688,8829800,2534000000.0,54072000000.0,49060000000.0,43889000000.0,META
2025-10-15,715.6885986328125,10246800,2534000000.0,54072000000.0,49060000000.0,43889000000.0,META
2025-10-16,710.2228393554688,9017000,2534000000.0,54072000000.0,49060000000.0,43889000000.0,META
2025-10-17,715.0602416992188,12232400,2534000000.0,54072000000.0,49060000000.0,43889000000.0,META
2025-10-20,730.2706909179688,8900200,2534000000.0,54072000000.0,49060000000.0,43889000000.0,META
2025-10-21,731.3678588867188,7647300,2534000000.0,54072000000.0,49060000000.0,43889000000.0,META
2025-10-22,731.5074462890625,8734500,2534000000.0,54072000000.0,49060000000.0,43889000000.0,META
2025-10-23,732.095947265625,9856000,2534000000.0,54072000000.0,49060000000.0,43889000000.0,META
2025-10-24,736.4446411132812,9151300,2534000000.0,54072000000.0,49060000000.0,43889000000.0,META
2025-10-27,748.8722534179688,11321100,2534000000.0,54072000000.0,49060000000.0,43889000000.0,META
2025-10-28,749.49072265625,12193800,2534000000.0,54072000000.0,49060000000.0,43889000000.0,META
2025-10-29,749.7200927734375,26818600,2534000000.0,54072000000.0,49060000000.0,43889000000.0,META
2025-10-30,664.7411499023438,88440100,2534000000.0,54072000000.0,49060000000.0,43889000000.0,META
2025-10-31,646.6680908203125,56953200,2534000000.0,54072000000.0,49060000000.0,43889000000.0,META
2025-11-03,636.0557861328125,33003600,2534000000.0,54072000000.0,49060000000.0,43889000000.0,META
2025-11-04,625.6926879882812,27356600,2534000000.0,54072000000.0,49060000000.0,43889000000.0,META
2025-11-05,634.30029296875,20219900,2534000000.0,54072000000.0,49060000000.0,43889000000.0,META
2025-11-06,617.3344116210938,23628800,2534000000.0,54072000000.0,49060000000.0,43889000000.0,META
2025-11-07,620.0972290039062,29946800,2534000000.0,54072000000.0,49060000000.0,43889000000.0,META
2025-11-10,630.1212158203125,19245000,2534000000.0,54072000000.0,49060000000.0,43889000000.0,META
2025-11-11,625.453369140625,13302200,2534000000.0,54072000000.0,49060000000.0,43889000000.0,META
2025-11-12,607.43017578125,24493300,2534000000.0,54072000000.0,49060000000.0,43889000000.0,META
2025-11-13,608.3079223632812,20973800,2534000000.0,54072000000.0,49060000000.0,43889000000.0,META
2025-11-14,607.8790283203125,20724100,2534000000.0,54072000000.0,49060000000.0,43889000000.0,META
2025-11-17,600.4483032226562,16501300,2534000000.0,54072000000.0,49060000000.0,43889000000.0,META
2025-11-18,596.1395874023438,25500600,2534000000.0,54072000000.0,49060000000.0,43889000000.0,META
2025-11-19,588.7886352539062,24744700,2534000000.0,54072000000.0,49060000000.0,43889000000.0,META
2025-11-20,587.6217041015625,20603000,2534000000.0,54072000000.0,49060000000.0,43889000000.0,META
2025-11-21,592.70849609375,21052600,2534000000.0,54072000000.0,49060000000.0,43889000000.0,META
2025-11-24,611.459716796875,23554900,2534000000.0,54072000000.0,49060000000.0,43889000000.0,META
2025-11-25,634.5695190429688,25213000,2534000000.0,54072000000.0,49060000000.0,43889000000.0,META
2025-11-26,631.9663696289062,15209500,2534000000.0,54072000000.0,49060000000.0,43889000000.0,META
2025-11-28,646.2691650390625,11033200,2534000000.0,54072000000.0,49060000000.0,43889000000.0,META
2025-12-01,639.20751953125,13029900,2534000000.0,54072000000.0,49060000000.0,43889000000.0,META
2025-12-02,645.4213256835938,11640900,2534000000.0,54072000000.0,49060000000.0,43889000000.0,META
2025-12-03,637.9407958984375,11134300,2534000000.0,54072000000.0,49060000000.0,43889000000.0,META
2025-12-04,659.8140258789062,29874600,2534000000.0,54072000000.0,49060000000.0,43889000000.0,META
2025-12-05,671.673095703125,21207900,2534000000.0,54072000000.0,49060000000.0,43889000000.0,META
2025-12-08,665.0702514648438,13161000,2534000000.0,54072000000.0,49060000000.0,43889000000.0,META
2025-12-09,655.255859375,12997100,2534000000.0,54072000000.0,49060000000.0,43889000000.0,META
2025-12-10,648.4434814453125,16910900,2534000000.0,54072000000.0,49060000000.0,43889000000.0,META
2025-12-11,651.0167846679688,13056700,2534000000.0,54072000000.0,49060000000.0,43889000000.0,META
2025-12-12,642.558837890625,14016900,2534000000.0,54072000000.0,49060000000.0,43889000000.0,META
2025-12-15,646.3570556640625,15549100,2534000000.0,54072000000.0,49060000000.0,43889000000.0,META
2025-12-16,655.9799194335938,14309100,2534000000.0,54072000000.0,49060000000.0,43889000000.0,META
2025-12-17,648.343505859375,15598500,2534000000.0,54072000000.0,49060000000.0,43889000000.0,META
2025-12-18,663.266845703125,20260300,2534000000.0,54072000000.0,49060000000.0,43889000000.0,META
2025-12-19,657.5969848632812,49977100,2534000000.0,54072000000.0,49060000000.0,43889000000.0,META
2025-12-22,660.3221435546875,15659400,2534000000.0,54072000000.0,49060000000.0,43889000000.0,META
2025-12-23,663.7559814453125,8486800,2534000000.0,54072000000.0,49060000000.0,43889000000.0,META
2025-12-24,666.361328125,5627500,2534000000.0,54072000000.0,49060000000.0,43889000000.0,META
2025-12-26,662.1089477539062,7133800,2534000000.0,54072000000.0,49060000000.0,43889000000.0,META
2025-12-29,657.5171508789062,8506500,2534000000.0,54072000000.0,49060000000.0,43889000000.0,META
2025-12-30,664.7642211914062,9187500,2534000000.0,54072000000.0,49060000000.0,43889000000.0,META
2025-12-31,658.9146118164062,7940400,2521000000.0,46109000000.0,83897000000.0,35873000000.0,META
2026-01-02,649.2518310546875,13726500,2521000000.0,46109000000.0,83897000000.0,35873000000.0,META
2026-01-05,657.616943359375,12213700,2521000000.0,46109000000.0,83897000000.0,35873000000.0,META
2026-01-06,659.4436645507812,11074400,2521000000.0,46109000000.0,83897000000.0,35873000000.0,META
2026-01-07,647.534912109375,12846300,2521000000.0,46109000000.0,83897000000.0,35873000000.0,META
2026-01-08,644.9096069335938,11921700,2521000000.0,46109000000.0,83897000000.0,35873000000.0,META
2026-01-09,651.8971557617188,11634900,2521000000.0,46109000000.0,83897000000.0,35873000000.0,META
2026-01-12,640.8268432617188,14797200,2521000000.0,46109000000.0,83897000000.0,35873000000.0,META
2026-01-13,629.96630859375,18030400,2521000000.0,46109000000.0,83897000000.0,35873000000.0,META
2026-01-14,614.4240112304688,15527900,2521000000.0,46109000000.0,83897000000.0,35873000000.0,META
2026-01-15,619.694580078125,13076100,2521000000.0,46109000000.0,83897000000.0,35873000000.0,META
2026-01-16,619.1455688476562,17012500,2521000000.0,46109000000.0,83897000000.0,35873000000.0,META
2026-01-20,603.0443115234375,15169600,2521000000.0,46109000000.0,83897000000.0,35873000000.0,META
2026-01-21,611.8685913085938,14494700,2521000000.0,46109000000.0,83897000000.0,35873000000.0,META
2026-01-22,646.476806640625,21394700,2521000000.0,46109000000.0,83897000000.0,35873000000.0,META
2026-01-23,657.5870361328125,22797700,2521000000.0,46109000000.0,83897000000.0,35873000000.0,META
2026-01-26,671.1627197265625,16327400,2521000000.0,46109000000.0,83897000000.0,35873000000.0,META
2026-01-27,671.7716674804688,13297400,2521000000.0,46109000000.0,83897000000.0,35873000000.0,META
2026-01-28,667.5391845703125,25709600,2521000000.0,46109000000.0,83897000000.0,35873000000.0,META
2026-01-29,736.995361328125,59852900,2521000000.0,46109000000.0,83897000000.0,35873000000.0,META
2026-01-30,715.2241821289062,23744600,2521000000.0,46109000000.0,83897000000.0,35873000000.0,META
2026-02-02,705.152099609375,14365200,2521000000.0,46109000000.0,83897000000.0,35873000000.0,META
2026-02-03,690.4683227539062,13760700,2521000000.0,46109000000.0,83897000000.0,35873000000.0,META
2026-02-04,667.798828125,16882800,2521000000.0,46109000000.0,83897000000.0,35873000000.0,META
2026-02-05,669.0166625976562,17131800,2521000000.0,46109000000.0,83897000000.0,35873000000.0,META
2026-02-06,660.2822265625,18159300,2521000000.0,46109000000.0,83897000000.0,35873000000.0,META
2026-02-09,676.0140991210938,14837500,2521000000.0,46109000000.0,83897000000.0,35873000000.0,META
2026-02-10,669.525634765625,10455800,2521000000.0,46109000000.0,83897000000.0,35873000000.0,META
2026-02-11,667.4993286132812,14323800,2521000000.0,46109000000.0,83897000000.0,35873000000.0,META
2026-02-12,648.6529541015625,14960100,2521000000.0,46109000000.0,83897000000.0,35873000000.0,META
2026-02-13,638.6307983398438,12336400,2521000000.0,46109000000.0,83897000000.0,35873000000.0,META
2026-02-17,638.1516723632812,12674700,2521000000.0,46109000000.0,83897000000.0,35873000000.0,META
2026-02-18,642.0746459960938,14649200,2521000000.0,46109000000.0,83897000000.0,35873000000.0,META
2026-02-19,643.6318969726562,10035700,2521000000.0,46109000000.0,83897000000.0,35873000000.0,META
2026-02-20,654.4925537109375,14183500,2521000000.0,46109000000.0,83897000000.0,35873000000.0,META
2026-02-23,636.1153564453125,8605900,2521000000.0,46109000000.0,83897000000.0,35873000000.0,META
2026-02-24,638.1616821289062,10135600,2521000000.0,46109000000.0,83897000000.0,35873000000.0,META
2026-02-25,652.5260009765625,11330700,2521000000.0,46109000000.0,83897000000.0,35873000000.0,META
2026-02-26,655.8401489257812,10637700,2521000000.0,46109000000.0,83897000000.0,35873000000.0,META
2026-02-27,647.0258178710938,15703000,2521000000.0,46109000000.0,83897000000.0,35873000000.0,META
2026-03-02,652.396240234375,9816100,2521000000.0,46109000000.0,83897000000.0,35873000000.0,META
2026-03-03,653.91357421875,12263800,2521000000.0,46109000000.0,83897000000.0,35873000000.0,META
2026-03-04,666.541015625,10810100,2521000000.0,46109000000.0,83897000000.0,35873000000.0,META
2026-03-05,659.393798828125,13341400,2521000000.0,46109000000.0,83897000000.0,35873000000.0,META
2026-03-06,643.7117309570312,13159400,2521000000.0,46109000000.0,83897000000.0,35873000000.0,META
2026-03-09,646.2372436523438,13489700,2521000000.0,46109000000.0,83897000000.0,35873000000.0,META
2026-03-10,652.9053955078125,9859300,2521000000.0,46109000000.0,83897000000.0,35873000000.0,META
2026-03-11,653.6939697265625,8977200,2521000000.0,46109000000.0,83897000000.0,35873000000.0,META
2026-03-12,637.043701171875,11617500,2521000000.0,46109000000.0,83897000000.0,35873000000.0,META
2026-03-13,612.6171875,18957600,2521000000.0,46109000000.0,83897000000.0,35873000000.0,META
2026-03-16,626.8690185546875,15134900,2521000000.0,46109000000.0,83897000000.0,35873000000.0,META
2026-03-17,622.0834350585938,10348800,2521000000.0,46109000000.0,83897000000.0,35873000000.0,META
2026-03-18,615.1099243164062,11726300,2521000000.0,46109000000.0,83897000000.0,35873000000.0,META
2026-03-19,606.1382446289062,13247700,2521000000.0,46109000000.0,83897000000.0,35873000000.0,META
2026-03-20,593.1102905273438,21214900,2521000000.0,46109000000.0,83897000000.0,35873000000.0,META
2026-03-23,603.5006713867188,13638000,2521000000.0,46109000000.0,83897000000.0,35873000000.0,META
2026-03-24,592.3709716796875,10739700,2521000000.0,46109000000.0,83897000000.0,35873000000.0,META
2026-03-25,594.3391723632812,12585000,2521000000.0,46109000000.0,83897000000.0,35873000000.0,META
2026-03-26,547.032958984375,35780100,2521000000.0,46109000000.0,83897000000.0,35873000000.0,META
2026-03-27,525.233154296875,30133000,2521000000.0,46109000000.0,83897000000.0,35873000000.0,META
2026-03-30,535.8833618164062,22795200,2521000000.0,46109000000.0,83897000000.0,35873000000.0,META
2026-03-31,571.6002197265625,32898300,2521000000.0,46109000000.0,83897000000.0,35873000000.0,META
2026-04-01,578.6936645507812,23608100,2521000000.0,46109000000.0,83897000000.0,35873000000.0,META
2026-04-02,573.9281005859375,13518500,2521000000.0,46109000000.0,83897000000.0,35873000000.0,META
2026-04-06,572.4894409179688,9515700,2521000000.0,46109000000.0,83897000000.0,35873000000.0,META
2026-04-07,574.5175170898438,9580800,2521000000.0,46109000000.0,83897000000.0,35873000000.0,META
2026-04-08,611.8529052734375,32036600,2521000000.0,46109000000.0,83897000000.0,35873000000.0,META
2026-04-09,627.8081665039062,19012900,2521000000.0,46109000000.0,83897000000.0,35873000000.0,META
2026-04-10,629.2767333984375,13294800,2521000000.0,46109000000.0,83897000000.0,35873000000.0,META
2026-04-13,633.9425048828125,9538900,2521000000.0,46109000000.0,83897000000.0,35873000000.0,META
2026-04-14,661.8765258789062,17818000,2521000000.0,46109000000.0,83897000000.0,35873000000.0,META
2026-04-15,670.9581909179688,14952600,2521000000.0,46109000000.0,83897000000.0,35873000000.0,META
2026-04-16,676.2432250976562,9544800,2521000000.0,46109000000.0,83897000000.0,35873000000.0,META
2026-04-17,687.9124145507812,16283500,2521000000.0,46109000000.0,83897000000.0,35873000000.0,META
2026-04-20,670.2887573242188,12534000,2521000000.0,46109000000.0,83897000000.0,35873000000.0,META
2026-04-21,668.220703125,8660100,2521000000.0,46109000000.0,83897000000.0,35873000000.0,META
2026-04-22,674.09521484375,9215600,2521000000.0,46109000000.0,83897000000.0,35873000000.0,META
2026-04-23,658.5396728515625,11667000,2521000000.0,46109000000.0,83897000000.0,35873000000.0,META
2026-04-24,674.4049682617188,13348300,2521000000.0,46109000000.0,83897000000.0,35873000000.0,META
2026-04-27,677.9916381835938,12805200,2521000000.0,46109000000.0,83897000000.0,35873000000.0,META
2026-04-28,670.7183837890625,10606800,2521000000.0,46109000000.0,83897000000.0,35873000000.0,META
2026-04-29,668.5004272460938,18947500,2521000000.0,46109000000.0,83897000000.0,35873000000.0,META
2026-04-30,611.3433837890625,52765000,2521000000.0,46109000000.0,83897000000.0,35873000000.0,META
2026-05-01,608.1863403320312,21404000,2521000000.0,46109000000.0,83897000000.0,35873000000.0,META
2026-05-04,609.8447875976562,16203900,2521000000.0,46109000000.0,83897000000.0,35873000000.0,META
2026-05-05,604.3998413085938,17171300,2521000000.0,46109000000.0,83897000000.0,35873000000.0,META
2026-05-06,612.3125,19915500,2521000000.0,46109000000.0,83897000000.0,35873000000.0,META
2026-05-07,616.2388305664062,12307400,2521000000.0,46109000000.0,83897000000.0,35873000000.0,META
2026-05-08,609.0654907226562,13557000,2521000000.0,46109000000.0,83897000000.0,35873000000.0,META
2026-05-11,598.3054809570312,15940600,2521000000.0,46109000000.0,83897000000.0,35873000000.0,META
2026-05-12,602.441650390625,11351600,2521000000.0,46109000000.0,83897000000.0,35873000000.0,META
2026-05-13,616.0590209960938,14634400,2521000000.0,46109000000.0,83897000000.0,35873000000.0,META
2026-05-14,617.8573608398438,10651200,2521000000.0,46109000000.0,83897000000.0,35873000000.0,META
2026-05-15,613.6612548828125,13272600,2521000000.0,46109000000.0,83897000000.0,35873000000.0,META
2026-05-18,610.64404296875,13772400,2521000000.0,46109000000.0,83897000000.0,35873000000.0,META
2026-05-19,602.052001953125,11749900,2521000000.0,46109000000.0,83897000000.0,35873000000.0,META
2026-05-20,604.499755859375,11329700,2521000000.0,46109000000.0,83897000000.0,35873000000.0,META
2026-05-21,606.8175659179688,13476100,2521000000.0,46109000000.0,83897000000.0,35873000000.0,META
2026-05-22,609.6949462890625,11688600,2521000000.0,46109000000.0,83897000000.0,35873000000.0,META
2026-05-26,611.7730102539062,12234200,2521000000.0,46109000000.0,83897000000.0,35873000000.0,META
2026-05-27,634.6718139648438,23143600,2521000000.0,46109000000.0,83897000000.0,35873000000.0,META
2026-05-28,634.7017211914062,16772400,2521000000.0,46109000000.0,83897000000.0,35873000000.0,META
2026-05-29,631.92431640625,19806500,2521000000.0,46109000000.0,83897000000.0,35873000000.0,META
2026-06-01,599.9139404296875,29138800,2521000000.0,46109000000.0,83897000000.0,35873000000.0,META
2026-06-02,597.0765991210938,18252000,2521000000.0,46109000000.0,83897000000.0,35873000000.0,META
2026-06-03,622.4031372070312,23020100,2521000000.0,46109000000.0,83897000000.0,35873000000.0,META
2026-06-04,626.9888916015625,21469200,2521000000.0,46109000000.0,83897000000.0,35873000000.0,META
2026-06-05,592.450927734375,30091600,2521000000.0,46109000000.0,83897000000.0,35873000000.0,META
2026-06-08,584.8479614257812,19512400,2521000000.0,46109000000.0,83897000000.0,35873000000.0,META
2026-06-09,584.0487060546875,16977400,2521000000.0,46109000000.0,83897000000.0,35873000000.0,META
2026-06-10,570.4512939453125,17064000,2521000000.0,46109000000.0,83897000000.0,35873000000.0,META
2026-06-11,567.9036254882812,17628000,2521000000.0,46109000000.0,83897000000.0,35873000000.0,META
2026-06-12,566.4549560546875,14326400,2521000000.0,46109000000.0,83897000000.0,35873000000.0,META
2026-06-15,593.47998046875,17653300,2521000000.0,46109000000.0,83897000000.0,35873000000.0,META
2026-06-16,600.2100219726562,11344400,2521000000.0,46109000000.0,83897000000.0,35873000000.0,META
2026-06-17,567.5800170898438,20478300,2521000000.0,46109000000.0,83897000000.0,35873000000.0,META
2026-06-18,577.219970703125,28824600,2521000000.0,46109000000.0,83897000000.0,35873000000.0,META
2026-06-22,563.8499755859375,15405500,2521000000.0,46109000000.0,83897000000.0,35873000000.0,META
2026-06-23,562.2000122070312,13103300,2521000000.0,46109000000.0,83897000000.0,35873000000.0,META
2026-06-24,557.6699829101562,13963600,2521000000.0,46109000000.0,83897000000.0,35873000000.0,META
2026-06-25,542.8699951171875,16968600,2521000000.0,46109000000.0,83897000000.0,35873000000.0,META
2026-06-26,550.25,18867700,2521000000.0,46109000000.0,83897000000.0,35873000000.0,META
2026-06-29,562.5999755859375,15011400,2521000000.0,46109000000.0,83897000000.0,35873000000.0,META
2026-06-30,563.2899780273438,18111100,2521000000.0,46109000000.0,83897000000.0,35873000000.0,META
2026-07-01,612.9099731445312,45536300,2521000000.0,46109000000.0,83897000000.0,35873000000.0,META
2026-07-02,582.9000244140625,21705900,2521000000.0,46109000000.0,83897000000.0,35873000000.0,META
2026-07-06,600.2899780273438,17674100,2521000000.0,46109000000.0,83897000000.0,35873000000.0,META
2026-07-07,615.5800170898438,18560800,2521000000.0,46109000000.0,83897000000.0,35873000000.0,META
2026-07-08,603.1199951171875,13606500,2521000000.0,46109000000.0,83897000000.0,35873000000.0,META
2026-07-09,631.47998046875,26579700,2521000000.0,46109000000.0,83897000000.0,35873000000.0,META
2026-07-10,669.2100219726562,40608900,2521000000.0,46109000000.0,83897000000.0,35873000000.0,META
2026-07-13,656.72998046875,19840700,2521000000.0,46109000000.0,83897000000.0,35873000000.0,META
2026-07-14,661.0399780273438,16748200,2521000000.0,46109000000.0,83897000000.0,35873000000.0,META
2026-07-15,681.3099975585938,19003400,2521000000.0,46109000000.0,83897000000.0,35873000000.0,META
2026-07-16,664.5399780273438,15816000,2521000000.0,46109000000.0,83897000000.0,35873000000.0,META
2026-07-17,646.010009765625,22267900,2521000000.0,46109000000.0,83897000000.0,35873000000.0,META
2026-07-20,645.8499755859375,10225200,2521000000.0,46109000000.0,83897000000.0,35873000000.0,META
2026-07-21,643.8099975585938,9140500,2521000000.0,46109000000.0,83897000000.0,35873000000.0,META
2026-07-22,627.1699829101562,11019600,2521000000.0,46109000000.0,83897000000.0,35873000000.0,META
2026-07-23,606.0999755859375,15494800,2521000000.0,46109000000.0,83897000000.0,35873000000.0,META
2026-07-24,595.1900024414062,11503500,2521000000.0,46109000000.0,83897000000.0,35873000000.0,META
2026-07-27,593.8699951171875,11195300,2521000000.0,46109000000.0,83897000000.0,35873000000.0,META
2026-07-28,593.4099731445312,12009300,2521000000.0,46109000000.0,83897000000.0,35873000000.0,META
2026-07-29,585.6099853515625,22371100,2521000000.0,46109000000.0,83897000000.0,35873000000.0,META
2026-07-30,539.030029296875,42271500,2521000000.0,46109000000.0,83897000000.0,35873000000.0,META
2026-07-31,556.7100219726562,24261500,2521000000.0,46109000000.0,83897000000.0,35873000000.0,META
2026-08-03,590.239990234375,25938100,2521000000.0,46109000000.0,83897000000.0,35873000000.0,META
2026-08-04,587.9400024414062,17959200,2521000000.0,46109000000.0,83897000000.0,35873000000.0,META
2026-08-05,588.77001953125,14897200,2521000000.0,46109000000.0,83897000000.0,35873000000.0,META
2026-08-06,589.9000244140625,11811500,2521000000.0,46109000000.0,83897000000.0,35873000000.0,META
2026-08-07,592.0999755859375,11250300,2521000000.0,46109000000.0,83897000000.0,35873000000.0,META
2026-08-10,594.9199829101562,14967300,2521000000.0,46109000000.0,83897000000.0,35873000000.0,META
2026-08-11,599.1199951171875,13146900,2521000000.0,46109000000.0,83897000000.0,35873000000.0,META
2026-08-12,578.8499755859375,16186900,2521000000.0,46109000000.0,83897000000.0,35873000000.0,META
2026-08-13,594.969970703125,11164200,2521000000.0,46109000000.0,83897000000.0,35873000000.0,META
2026-08-14,589.8499755859375,8758000,2521000000.0,46109000000.0,83897000000.0,35873000000.0,META
2026-08-17,568.969970703125,17225600,2521000000.0,46109000000.0,83897000000.0,35873000000.0,META
2026-08-18,543.6699829101562,27094900,2521000000.0,46109000000.0,83897000000.0,35873000000.0,META
2026-08-19,546.030029296875,16971700,2521000000.0,46109000000.0,83897000000.0,35873000000.0,META
2026-08-20,545.8300170898438,13872200,2521000000.0,46109000000.0,83897000000.0,35873000000.0,META
2026-08-21,549.9000244140625,13848000,2521000000.0,46109000000.0,83897000000.0,35873000000.0,META
2026-08-24,559.02001953125,12990600,2521000000.0,46109000000.0,83897000000.0,35873000000.0,META
2026-08-25,570.0499877929688,9769100,2521000000.0,46109000000.0,83897000000.0,35873000000.0,META
2026-08-26,576.1400146484375,31416300,2521000000.0,46109000000.0,83897000000.0,35873000000.0,META
2026-08-27,571.0999755859375,15221400,2521000000.0,46109000000.0,83897000000.0,35873000000.0,META
2026-08-28,578.02001953125,16042400,2521000000.0,46109000000.0,83897000000.0,35873000000.0,META
2026-08-31,572.3400268554688,13383800,2521000000.0,46109000000.0,83897000000.0,35873000000.0,META
2026-09-01,578.5399780273438,15796900,2521000000.0,46109000000.0,83897000000.0,35873000000.0,META
2026-09-02,592.8499755859375,16487300,2521000000.0,46109000000.0,83897000000.0,35873000000.0,META
