date,close,volume,sharesOutstanding,freeCashFlow,totalDebt,cashAndCashEquivalents,symbol
2022-06-30,248.0246124267578,31730900,7496000000.0,65149000000.0,78400000000.0,13931000000.0,MSFT
2022-07-01,250.68035888671875,22837700,7496000000.0,65149000000.0,78400000000.0,13931000000.0,MSFT
2022-07-05,253.8382568359375,22941000,7496000000.0,65149000000.0,78400000000.0,13931000000.0,MSFT
2022-07-06,257.08306884765625,23824400,7496000000.0,65149000000.0,78400000000.0,13931000000.0,MSFT
2022-07-07,259.1979675292969,20859900,7496000000.0,65149000000.0,78400000000.0,13931000000.0,MSFT
2022-07-08,258.48333740234375,19658800,7496000000.0,65149000000.0,78400000000.0,13931000000.0,MSFT
2022-07-11,255.44139099121097,19455200,7496000000.0,65149000000.0,78400000000.0,13931000000.0,MSFT
2022-07-12,244.9730224609375,35868500,7496000000.0,65149000000.0,78400000000.0,13931000000.0,MSFT
2022-07-13,244.05555725097656,29497400,7496000000.0,65149000000.0,78400000000.0,13931000000.0,MSFT
2022-07-14,245.3689422607422,25102800,7496000000.0,65149000000.0,78400000000.0,13931000000.0,MSFT
2022-07-15,247.9184112548828,29774100,7496000000.0,65149000000.0,78400000000.0,13931000000.0,MSFT
2022-07-18,245.53309631347656,20975000,7496000000.0,65149000000.0,78400000000.0,13931000000.0,MSFT
2022-07-19,250.6320648193359,25012600,7496000000.0,65149000000.0,78400000000.0,13931000000.0,MSFT
2022-07-20,253.27810668945312,22788300,7496000000.0,65149000000.0,78400000000.0,13931000000.0,MSFT
2022-07-21,255.760009765625,22404700,7496000000.0,65149000000.0,78400000000.0,13931000000.0,MSFT
2022-07-22,251.43359375,21881300,7496000000.0,65149000000.0,78400000000.0,13931000000.0,MSFT
2022-07-25,249.95606994628903,21056000,7496000000.0,65149000000.0,78400000000.0,13931000000.0,MSFT
2022-07-26,243.263671875,39348000,7496000000.0,65149000000.0,78400000000.0,13931000000.0,MSFT
2022-07-27,259.52630615234375,45994000,7496000000.0,65149000000.0,78400000000.0,13931000000.0,MSFT
2022-07-28,266.9333801269531,33459300,7496000000.0,65149000000.0,78400000000.0,13931000000.0,MSFT
2022-07-29,271.11492919921875,32152800,7496000000.0,65149000000.0,78400000000.0,13931000000.0,MSFT
2022-08-01,268.478515625,21539600,7496000000.0,65149000000.0,78400000000.0,13931000000.0,MSFT
2022-08-02,265.39788818359375,22754200,7496000000.0,65149000000.0,78400000000.0,13931000000.0,MSFT
2022-08-03,272.78558349609375,23518900,7496000000.0,65149000000.0,78400000000.0,13931000000.0,MSFT
2022-08-04,273.9251403808594,18098700,7496000000.0,65149000000.0,78400000000.0,13931000000.0,MSFT
2022-08-05,273.2105407714844,16774600,7496000000.0,65149000000.0,78400000000.0,13931000000.0,MSFT
2022-08-08,270.70928955078125,18739200,7496000000.0,65149000000.0,78400000000.0,13931000000.0,MSFT
2022-08-09,272.6214294433594,23405200,7496000000.0,65149000000.0,78400000000.0,13931000000.0,MSFT
2022-08-10,279.2462158203125,24687800,7496000000.0,65149000000.0,78400000000.0,13931000000.0,MSFT
2022-08-11,277.1795654296875,20065900,7496000000.0,65149000000.0,78400000000.0,13931000000.0,MSFT
2022-08-12,281.9019470214844,22619700,7496000000.0,65149000000.0,78400000000.0,13931000000.0,MSFT
2022-08-15,283.4084167480469,18085700,7496000000.0,65149000000.0,78400000000.0,13931000000.0,MSFT
2022-08-16,282.6745300292969,18102900,7496000000.0,65149000000.0,78400000000.0,13931000000.0,MSFT
2022-08-17,281.9293212890625,18253400,7496000000.0,65149000000.0,78400000000.0,13931000000.0,MSFT
2022-08-18,280.81640625,17186200,7496000000.0,65149000000.0,78400000000.0,13931000000.0,MSFT
2022-08-19,276.92596435546875,20570000,7496000000.0,65149000000.0,78400000000.0,13931000000.0,MSFT
2022-08-22,268.7967529296875,25061100,7496000000.0,65149000000.0,78400000000.0,13931000000.0,MSFT
2022-08-23,267.5289611816406,17527400,7496000000.0,65149000000.0,78400000000.0,13931000000.0,MSFT
2022-08-24,266.89990234375,18137000,7496000000.0,65149000000.0,78400000000.0,13931000000.0,MSFT
2022-08-25,269.86126708984375,16583400,7496000000.0,65149000000.0,78400000000.0,13931000000.0,MSFT
2022-08-26,259.4481201171875,27549300,7496000000.0,65149000000.0,78400000000.0,13931000000.0,MSFT
2022-08-29,256.6802978515625,20338500,7496000000.0,65149000000.0,78400000000.0,13931000000.0,MSFT
2022-08-30,254.49317932128903,22767100,7496000000.0,65149000000.0,78400000000.0,13931000000.0,MSFT
2022-08-31,253.04150390625,24791800,7496000000.0,65149000000.0,78400000000.0,13931000000.0,MSFT
2022-09-01,252.0060272216797,23263400,7496000000.0,65149000000.0,78400000000.0,13931000000.0,MSFT
2022-09-02,247.805908203125,22855400,7496000000.0,65149000000.0,78400000000.0,13931000000.0,MSFT
2022-09-06,245.08648681640625,21328200,7496000000.0,65149000000.0,78400000000.0,13931000000.0,MSFT
2022-09-07,249.77047729492188,24126700,7496000000.0,65149000000.0,78400000000.0,13931000000.0,MSFT
2022-09-08,250.1866149902344,20319900,7496000000.0,65149000000.0,78400000000.0,13931000000.0,MSFT
2022-09-09,255.93519592285156,22084700,7496000000.0,65149000000.0,78400000000.0,13931000000.0,MSFT
2022-09-12,258.0545654296875,18747700,7496000000.0,65149000000.0,78400000000.0,13931000000.0,MSFT
2022-09-13,243.8671112060547,33353300,7496000000.0,65149000000.0,78400000000.0,13931000000.0,MSFT
2022-09-14,244.08966064453125,23913000,7496000000.0,65149000000.0,78400000000.0,13931000000.0,MSFT
2022-09-15,237.4701690673828,31530900,7496000000.0,65149000000.0,78400000000.0,13931000000.0,MSFT
2022-09-16,236.8508148193359,39791800,7496000000.0,65149000000.0,78400000000.0,13931000000.0,MSFT
2022-09-19,236.63790893554688,26826900,7496000000.0,65149000000.0,78400000000.0,13931000000.0,MSFT
2022-09-20,234.63462829589844,26660300,7496000000.0,65149000000.0,78400000000.0,13931000000.0,MSFT
2022-09-21,231.2474365234375,28625600,7496000000.0,65149000000.0,78400000000.0,13931000000.0,MSFT
2022-09-22,233.21202087402344,31061200,7496000000.0,65149000000.0,78400000000.0,13931000000.0,MSFT
2022-09-23,230.25064086914065,34176000,7496000000.0,65149000000.0,78400000000.0,13931000000.0,MSFT
2022-09-26,229.79579162597656,27694200,7496000000.0,65149000000.0,78400000000.0,13931000000.0,MSFT
2022-09-27,228.7893218994141,27018700,7496000000.0,65149000000.0,78400000000.0,13931000000.0,MSFT
2022-09-28,233.2990875244141,29029700,7496000000.0,65149000000.0,78400000000.0,13931000000.0,MSFT
2022-09-29,229.84422302246097,27484200,7496000000.0,65149000000.0,78400000000.0,13931000000.0,MSFT
2022-09-30,225.3925018310547,35694800,7496000000.0,65149000000.0,78400000000.0,13931000000.0,MSFT
2022-10-03,232.97976684570312,28880400,7496000000.0,65149000000.0,78400000000.0,13931000000.0,MSFT
2022-10-04,240.8573760986328,34888400,7496000000.0,65149000000.0,78400000000.0,13931000000.0,MSFT
2022-10-05,241.16700744628903,20347100,7496000000.0,65149000000.0,78400000000.0,13931000000.0,MSFT
2022-10-06,238.8347320556641,20239900,7496000000.0,65149000000.0,78400000000.0,13931000000.0,MSFT
2022-10-07,226.68927001953125,37769600,7496000000.0,65149000000.0,78400000000.0,13931000000.0,MSFT
2022-10-10,221.86016845703125,29743600,7496000000.0,65149000000.0,78400000000.0,13931000000.0,MSFT
2022-10-11,218.1439514160156,30474000,7496000000.0,65149000000.0,78400000000.0,13931000000.0,MSFT
2022-10-12,218.4729766845703,21903900,7496000000.0,65149000000.0,78400000000.0,13931000000.0,MSFT
2022-10-13,226.68927001953125,42551800,7496000000.0,65149000000.0,78400000000.0,13931000000.0,MSFT
2022-10-14,221.19236755371097,30198600,7496000000.0,65149000000.0,78400000000.0,13931000000.0,MSFT
2022-10-17,229.87319946289065,28142300,7496000000.0,65149000000.0,78400000000.0,13931000000.0,MSFT
2022-10-18,230.8119354248047,26329600,7496000000.0,65149000000.0,78400000000.0,13931000000.0,MSFT
2022-10-19,228.85711669921875,19985700,7496000000.0,65149000000.0,78400000000.0,13931000000.0,MSFT
2022-10-20,228.5376892089844,21811000,7496000000.0,65149000000.0,78400000000.0,13931000000.0,MSFT
2022-10-21,234.3152618408203,26299700,7496000000.0,65149000000.0,78400000000.0,13931000000.0,MSFT
2022-10-24,239.2799072265625,24911200,7496000000.0,65149000000.0,78400000000.0,13931000000.0,MSFT
2022-10-25,242.5799865722656,34775500,7496000000.0,65149000000.0,78400000000.0,13931000000.0,MSFT
2022-10-26,223.8634033203125,82543200,7496000000.0,65149000000.0,78400000000.0,13931000000.0,MSFT
2022-10-27,219.4407196044922,40424600,7496000000.0,65149000000.0,78400000000.0,13931000000.0,MSFT
2022-10-28,228.26673889160156,40647700,7496000000.0,65149000000.0,78400000000.0,13931000000.0,MSFT
2022-10-31,224.64730834960935,28357300,7496000000.0,65149000000.0,78400000000.0,13931000000.0,MSFT
2022-11-01,220.81497192382812,30592300,7496000000.0,65149000000.0,78400000000.0,13931000000.0,MSFT
2022-11-02,213.0051116943359,38407000,7496000000.0,65149000000.0,78400000000.0,13931000000.0,MSFT
2022-11-03,207.3436737060547,36633900,7496000000.0,65149000000.0,78400000000.0,13931000000.0,MSFT
2022-11-04,214.2534942626953,36789100,7496000000.0,65149000000.0,78400000000.0,13931000000.0,MSFT
2022-11-07,220.5246124267578,33498000,7496000000.0,65149000000.0,78400000000.0,13931000000.0,MSFT
2022-11-08,221.49237060546875,28192500,7496000000.0,65149000000.0,78400000000.0,13931000000.0,MSFT
2022-11-09,217.27294921875,27852900,7496000000.0,65149000000.0,78400000000.0,13931000000.0,MSFT
2022-11-10,235.1475372314453,46268000,7496000000.0,65149000000.0,78400000000.0,13931000000.0,MSFT
2022-11-11,239.14442443847656,34620200,7496000000.0,65149000000.0,78400000000.0,13931000000.0,MSFT
2022-11-14,233.7636260986328,31123300,7496000000.0,65149000000.0,78400000000.0,13931000000.0,MSFT
2022-11-15,234.1700897216797,31390100,7496000000.0,65149000000.0,78400000000.0,13931000000.0,MSFT
2022-11-16,234.5970916748047,24093300,7496000000.0,65149000000.0,78400000000.0,13931000000.0,MSFT
2022-11-17,234.548583984375,23123500,7496000000.0,65149000000.0,78400000000.0,13931000000.0,MSFT
2022-11-18,234.10215759277344,27613500,7496000000.0,65149000000.0,78400000000.0,13931000000.0,MSFT
2022-11-21,234.90769958496097,26394700,7496000000.0,65149000000.0,78400000000.0,13931000000.0,MSFT
2022-11-22,237.79974365234375,19665700,7496000000.0,65149000000.0,78400000000.0,13931000000.0,MSFT
2022-11-23,240.27452087402344,19508500,7496000000.0,65149000000.0,78400000000.0,13931000000.0,MSFT
2022-11-25,240.1871337890625,9200800,7496000000.0,65149000000.0,78400000000.0,13931000000.0,MSFT
2022-11-28,234.626220703125,24778200,7496000000.0,65149000000.0,78400000000.0,13931000000.0,MSFT
2022-11-29,233.23841857910156,17956300,7496000000.0,65149000000.0,78400000000.0,13931000000.0,MSFT
2022-11-30,247.6114196777344,47594200,7496000000.0,65149000000.0,78400000000.0,13931000000.0,MSFT
2022-12-01,247.17469787597656,26041500,7496000000.0,65149000000.0,78400000000.0,13931000000.0,MSFT
2022-12-02,247.49496459960935,21528500,7496000000.0,65149000000.0,78400000000.0,13931000000.0,MSFT
2022-12-05,242.8171844482422,23435300,7496000000.0,65149000000.0,78400000000.0,13931000000.0,MSFT
2022-12-06,237.8870849609375,22463700,7496000000.0,65149000000.0,78400000000.0,13931000000.0,MSFT
2022-12-07,237.15921020507812,20481500,7496000000.0,65149000000.0,78400000000.0,13931000000.0,MSFT
2022-12-08,240.0998077392578,22611800,7496000000.0,65149000000.0,78400000000.0,13931000000.0,MSFT
2022-12-09,238.17822265625,20609700,7496000000.0,65149000000.0,78400000000.0,13931000000.0,MSFT
2022-12-12,245.0590362548828,30665100,7496000000.0,65149000000.0,78400000000.0,13931000000.0,MSFT
2022-12-13,249.33888244628903,42196900,7496000000.0,65149000000.0,78400000000.0,13931000000.0,MSFT
2022-12-14,249.63002014160156,35410900,7496000000.0,65149000000.0,78400000000.0,13931000000.0,MSFT
2022-12-15,241.6623077392578,35560400,7496000000.0,65149000000.0,78400000000.0,13931000000.0,MSFT
2022-12-16,237.46975708007812,86102000,7496000000.0,65149000000.0,78400000000.0,13931000000.0,MSFT
2022-12-19,233.35487365722656,29696400,7496000000.0,65149000000.0,78400000000.0,13931000000.0,MSFT
2022-12-20,234.66502380371097,25150800,7496000000.0,65149000000.0,78400000000.0,13931000000.0,MSFT
2022-12-21,237.2174530029297,23690600,7496000000.0,65149000000.0,78400000000.0,13931000000.0,MSFT
2022-12-22,231.1615753173828,28651700,7496000000.0,65149000000.0,78400000000.0,13931000000.0,MSFT
2022-12-23,231.68560791015625,21207000,7496000000.0,65149000000.0,78400000000.0,13931000000.0,MSFT
2022-12-27,229.96791076660156,16688600,7496000000.0,65149000000.0,78400000000.0,13931000000.0,MSFT
2022-12-28,227.60958862304688,17457100,7496000000.0,65149000000.0,78400000000.0,13931000000.0,MSFT
2022-12-29,233.8983612060547,19770700,7496000000.0,65149000000.0,78400000000.0,13931000000.0,MSFT
2022-12-30,232.7434844970703,21938500,7496000000.0,65149000000.0,78400000000.0,13931000000.0,MSFT
2023-01-03,232.5105743408203,25740000,7496000000.0,65149000000.0,78400000000.0,13931000000.0,MSFT
2023-01-04,222.3397979736328,50623400,7496000000.0,65149000000.0,78400000000.0,13931000000.0,MSFT
2023-01-05,215.75013732910156,39585600,7496000000.0,65149000000.0,78400000000.0,13931000000.0,MSFT
2023-01-06,218.2928466796875,43613600,7496000000.0,65149000000.0,78400000000.0,13931000000.0,MSFT
2023-01-09,220.418212890625,27369800,7496000000.0,65149000000.0,78400000000.0,13931000000.0,MSFT
2023-01-10,222.09716796875,27033900,7496000000.0,65149000000.0,78400000000.0,13931000000.0,MSFT
2023-01-11,228.81300354003903,28669300,7496000000.0,65149000000.0,78400000000.0,13931000000.0,MSFT
2023-01-12,231.47213745117188,27269500,7496000000.0,65149000000.0,78400000000.0,13931000000.0,MSFT
2023-01-13,232.17088317871097,21333300,7496000000.0,65149000000.0,78400000000.0,13931000000.0,MSFT
2023-01-17,233.2578125,29831300,7496000000.0,65149000000.0,78400000000.0,13931000000.0,MSFT
2023-01-18,228.8517608642578,30028700,7496000000.0,65149000000.0,78400000000.0,13931000000.0,MSFT
2023-01-19,225.08628845214844,28623000,7496000000.0,65149000000.0,78400000000.0,13931000000.0,MSFT
2023-01-20,233.13165283203125,35389800,7496000000.0,65149000000.0,78400000000.0,13931000000.0,MSFT
2023-01-23,235.4220733642578,31934000,7496000000.0,65149000000.0,78400000000.0,13931000000.0,MSFT
2023-01-24,234.89794921875,40234400,7496000000.0,65149000000.0,78400000000.0,13931000000.0,MSFT
2023-01-25,233.5101623535156,66526600,7496000000.0,65149000000.0,78400000000.0,13931000000.0,MSFT
2023-01-26,240.68209838867188,33454500,7496000000.0,65149000000.0,78400000000.0,13931000000.0,MSFT
2023-01-27,240.83737182617188,26498900,7496000000.0,65149000000.0,78400000000.0,13931000000.0,MSFT
2023-01-30,235.54818725585935,25867400,7496000000.0,65149000000.0,78400000000.0,13931000000.0,MSFT
2023-01-31,240.4977264404297,26541100,7496000000.0,65149000000.0,78400000000.0,13931000000.0,MSFT
2023-02-01,245.29193115234375,31259900,7496000000.0,65149000000.0,78400000000.0,13931000000.0,MSFT
2023-02-02,256.7922668457031,39940400,7496000000.0,65149000000.0,78400000000.0,13931000000.0,MSFT
2023-02-03,250.7267303466797,29077300,7496000000.0,65149000000.0,78400000000.0,13931000000.0,MSFT
2023-02-06,249.19332885742188,22518000,7496000000.0,65149000000.0,78400000000.0,13931000000.0,MSFT
2023-02-07,259.6649169921875,50841400,7496000000.0,65149000000.0,78400000000.0,13931000000.0,MSFT
2023-02-08,258.8594665527344,54686000,7496000000.0,65149000000.0,78400000000.0,13931000000.0,MSFT
2023-02-09,255.84115600585935,42375100,7496000000.0,65149000000.0,78400000000.0,13931000000.0,MSFT
2023-02-10,255.33657836914065,25818500,7496000000.0,65149000000.0,78400000000.0,13931000000.0,MSFT
2023-02-13,263.31396484375,44630900,7496000000.0,65149000000.0,78400000000.0,13931000000.0,MSFT
2023-02-14,264.1388854980469,37047900,7496000000.0,65149000000.0,78400000000.0,13931000000.0,MSFT
2023-02-15,262.0277099609375,28922400,7496000000.0,65149000000.0,78400000000.0,13931000000.0,MSFT
2023-02-16,255.0517578125,29603600,7496000000.0,65149000000.0,78400000000.0,13931000000.0,MSFT
2023-02-17,251.072509765625,30000100,7496000000.0,65149000000.0,78400000000.0,13931000000.0,MSFT
2023-02-21,245.82847595214844,28397400,7496000000.0,65149000000.0,78400000000.0,13931000000.0,MSFT
2023-02-22,244.69989013671875,22491100,7496000000.0,65149000000.0,78400000000.0,13931000000.0,MSFT
2023-02-23,247.87164306640625,29219100,7496000000.0,65149000000.0,78400000000.0,13931000000.0,MSFT
2023-02-24,242.4719085693359,24990900,7496000000.0,65149000000.0,78400000000.0,13931000000.0,MSFT
2023-02-27,243.38644409179688,21190000,7496000000.0,65149000000.0,78400000000.0,13931000000.0,MSFT
2023-02-28,242.66650390625,22491000,7496000000.0,65149000000.0,78400000000.0,13931000000.0,MSFT
2023-03-01,239.60177612304688,27565300,7496000000.0,65149000000.0,78400000000.0,13931000000.0,MSFT
2023-03-02,244.31069946289065,24808200,7496000000.0,65149000000.0,78400000000.0,13931000000.0,MSFT
2023-03-03,248.3775329589844,30760100,7496000000.0,65149000000.0,78400000000.0,13931000000.0,MSFT
2023-03-06,249.9147491455078,24109800,7496000000.0,65149000000.0,78400000000.0,13931000000.0,MSFT
2023-03-07,247.26840209960935,21473200,7496000000.0,65149000000.0,78400000000.0,13931000000.0,MSFT
2023-03-08,246.83059692382812,17340200,7496000000.0,65149000000.0,78400000000.0,13931000000.0,MSFT
2023-03-09,245.48794555664065,26653400,7496000000.0,65149000000.0,78400000000.0,13931000000.0,MSFT
2023-03-10,241.8589782714844,28333900,7496000000.0,65149000000.0,78400000000.0,13931000000.0,MSFT
2023-03-13,247.04461669921875,33339700,7496000000.0,65149000000.0,78400000000.0,13931000000.0,MSFT
2023-03-14,253.7286071777344,33620300,7496000000.0,65149000000.0,78400000000.0,13931000000.0,MSFT
2023-03-15,258.25274658203125,46028000,7496000000.0,65149000000.0,78400000000.0,13931000000.0,MSFT
2023-03-16,268.7213439941406,54768800,7496000000.0,65149000000.0,78400000000.0,13931000000.0,MSFT
2023-03-17,271.8638610839844,69527400,7496000000.0,65149000000.0,78400000000.0,13931000000.0,MSFT
2023-03-20,264.8589782714844,43466600,7496000000.0,65149000000.0,78400000000.0,13931000000.0,MSFT
2023-03-21,266.36688232421875,34558700,7496000000.0,65149000000.0,78400000000.0,13931000000.0,MSFT
2023-03-22,264.917236328125,34873300,7496000000.0,65149000000.0,78400000000.0,13931000000.0,MSFT
2023-03-23,270.1418151855469,36610900,7496000000.0,65149000000.0,78400000000.0,13931000000.0,MSFT
2023-03-24,272.97308349609375,28172000,7496000000.0,65149000000.0,78400000000.0,13931000000.0,MSFT
2023-03-27,268.8964538574219,26840200,7496000000.0,65149000000.0,78400000000.0,13931000000.0,MSFT
2023-03-28,267.7776794433594,21878600,7496000000.0,65149000000.0,78400000000.0,13931000000.0,MSFT
2023-03-29,272.91461181640625,25087000,7496000000.0,65149000000.0,78400000000.0,13931000000.0,MSFT
2023-03-30,276.3588562011719,25053400,7496000000.0,65149000000.0,78400000000.0,13931000000.0,MSFT
2023-03-31,280.4936828613281,32766000,7496000000.0,65149000000.0,78400000000.0,13931000000.0,MSFT
2023-04-03,279.4527282714844,24883300,7496000000.0,65149000000.0,78400000000.0,13931000000.0,MSFT
2023-04-04,279.404052734375,25824300,7496000000.0,65149000000.0,78400000000.0,13931000000.0,MSFT
2023-04-05,276.6409912109375,22064800,7496000000.0,65149000000.0,78400000000.0,13931000000.0,MSFT
2023-04-06,283.7044372558594,29770300,7496000000.0,65149000000.0,78400000000.0,13931000000.0,MSFT
2023-04-10,281.55426025390625,23103000,7496000000.0,65149000000.0,78400000000.0,13931000000.0,MSFT
2023-04-11,275.1718444824219,27276600,7496000000.0,65149000000.0,78400000000.0,13931000000.0,MSFT
2023-04-12,275.8138732910156,27403400,7496000000.0,65149000000.0,78400000000.0,13931000000.0,MSFT
2023-04-13,281.9920349121094,24222700,7496000000.0,65149000000.0,78400000000.0,13931000000.0,MSFT
2023-04-14,278.3922424316406,20987900,7496000000.0,65149000000.0,78400000000.0,13931000000.0,MSFT
2023-04-17,280.98016357421875,23836200,7496000000.0,65149000000.0,78400000000.0,13931000000.0,MSFT
2023-04-18,280.5618896484375,20161800,7496000000.0,65149000000.0,78400000000.0,13931000000.0,MSFT
2023-04-19,280.6396789550781,17150300,7496000000.0,65149000000.0,78400000000.0,13931000000.0,MSFT
2023-04-20,278.3630065917969,23244400,7496000000.0,65149000000.0,78400000000.0,13931000000.0,MSFT
2023-04-21,278.02252197265625,21676400,7496000000.0,65149000000.0,78400000000.0,13931000000.0,MSFT
2023-04-24,274.14056396484375,26611000,7496000000.0,65149000000.0,78400000000.0,13931000000.0,MSFT
2023-04-25,267.9624328613281,45772200,7496000000.0,65149000000.0,78400000000.0,13931000000.0,MSFT
2023-04-26,287.3722839355469,64599200,7496000000.0,65149000000.0,78400000000.0,13931000000.0,MSFT
2023-04-27,296.5761413574219,46462600,7496000000.0,65149000000.0,78400000000.0,13931000000.0,MSFT
2023-04-28,298.94036865234375,36469600,7496000000.0,65149000000.0,78400000000.0,13931000000.0,MSFT
2023-05-01,297.286376953125,21294100,7496000000.0,65149000000.0,78400000000.0,13931000000.0,MSFT
2023-05-02,297.1404724121094,26404400,7496000000.0,65149000000.0,78400000000.0,13931000000.0,MSFT
2023-05-03,296.1578063964844,22360800,7496000000.0,65149000000.0,78400000000.0,13931000000.0,MSFT
2023-05-04,297.1404724121094,22519900,7496000000.0,65149000000.0,78400000000.0,13931000000.0,MSFT
2023-05-05,302.238525390625,28197100,7496000000.0,65149000000.0,78400000000.0,13931000000.0,MSFT
2023-05-08,300.2926330566406,21318600,7496000000.0,65149000000.0,78400000000.0,13931000000.0,MSFT
2023-05-09,298.6874084472656,21340800,7496000000.0,65149000000.0,78400000000.0,13931000000.0,MSFT
2023-05-10,303.8536682128906,30078000,7496000000.0,65149000000.0,78400000000.0,13931000000.0,MSFT
2023-05-11,301.71319580078125,31680200,7496000000.0,65149000000.0,78400000000.0,13931000000.0,MSFT
2023-05-12,300.6041259765625,19774700,7496000000.0,65149000000.0,78400000000.0,13931000000.0,MSFT
2023-05-15,301.08074951171875,16336500,7496000000.0,65149000000.0,78400000000.0,13931000000.0,MSFT
2023-05-16,303.2989807128906,26730300,7496000000.0,65149000000.0,78400000000.0,13931000000.0,MSFT
2023-05-17,306.1657409667969,24315000,7496000000.0,65149000000.0,78400000000.0,13931000000.0,MSFT
2023-05-18,310.57293701171875,27276000,7496000000.0,65149000000.0,78400000000.0,13931000000.0,MSFT
2023-05-19,310.3974609375,27546700,7496000000.0,65149000000.0,78400000000.0,13931000000.0,MSFT
2023-05-22,313.1665344238281,24115700,7496000000.0,65149000000.0,78400000000.0,13931000000.0,MSFT
2023-05-23,307.3942565917969,30797200,7496000000.0,65149000000.0,78400000000.0,13931000000.0,MSFT
2023-05-24,306.0194396972656,23384900,7496000000.0,65149000000.0,78400000000.0,13931000000.0,MSFT
2023-05-25,317.78826904296875,43301700,7496000000.0,65149000000.0,78400000000.0,13931000000.0,MSFT
2023-05-26,324.58441162109375,36630600,7496000000.0,65149000000.0,78400000000.0,13931000000.0,MSFT
2023-05-30,322.9462890625,29503100,7496000000.0,65149000000.0,78400000000.0,13931000000.0,MSFT
2023-05-31,320.1966247558594,45950600,7496000000.0,65149000000.0,78400000000.0,13931000000.0,MSFT
2023-06-01,324.2821044921875,26773900,7496000000.0,65149000000.0,78400000000.0,13931000000.0,MSFT
2023-06-02,327.0317687988281,25873800,7496000000.0,65149000000.0,78400000000.0,13931000000.0,MSFT
2023-06-05,327.5582580566406,21307100,7496000000.0,65149000000.0,78400000000.0,13931000000.0,MSFT
2023-06-06,325.3546142578125,20396200,7496000000.0,65149000000.0,78400000000.0,13931000000.0,MSFT
2023-06-07,315.3116149902344,40717100,7496000000.0,65149000000.0,78400000000.0,13931000000.0,MSFT
2023-06-08,317.1447448730469,23277700,7496000000.0,65149000000.0,78400000000.0,13931000000.0,MSFT
2023-06-09,318.6365966796875,22529000,7496000000.0,65149000000.0,78400000000.0,13931000000.0,MSFT
2023-06-12,323.5704040527344,24260300,7496000000.0,65149000000.0,78400000000.0,13931000000.0,MSFT
2023-06-13,325.949462890625,22951300,7496000000.0,65149000000.0,78400000000.0,13931000000.0,MSFT
2023-06-14,328.9233703613281,26003800,7496000000.0,65149000000.0,78400000000.0,13931000000.0,MSFT
2023-06-15,339.4149475097656,38899100,7496000000.0,65149000000.0,78400000000.0,13931000000.0,MSFT
2023-06-16,333.78887939453125,46552000,7496000000.0,65149000000.0,78400000000.0,13931000000.0,MSFT
2023-06-20,329.6156921386719,26375400,7496000000.0,65149000000.0,78400000000.0,13931000000.0,MSFT
2023-06-21,325.2376708984375,25117800,7496000000.0,65149000000.0,78400000000.0,13931000000.0,MSFT
2023-06-22,331.2341613769531,23556800,7496000000.0,65149000000.0,78400000000.0,13931000000.0,MSFT
2023-06-23,326.6612854003906,23146900,7496000000.0,65149000000.0,78400000000.0,13931000000.0,MSFT
2023-06-26,320.40142822265625,21520600,7496000000.0,65149000000.0,78400000000.0,13931000000.0,MSFT
2023-06-27,326.2224426269531,24354100,7496000000.0,65149000000.0,78400000000.0,13931000000.0,MSFT
2023-06-28,327.47064208984375,20259500,7496000000.0,65149000000.0,78400000000.0,13931000000.0,MSFT
2023-06-29,326.6905212402344,16997000,7496000000.0,65149000000.0,78400000000.0,13931000000.0,MSFT
2023-06-30,332.0435485839844,26832800,7446000000.0,59475000000.0,79441000000.0,34704000000.0,MSFT
2023-07-03,329.55712890625,12508700,7446000000.0,59475000000.0,79441000000.0,34704000000.0,MSFT
2023-07-05,329.7132263183594,18172400,7446000000.0,59475000000.0,79441000000.0,34704000000.0,MSFT
2023-07-06,332.7552490234375,28161200,7446000000.0,59475000000.0,79441000000.0,34704000000.0,MSFT
2023-07-07,328.8063659667969,21214800,7446000000.0,59475000000.0,79441000000.0,34704000000.0,MSFT
2023-07-10,323.55084228515625,32791400,7446000000.0,59475000000.0,79441000000.0,34704000000.0,MSFT
2023-07-11,324.17486572265625,26698200,7446000000.0,59475000000.0,79441000000.0,34704000000.0,MSFT
2023-07-12,328.7868957519531,29995300,7446000000.0,59475000000.0,79441000000.0,34704000000.0,MSFT
2023-07-13,334.1106262207031,20567200,7446000000.0,59475000000.0,79441000000.0,34704000000.0,MSFT
2023-07-14,336.626220703125,28352700,7446000000.0,59475000000.0,79441000000.0,34704000000.0,MSFT
2023-07-17,337.10400390625,20363900,7446000000.0,59475000000.0,79441000000.0,34704000000.0,MSFT
2023-07-18,350.520751953125,64738600,7446000000.0,59475000000.0,79441000000.0,34704000000.0,MSFT
2023-07-19,346.22076416015625,39732900,7446000000.0,59475000000.0,79441000000.0,34704000000.0,MSFT
2023-07-20,338.215576171875,33778400,7446000000.0,59475000000.0,79441000000.0,34704000000.0,MSFT
2023-07-21,335.1929626464844,69405400,7446000000.0,59475000000.0,79441000000.0,34704000000.0,MSFT
2023-07-24,336.49951171875,26678100,7446000000.0,59475000000.0,79441000000.0,34704000000.0,MSFT
2023-07-25,342.22308349609375,41637700,7446000000.0,59475000000.0,79441000000.0,34704000000.0,MSFT
2023-07-26,329.3426818847656,58383700,7446000000.0,59475000000.0,79441000000.0,34704000000.0,MSFT
2023-07-27,322.4684753417969,39635300,7446000000.0,59475000000.0,79441000000.0,34704000000.0,MSFT
2023-07-28,329.9276428222656,28484900,7446000000.0,59475000000.0,79441000000.0,34704000000.0,MSFT
2023-07-31,327.5387878417969,25446000,7446000000.0,59475000000.0,79441000000.0,34704000000.0,MSFT
2023-08-01,327.9483642578125,18311900,7446000000.0,59475000000.0,79441000000.0,34704000000.0,MSFT
2023-08-02,319.3288879394531,27761300,7446000000.0,59475000000.0,79441000000.0,34704000000.0,MSFT
2023-08-03,318.5098571777344,18253700,7446000000.0,59475000000.0,79441000000.0,34704000000.0,MSFT
2023-08-04,319.6018981933594,23741500,7446000000.0,59475000000.0,79441000000.0,34704000000.0,MSFT
2023-08-07,321.8738098144531,17741500,7446000000.0,59475000000.0,79441000000.0,34704000000.0,MSFT
2023-08-08,317.91510009765625,22327600,7446000000.0,59475000000.0,79441000000.0,34704000000.0,MSFT
2023-08-09,314.1903991699219,22373300,7446000000.0,59475000000.0,79441000000.0,34704000000.0,MSFT
2023-08-10,314.8728942871094,20113700,7446000000.0,59475000000.0,79441000000.0,34704000000.0,MSFT
2023-08-11,313.00079345703125,24355500,7446000000.0,59475000000.0,79441000000.0,34704000000.0,MSFT
2023-08-14,315.9552001953125,18836100,7446000000.0,59475000000.0,79441000000.0,34704000000.0,MSFT
2023-08-15,313.8295593261719,16966300,7446000000.0,59475000000.0,79441000000.0,34704000000.0,MSFT
2023-08-16,313.0674743652344,20698900,7446000000.0,59475000000.0,79441000000.0,34704000000.0,MSFT
2023-08-17,309.6280212402344,21257200,7446000000.0,59475000000.0,79441000000.0,34704000000.0,MSFT
2023-08-18,309.2371520996094,24755000,7446000000.0,59475000000.0,79441000000.0,34704000000.0,MSFT
2023-08-21,314.5136413574219,24040000,7446000000.0,59475000000.0,79441000000.0,34704000000.0,MSFT
2023-08-22,315.080322265625,16084600,7446000000.0,59475000000.0,79441000000.0,34704000000.0,MSFT
2023-08-23,319.5164794921875,21166400,7446000000.0,59475000000.0,79441000000.0,34704000000.0,MSFT
2023-08-24,312.64727783203125,23281400,7446000000.0,59475000000.0,79441000000.0,34704000000.0,MSFT
2023-08-25,315.5884094238281,21684100,7446000000.0,59475000000.0,79441000000.0,34704000000.0,MSFT
2023-08-28,316.2919616699219,14808500,7446000000.0,59475000000.0,79441000000.0,34704000000.0,MSFT
2023-08-29,320.8941345214844,19284600,7446000000.0,59475000000.0,79441000000.0,34704000000.0,MSFT
2023-08-30,321.2654724121094,15222100,7446000000.0,59475000000.0,79441000000.0,34704000000.0,MSFT
2023-08-31,320.2590637207031,26411000,7446000000.0,59475000000.0,79441000000.0,34704000000.0,MSFT
2023-09-01,321.1383972167969,14942000,7446000000.0,59475000000.0,79441000000.0,34704000000.0,MSFT
2023-09-05,325.9165344238281,18553900,7446000000.0,59475000000.0,79441000000.0,34704000000.0,MSFT
2023-09-06,325.26177978515625,17535800,7446000000.0,59475000000.0,79441000000.0,34704000000.0,MSFT
2023-09-07,322.35980224609375,18381000,7446000000.0,59475000000.0,79441000000.0,34704000000.0,MSFT
2023-09-08,326.6200256347656,19530100,7446000000.0,59475000000.0,79441000000.0,34704000000.0,MSFT
2023-09-11,330.2060546875,16583300,7446000000.0,59475000000.0,79441000000.0,34704000000.0,MSFT
2023-09-12,324.1772155761719,17565500,7446000000.0,59475000000.0,79441000000.0,34704000000.0,MSFT
2023-09-13,328.3690490722656,16544400,7446000000.0,59475000000.0,79441000000.0,34704000000.0,MSFT
2023-09-14,330.9486389160156,20267000,7446000000.0,59475000000.0,79441000000.0,34704000000.0,MSFT
2023-09-15,322.6627197265625,37679800,7446000000.0,59475000000.0,79441000000.0,34704000000.0,MSFT
2023-09-18,321.5292663574219,16834200,7446000000.0,59475000000.0,79441000000.0,34704000000.0,MSFT
2023-09-19,321.128662109375,16505900,7446000000.0,59475000000.0,79441000000.0,34704000000.0,MSFT
2023-09-20,313.4289855957031,21436500,7446000000.0,59475000000.0,79441000000.0,34704000000.0,MSFT
2023-09-21,312.2173767089844,35560400,7446000000.0,59475000000.0,79441000000.0,34704000000.0,MSFT
2023-09-22,309.7550354003906,21447900,7446000000.0,59475000000.0,79441000000.0,34704000000.0,MSFT
2023-09-25,310.2729187011719,17836000,7446000000.0,59475000000.0,79441000000.0,34704000000.0,MSFT
2023-09-26,304.99652099609375,26297600,7446000000.0,59475000000.0,79441000000.0,34704000000.0,MSFT
2023-09-27,305.6316223144531,19410100,7446000000.0,59475000000.0,79441000000.0,34704000000.0,MSFT
2023-09-28,306.46221923828125,19683600,7446000000.0,59475000000.0,79441000000.0,34704000000.0,MSFT
2023-09-29,308.5238952636719,24147300,7446000000.0,59475000000.0,79441000000.0,34704000000.0,MSFT
2023-10-02,314.4353942871094,20570000,7446000000.0,59475000000.0,79441000000.0,34704000000.0,MSFT
2023-10-03,306.21783447265625,21033500,7446000000.0,59475000000.0,79441000000.0,34704000000.0,MSFT
2023-10-04,311.6604309082031,20720100,7446000000.0,59475000000.0,79441000000.0,34704000000.0,MSFT
2023-10-05,312.05126953125,16965600,7446000000.0,59475000000.0,79441000000.0,34704000000.0,MSFT
2023-10-06,319.7704162597656,25673600,7446000000.0,59475000000.0,79441000000.0,34704000000.0,MSFT
2023-10-09,322.27191162109375,19891200,7446000000.0,59475000000.0,79441000000.0,34704000000.0,MSFT
2023-10-10,320.87457275390625,20557100,7446000000.0,59475000000.0,79441000000.0,34704000000.0,MSFT
2023-10-11,324.8124084472656,20063200,7446000000.0,59475000000.0,79441000000.0,34704000000.0,MSFT
2023-10-12,323.5811462402344,19313100,7446000000.0,59475000000.0,79441000000.0,34704000000.0,MSFT
2023-10-13,320.2297058105469,21072400,7446000000.0,59475000000.0,79441000000.0,34704000000.0,MSFT
2023-10-16,325.0273742675781,22158000,7446000000.0,59475000000.0,79441000000.0,34704000000.0,MSFT
2023-10-17,324.4606018066406,18338500,7446000000.0,59475000000.0,79441000000.0,34704000000.0,MSFT
2023-10-18,322.55523681640625,23153600,7446000000.0,59475000000.0,79441000000.0,34704000000.0,MSFT
2023-10-19,323.7375793457031,25052100,7446000000.0,59475000000.0,79441000000.0,34704000000.0,MSFT
2023-10-20,319.1939392089844,25027700,7446000000.0,59475000000.0,79441000000.0,34704000000.0,MSFT
2023-10-23,321.7833251953125,24374700,7446000000.0,59475000000.0,79441000000.0,34704000000.0,MSFT
2023-10-24,322.9656677246094,31153600,7446000000.0,59475000000.0,79441000000.0,34704000000.0,MSFT
2023-10-25,332.87359619140625,55053800,7446000000.0,59475000000.0,79441000000.0,34704000000.0,MSFT
2023-10-26,320.38604736328125,37828500,7446000000.0,59475000000.0,79441000000.0,34704000000.0,MSFT
2023-10-27,322.2620544433594,29856500,7446000000.0,59475000000.0,79441000000.0,34704000000.0,MSFT
2023-10-30,329.5904541015625,22828100,7446000000.0,59475000000.0,79441000000.0,34704000000.0,MSFT
2023-10-31,330.37213134765625,20265300,7446000000.0,59475000000.0,79441000000.0,34704000000.0,MSFT
2023-11-01,338.14996337890625,28158800,7446000000.0,59475000000.0,79441000000.0,34704000000.0,MSFT
2023-11-02,340.34844970703125,24348100,7446000000.0,59475000000.0,79441000000.0,34704000000.0,MSFT
2023-11-03,344.7259521484375,23637700,7446000000.0,59475000000.0,79441000000.0,34704000000.0,MSFT
2023-11-06,348.3705749511719,23828300,7446000000.0,59475000000.0,79441000000.0,34704000000.0,MSFT
2023-11-07,352.279052734375,25833900,7446000000.0,59475000000.0,79441000000.0,34704000000.0,MSFT
2023-11-08,354.8879699707031,26767800,7446000000.0,59475000000.0,79441000000.0,34704000000.0,MSFT
2023-11-09,352.43536376953125,24847300,7446000000.0,59475000000.0,79441000000.0,34704000000.0,MSFT
2023-11-10,361.2098693847656,28042100,7446000000.0,59475000000.0,79441000000.0,34704000000.0,MSFT
2023-11-13,358.2882995605469,19986500,7446000000.0,59475000000.0,79441000000.0,34704000000.0,MSFT
2023-11-14,361.796142578125,27683900,7446000000.0,59475000000.0,79441000000.0,34704000000.0,MSFT
2023-11-15,361.9430541992187,26860100,7446000000.0,59475000000.0,79441000000.0,34704000000.0,MSFT
2023-11-16,368.3072204589844,27182300,7446000000.0,59475000000.0,79441000000.0,34704000000.0,MSFT
2023-11-17,362.1192321777344,40157000,7446000000.0,59475000000.0,79441000000.0,34704000000.0,MSFT
2023-11-20,369.5505676269531,52465100,7446000000.0,59475000000.0,79441000000.0,34704000000.0,MSFT
2023-11-21,365.2719421386719,28423100,7446000000.0,59475000000.0,79441000000.0,34704000000.0,MSFT
2023-11-22,369.9520263671875,23345300,7446000000.0,59475000000.0,79441000000.0,34704000000.0,MSFT
2023-11-24,369.5408630371094,10176600,7446000000.0,59475000000.0,79441000000.0,34704000000.0,MSFT
2023-11-27,370.6961059570313,22179200,7446000000.0,59475000000.0,79441000000.0,34704000000.0,MSFT
2023-11-28,374.7006530761719,20453100,7446000000.0,59475000000.0,79441000000.0,34704000000.0,MSFT
2023-11-29,370.93115234375,28963400,7446000000.0,59475000000.0,79441000000.0,34704000000.0,MSFT
2023-11-30,370.9898376464844,30554400,7446000000.0,59475000000.0,79441000000.0,34704000000.0,MSFT
2023-12-01,366.6817626953125,33040500,7446000000.0,59475000000.0,79441000000.0,34704000000.0,MSFT
2023-12-04,361.4241027832031,32063300,7446000000.0,59475000000.0,79441000000.0,34704000000.0,MSFT
2023-12-05,364.73345947265625,23065000,7446000000.0,59475000000.0,79441000000.0,34704000000.0,MSFT
2023-12-06,361.0911560058594,21182100,7446000000.0,59475000000.0,79441000000.0,34704000000.0,MSFT
2023-12-07,363.1963195800781,23118900,7446000000.0,59475000000.0,79441000000.0,34704000000.0,MSFT
2023-12-08,366.40771484375,20154400,7446000000.0,59475000000.0,79441000000.0,34704000000.0,MSFT
2023-12-11,363.5388793945313,27708800,7446000000.0,59475000000.0,79441000000.0,34704000000.0,MSFT
2023-12-12,366.5545654296875,24838300,7446000000.0,59475000000.0,79441000000.0,34704000000.0,MSFT
2023-12-13,366.5447998046875,30955500,7446000000.0,59475000000.0,79441000000.0,34704000000.0,MSFT
2023-12-14,358.2811584472656,43277500,7446000000.0,59475000000.0,79441000000.0,34704000000.0,MSFT
2023-12-15,362.98089599609375,78502300,7446000000.0,59475000000.0,79441000000.0,34704000000.0,MSFT
2023-12-18,364.8607482910156,21802900,7446000000.0,59475000000.0,79441000000.0,34704000000.0,MSFT
2023-12-19,365.4580078125,20603700,7446000000.0,59475000000.0,79441000000.0,34704000000.0,MSFT
2023-12-20,362.8731384277344,26316700,7446000000.0,59475000000.0,79441000000.0,34704000000.0,MSFT
2023-12-21,365.7321166992187,17708000,7446000000.0,59475000000.0,79441000000.0,34704000000.0,MSFT
2023-12-22,366.7503967285156,17107500,7446000000.0,59475000000.0,79441000000.0,34704000000.0,MSFT
2023-12-26,366.8287353515625,12673100,7446000000.0,59475000000.0,79441000000.0,34704000000.0,MSFT
2023-12-27,366.25103759765625,14905400,7446000000.0,59475000000.0,79441000000.0,34704000000.0,MSFT
2023-12-28,367.4357299804687,14327000,7446000000.0,59475000000.0,79441000000.0,34704000000.0,MSFT
2023-12-29,368.1798400878906,18730800,7446000000.0,59475000000.0,79441000000.0,34704000000.0,MSFT
2024-01-02,363.1178894042969,25258600,7446000000.0,59475000000.0,79441000000.0,34704000000.0,MSFT
2024-01-03,362.85357666015625,23083500,7446000000.0,59475000000.0,79441000000.0,34704000000.0,MSFT
2024-01-04,360.24920654296875,20901500,7446000000.0,59475000000.0,79441000000.0,34704000000.0,MSFT
2024-01-05,360.06317138671875,21004600,7446000000.0,59475000000.0,79441000000.0,34704000000.0,MSFT
2024-01-08,366.8580627441406,23134000,7446000000.0,59475000000.0,79441000000.0,34704000000.0,MSFT
2024-01-09,367.93511962890625,20830000,7446000000.0,59475000000.0,79441000000.0,34704000000.0,MSFT
2024-01-10,374.7691955566406,25514200,7446000000.0,59475000000.0,79441000000.0,34704000000.0,MSFT
2024-01-11,376.59033203125,27850800,7446000000.0,59475000000.0,79441000000.0,34704000000.0,MSFT
2024-01-12,380.3500061035156,21661200,7446000000.0,59475000000.0,79441000000.0,34704000000.0,MSFT
2024-01-16,382.1123962402344,27202300,7446000000.0,59475000000.0,79441000000.0,34704000000.0,MSFT
2024-01-17,381.3291320800781,22234100,7446000000.0,59475000000.0,79441000000.0,34704000000.0,MSFT
2024-01-18,385.6371154785156,23392100,7446000000.0,59475000000.0,79441000000.0,34704000000.0,MSFT
2024-01-19,390.3368835449219,29331100,7446000000.0,59475000000.0,79441000000.0,34704000000.0,MSFT
2024-01-22,388.2220153808594,27016900,7446000000.0,59475000000.0,79441000000.0,34704000000.0,MSFT
2024-01-23,390.5619812011719,20525900,7446000000.0,59475000000.0,79441000000.0,34704000000.0,MSFT
2024-01-24,394.1455078125,24867000,7446000000.0,59475000000.0,79441000000.0,34704000000.0,MSFT
2024-01-25,396.4072265625,21021200,7446000000.0,59475000000.0,79441000000.0,34704000000.0,MSFT
2024-01-26,395.4869079589844,17803300,7446000000.0,59475000000.0,79441000000.0,34704000000.0,MSFT
2024-01-29,401.1558532714844,24510200,7446000000.0,59475000000.0,79441000000.0,34704000000.0,MSFT
2024-01-30,400.0495300292969,33477600,7446000000.0,59475000000.0,79441000000.0,34704000000.0,MSFT
2024-01-31,389.2696228027344,47871100,7446000000.0,59475000000.0,79441000000.0,34704000000.0,MSFT
2024-02-01,395.3400573730469,30657700,7446000000.0,59475000000.0,79441000000.0,34704000000.0,MSFT
2024-02-02,402.6245422363281,28256700,7446000000.0,59475000000.0,79441000000.0,34704000000.0,MSFT
2024-02-05,397.17095947265625,25352300,7446000000.0,59475000000.0,79441000000.0,34704000000.0,MSFT
2024-02-06,397.0142517089844,18382600,7446000000.0,59475000000.0,79441000000.0,34704000000.0,MSFT
2024-02-07,405.3953247070313,22340500,7446000000.0,59475000000.0,79441000000.0,34704000000.0,MSFT
2024-02-08,405.45416259765625,21225300,7446000000.0,59475000000.0,79441000000.0,34704000000.0,MSFT
2024-02-09,411.7594604492187,22032800,7446000000.0,59475000000.0,79441000000.0,34704000000.0,MSFT
2024-02-12,406.580078125,21202900,7446000000.0,59475000000.0,79441000000.0,34704000000.0,MSFT
2024-02-13,397.826904296875,27824900,7446000000.0,59475000000.0,79441000000.0,34704000000.0,MSFT
2024-02-14,401.6720886230469,20401200,7446000000.0,59475000000.0,79441000000.0,34704000000.0,MSFT
2024-02-15,398.7980346679687,21825500,7446000000.0,59475000000.0,79441000000.0,34704000000.0,MSFT
2024-02-16,396.34576416015625,22296500,7446000000.0,59475000000.0,79441000000.0,34704000000.0,MSFT
2024-02-20,395.10003662109375,24307900,7446000000.0,59475000000.0,79441000000.0,34704000000.0,MSFT
2024-02-21,394.5016479492187,18518900,7446000000.0,59475000000.0,79441000000.0,34704000000.0,MSFT
2024-02-22,403.7908630371094,27009900,7446000000.0,59475000000.0,79441000000.0,34704000000.0,MSFT
2024-02-23,402.505859375,16295900,7446000000.0,59475000000.0,79441000000.0,34704000000.0,MSFT
2024-02-26,399.75933837890625,16193500,7446000000.0,59475000000.0,79441000000.0,34704000000.0,MSFT
2024-02-27,399.700439453125,14835800,7446000000.0,59475000000.0,79441000000.0,34704000000.0,MSFT
2024-02-28,399.9359130859375,13183100,7446000000.0,59475000000.0,79441000000.0,34704000000.0,MSFT
2024-02-29,405.7428894042969,31947300,7446000000.0,59475000000.0,79441000000.0,34704000000.0,MSFT
2024-03-01,407.56732177734375,17823400,7446000000.0,59475000000.0,79441000000.0,34704000000.0,MSFT
2024-03-04,406.9984436035156,17596000,7446000000.0,59475000000.0,79441000000.0,34704000000.0,MSFT
2024-03-05,394.9626770019531,26919200,7446000000.0,59475000000.0,79441000000.0,34704000000.0,MSFT
2024-03-06,394.4134216308594,22344100,7446000000.0,59475000000.0,79441000000.0,34704000000.0,MSFT
2024-03-07,401.3287963867187,18718500,7446000000.0,59475000000.0,79441000000.0,34704000000.0,MSFT
2024-03-08,398.4645080566406,18002200,7446000000.0,59475000000.0,79441000000.0,34704000000.0,MSFT
2024-03-11,396.7970275878906,16120800,7446000000.0,59475000000.0,79441000000.0,34704000000.0,MSFT
2024-03-12,407.3515319824219,22457000,7446000000.0,59475000000.0,79441000000.0,34704000000.0,MSFT
2024-03-13,407.1749877929687,17115900,7446000000.0,59475000000.0,79441000000.0,34704000000.0,MSFT
2024-03-14,417.101806640625,34157300,7446000000.0,59475000000.0,79441000000.0,34704000000.0,MSFT
2024-03-15,408.4698486328125,45079900,7446000000.0,59475000000.0,79441000000.0,34704000000.0,MSFT
2024-03-18,409.3526306152344,20106000,7446000000.0,59475000000.0,79441000000.0,34704000000.0,MSFT
2024-03-19,413.364501953125,19837900,7446000000.0,59475000000.0,79441000000.0,34704000000.0,MSFT
2024-03-20,417.1115417480469,17860100,7446000000.0,59475000000.0,79441000000.0,34704000000.0,MSFT
2024-03-21,421.1725463867187,21296200,7446000000.0,59475000000.0,79441000000.0,34704000000.0,MSFT
2024-03-22,420.5545349121094,17648500,7446000000.0,59475000000.0,79441000000.0,34704000000.0,MSFT
2024-03-25,414.7868347167969,18060500,7446000000.0,59475000000.0,79441000000.0,34704000000.0,MSFT
2024-03-26,413.5999755859375,16725600,7446000000.0,59475000000.0,79441000000.0,34704000000.0,MSFT
2024-03-27,413.3841247558594,16705000,7446000000.0,59475000000.0,79441000000.0,34704000000.0,MSFT
2024-03-28,412.6876525878906,21871200,7446000000.0,59475000000.0,79441000000.0,34704000000.0,MSFT
2024-04-01,416.4642028808594,16316000,7446000000.0,59475000000.0,79441000000.0,34704000000.0,MSFT
2024-04-02,413.3939514160156,17912000,7446000000.0,59475000000.0,79441000000.0,34704000000.0,MSFT
2024-04-03,412.4228515625,16502300,7446000000.0,59475000000.0,79441000000.0,34704000000.0,MSFT
2024-04-04,409.9018859863281,19370900,7446000000.0,59475000000.0,79441000000.0,34704000000.0,MSFT
2024-04-05,417.3960876464844,16554800,7446000000.0,59475000000.0,79441000000.0,34704000000.0,MSFT
2024-04-08,416.4837951660156,14272400,7446000000.0,59475000000.0,79441000000.0,34704000000.0,MSFT
2024-04-09,418.1416015625,12496900,7446000000.0,59475000000.0,79441000000.0,34704000000.0,MSFT
2024-04-10,415.1792297363281,16216600,7446000000.0,59475000000.0,79441000000.0,34704000000.0,MSFT
2024-04-11,419.7600402832031,17966400,7446000000.0,59475000000.0,79441000000.0,34704000000.0,MSFT
2024-04-12,413.84515380859375,19253800,7446000000.0,59475000000.0,79441000000.0,34704000000.0,MSFT
2024-04-15,405.7428894042969,20273500,7446000000.0,59475000000.0,79441000000.0,34704000000.0,MSFT
2024-04-16,406.6649169921875,16765600,7446000000.0,59475000000.0,79441000000.0,34704000000.0,MSFT
2024-04-17,403.9772338867187,15855500,7446000000.0,59475000000.0,79441000000.0,34704000000.0,MSFT
2024-04-18,396.5517272949219,21029900,7446000000.0,59475000000.0,79441000000.0,34704000000.0,MSFT
2024-04-19,391.50006103515625,30565800,7446000000.0,59475000000.0,79441000000.0,34704000000.0,MSFT
2024-04-22,393.3049011230469,20286900,7446000000.0,59475000000.0,79441000000.0,34704000000.0,MSFT
2024-04-23,399.7887268066406,15734500,7446000000.0,59475000000.0,79441000000.0,34704000000.0,MSFT
2024-04-24,401.2502746582031,15065300,7446000000.0,59475000000.0,79441000000.0,34704000000.0,MSFT
2024-04-25,391.4216003417969,40586500,7446000000.0,59475000000.0,79441000000.0,34704000000.0,MSFT
2024-04-26,398.5625915527344,29694700,7446000000.0,59475000000.0,79441000000.0,34704000000.0,MSFT
2024-04-29,394.5703125,19582100,7446000000.0,59475000000.0,79441000000.0,34704000000.0,MSFT
2024-04-30,381.8970031738281,28781400,7446000000.0,59475000000.0,79441000000.0,34704000000.0,MSFT
2024-05-01,387.3998718261719,23562500,7446000000.0,59475000000.0,79441000000.0,34704000000.0,MSFT
2024-05-02,390.2445068359375,17709400,7446000000.0,59475000000.0,79441000000.0,34704000000.0,MSFT
2024-05-03,398.8961181640625,17446700,7446000000.0,59475000000.0,79441000000.0,34704000000.0,MSFT
2024-05-06,405.6447448730469,16996600,7446000000.0,59475000000.0,79441000000.0,34704000000.0,MSFT
2024-05-07,401.52496337890625,20018200,7446000000.0,59475000000.0,79441000000.0,34704000000.0,MSFT
2024-05-08,402.70208740234375,11792300,7446000000.0,59475000000.0,79441000000.0,34704000000.0,MSFT
2024-05-09,404.4480895996094,14689700,7446000000.0,59475000000.0,79441000000.0,34704000000.0,MSFT
2024-05-10,406.82183837890625,13402300,7446000000.0,59475000000.0,79441000000.0,34704000000.0,MSFT
2024-05-13,405.8213806152344,15440200,7446000000.0,59475000000.0,79441000000.0,34704000000.0,MSFT
2024-05-14,408.6071166992187,15109300,7446000000.0,59475000000.0,79441000000.0,34704000000.0,MSFT
2024-05-15,415.7512512207031,22239500,7446000000.0,59475000000.0,79441000000.0,34704000000.0,MSFT
2024-05-16,413.6973876953125,17530100,7446000000.0,59475000000.0,79441000000.0,34704000000.0,MSFT
2024-05-17,412.9309387207031,15352200,7446000000.0,59475000000.0,79441000000.0,34704000000.0,MSFT
2024-05-20,417.9720458984375,16272100,7446000000.0,59475000000.0,79441000000.0,34704000000.0,MSFT
2024-05-21,421.60797119140625,21453300,7446000000.0,59475000000.0,79441000000.0,34704000000.0,MSFT
2024-05-22,423.0623168945313,18073700,7446000000.0,59475000000.0,79441000000.0,34704000000.0,MSFT
2024-05-23,419.6033020019531,17211700,7446000000.0,59475000000.0,79441000000.0,34704000000.0,MSFT
2024-05-24,422.7085266113281,11855300,7446000000.0,59475000000.0,79441000000.0,34704000000.0,MSFT
2024-05-28,422.86578369140625,15718000,7446000000.0,59475000000.0,79441000000.0,34704000000.0,MSFT
2024-05-29,421.7357177734375,15517100,7446000000.0,59475000000.0,79441000000.0,34704000000.0,MSFT
2024-05-30,407.4869384765625,28394500,7446000000.0,59475000000.0,79441000000.0,34704000000.0,MSFT
2024-05-31,407.93890380859375,47995300,7446000000.0,59475000000.0,79441000000.0,34704000000.0,MSFT
2024-06-03,406.3567810058594,17484700,7446000000.0,59475000000.0,79441000000.0,34704000000.0,MSFT
2024-06-04,408.8626098632813,14348900,7446000000.0,59475000000.0,79441000000.0,34704000000.0,MSFT
2024-06-05,416.66510009765625,16988000,7446000000.0,59475000000.0,79441000000.0,34704000000.0,MSFT
2024-06-06,417.1662292480469,14861300,7446000000.0,59475000000.0,79441000000.0,34704000000.0,MSFT
2024-06-07,416.5078430175781,13621700,7446000000.0,59475000000.0,79441000000.0,34704000000.0,MSFT
2024-06-10,420.4582214355469,13982900,7446000000.0,59475000000.0,79441000000.0,34704000000.0,MSFT
2024-06-11,425.1849060058594,14551100,7446000000.0,59475000000.0,79441000000.0,34704000000.0,MSFT
2024-06-12,433.4197387695313,22366200,7446000000.0,59475000000.0,79441000000.0,34704000000.0,MSFT
2024-06-13,433.9307556152344,15960600,7446000000.0,59475000000.0,79441000000.0,34704000000.0,MSFT
2024-06-14,434.9035949707031,13582000,7446000000.0,59475000000.0,79441000000.0,34704000000.0,MSFT
2024-06-17,440.6031494140625,20790000,7446000000.0,59475000000.0,79441000000.0,34704000000.0,MSFT
2024-06-18,438.6082763671875,17112500,7446000000.0,59475000000.0,79441000000.0,34704000000.0,MSFT
2024-06-20,437.9793395996094,19877400,7446000000.0,59475000000.0,79441000000.0,34704000000.0,MSFT
2024-06-21,441.9886779785156,34187100,7446000000.0,59475000000.0,79441000000.0,34704000000.0,MSFT
2024-06-24,439.9152221679687,15913700,7446000000.0,59475000000.0,79441000000.0,34704000000.0,MSFT
2024-06-25,443.138427734375,16413400,7446000000.0,59475000000.0,79441000000.0,34704000000.0,MSFT
2024-06-26,444.3274841308594,16507000,7446000000.0,59475000000.0,79441000000.0,34704000000.0,MSFT
2024-06-27,445.0055236816406,14806300,7446000000.0,59475000000.0,79441000000.0,34704000000.0,MSFT
2024-06-28,439.2077026367187,28362300,7446000000.0,59475000000.0,79441000000.0,34704000000.0,MSFT
2024-07-01,448.81829833984375,17662800,7431000000.0,74071000000.0,97852000000.0,18315000000.0,MSFT
2024-07-02,451.3240661621094,13979800,7431000000.0,74071000000.0,97852000000.0,18315000000.0,MSFT
2024-07-03,452.7882995605469,9932800,7431000000.0,74071000000.0,97852000000.0,18315000000.0,MSFT
2024-07-05,459.4607238769531,16000300,7431000000.0,74071000000.0,97852000000.0,18315000000.0,MSFT
2024-07-08,458.1635437011719,12962300,7431000000.0,74071000000.0,97852000000.0,18315000000.0,MSFT
2024-07-09,451.57965087890625,17207200,7431000000.0,74071000000.0,97852000000.0,18315000000.0,MSFT
2024-07-10,458.1733703613281,18196100,7431000000.0,74071000000.0,97852000000.0,18315000000.0,MSFT
2024-07-11,446.823486328125,23111200,7431000000.0,74071000000.0,97852000000.0,18315000000.0,MSFT
2024-07-12,445.6933288574219,16324300,7431000000.0,74071000000.0,97852000000.0,18315000000.0,MSFT
2024-07-15,446.0963134765625,14429400,7431000000.0,74071000000.0,97852000000.0,18315000000.0,MSFT
2024-07-16,441.7331848144531,17175700,7431000000.0,74071000000.0,97852000000.0,18315000000.0,MSFT
2024-07-17,435.8370971679687,21778000,7431000000.0,74071000000.0,97852000000.0,18315000000.0,MSFT
2024-07-18,432.74163818359375,20794800,7431000000.0,74071000000.0,97852000000.0,18315000000.0,MSFT
2024-07-19,429.5381774902344,20940400,7431000000.0,74071000000.0,97852000000.0,18315000000.0,MSFT
2024-07-22,435.26715087890625,15808800,7431000000.0,74071000000.0,97852000000.0,18315000000.0,MSFT
2024-07-23,437.1440734863281,13107100,7431000000.0,74071000000.0,97852000000.0,18315000000.0,MSFT
2024-07-24,421.4703674316406,26805800,7431000000.0,74071000000.0,97852000000.0,18315000000.0,MSFT
2024-07-25,411.1523132324219,29943800,7431000000.0,74071000000.0,97852000000.0,18315000000.0,MSFT
2024-07-26,417.9032287597656,23583800,7431000000.0,74071000000.0,97852000000.0,18315000000.0,MSFT
2024-07-29,419.3380126953125,15125800,7431000000.0,74071000000.0,97852000000.0,18315000000.0,MSFT
2024-07-30,415.5940246582031,32687600,7431000000.0,74071000000.0,97852000000.0,18315000000.0,MSFT
2024-07-31,411.1031494140625,42891400,7431000000.0,74071000000.0,97852000000.0,18315000000.0,MSFT
2024-08-01,409.8845520019531,30296400,7431000000.0,74071000000.0,97852000000.0,18315000000.0,MSFT
2024-08-02,401.4139099121094,29437900,7431000000.0,74071000000.0,97852000000.0,18315000000.0,MSFT
2024-08-05,388.3049926757813,40709200,7431000000.0,74071000000.0,97852000000.0,18315000000.0,MSFT
2024-08-06,392.687744140625,24946500,7431000000.0,74071000000.0,97852000000.0,18315000000.0,MSFT
2024-08-07,391.5282287597656,20650900,7431000000.0,74071000000.0,97852000000.0,18315000000.0,MSFT
2024-08-08,395.71441650390625,20203000,7431000000.0,74071000000.0,97852000000.0,18315000000.0,MSFT
2024-08-09,398.9866638183594,19276700,7431000000.0,74071000000.0,97852000000.0,18315000000.0,MSFT
2024-08-12,399.7630615234375,16762900,7431000000.0,74071000000.0,97852000000.0,18315000000.0,MSFT
2024-08-13,406.83831787109375,19414300,7431000000.0,74071000000.0,97852000000.0,18315000000.0,MSFT
2024-08-14,409.638916015625,18267000,7431000000.0,74071000000.0,97852000000.0,18315000000.0,MSFT
2024-08-15,414.482421875,20752100,7431000000.0,74071000000.0,97852000000.0,18315000000.0,MSFT
2024-08-16,411.9622802734375,22775600,7431000000.0,74071000000.0,97852000000.0,18315000000.0,MSFT
2024-08-19,414.9746398925781,15234000,7431000000.0,74071000000.0,97852000000.0,18315000000.0,MSFT
2024-08-20,418.19378662109375,16387600,7431000000.0,74071000000.0,97852000000.0,18315000000.0,MSFT
2024-08-21,417.5441284179687,16067300,7431000000.0,74071000000.0,97852000000.0,18315000000.0,MSFT
2024-08-22,409.0876159667969,19361900,7431000000.0,74071000000.0,97852000000.0,18315000000.0,MSFT
2024-08-23,410.308349609375,18493800,7431000000.0,74071000000.0,97852000000.0,18315000000.0,MSFT
2024-08-26,407.0596923828125,13152800,7431000000.0,74071000000.0,97852000000.0,18315000000.0,MSFT
2024-08-27,407.40423583984375,13492900,7431000000.0,74071000000.0,97852000000.0,18315000000.0,MSFT
2024-08-28,404.2146606445313,14882700,7431000000.0,74071000000.0,97852000000.0,18315000000.0,MSFT
2024-08-29,406.6954345703125,17045200,7431000000.0,74071000000.0,97852000000.0,18315000000.0,MSFT
2024-08-30,410.6529846191406,24308300,7431000000.0,74071000000.0,97852000000.0,18315000000.0,MSFT
2024-09-03,403.0727233886719,20313600,7431000000.0,74071000000.0,97852000000.0,18315000000.0,MSFT
2024-09-04,402.5411376953125,15135800,7431000000.0,74071000000.0,97852000000.0,18315000000.0,MSFT
2024-09-05,402.0390625,14195500,7431000000.0,74071000000.0,97852000000.0,18315000000.0,MSFT
2024-09-06,395.4530334472656,19609500,7431000000.0,74071000000.0,97852000000.0,18315000000.0,MSFT
2024-09-09,399.4105529785156,15295100,7431000000.0,74071000000.0,97852000000.0,18315000000.0,MSFT
2024-09-10,407.7586975097656,19594300,7431000000.0,74071000000.0,97852000000.0,18315000000.0,MSFT
2024-09-11,416.4611511230469,19266900,7431000000.0,74071000000.0,97852000000.0,18315000000.0,MSFT
2024-09-12,420.3595886230469,17395700,7431000000.0,74071000000.0,97852000000.0,18315000000.0,MSFT
2024-09-13,423.8937683105469,15874600,7431000000.0,74071000000.0,97852000000.0,18315000000.0,MSFT
2024-09-16,424.6320495605469,13834700,7431000000.0,74071000000.0,97852000000.0,18315000000.0,MSFT
2024-09-17,428.38287353515625,18874200,7431000000.0,74071000000.0,97852000000.0,18315000000.0,MSFT
2024-09-18,424.1103210449219,18898000,7431000000.0,74071000000.0,97852000000.0,18315000000.0,MSFT
2024-09-19,431.8678283691406,21706600,7431000000.0,74071000000.0,97852000000.0,18315000000.0,MSFT
2024-09-20,428.5009460449219,55167100,7431000000.0,74071000000.0,97852000000.0,18315000000.0,MSFT
2024-09-23,426.7684020996094,15128900,7431000000.0,74071000000.0,97852000000.0,18315000000.0,MSFT
2024-09-24,422.4958190917969,17015800,7431000000.0,74071000000.0,97852000000.0,18315000000.0,MSFT
2024-09-25,425.3901062011719,13396400,7431000000.0,74071000000.0,97852000000.0,18315000000.0,MSFT
2024-09-26,424.6025695800781,14492000,7431000000.0,74071000000.0,97852000000.0,18315000000.0,MSFT
2024-09-27,421.3637390136719,14896100,7431000000.0,74071000000.0,97852000000.0,18315000000.0,MSFT
2024-09-30,423.6082458496094,16807300,7431000000.0,74071000000.0,97852000000.0,18315000000.0,MSFT
2024-10-01,414.1477355957031,19092900,7431000000.0,74071000000.0,97852000000.0,18315000000.0,MSFT
2024-10-02,410.64306640625,16582300,7431000000.0,74071000000.0,97852000000.0,18315000000.0,MSFT
2024-10-03,410.0623168945313,13686400,7431000000.0,74071000000.0,97852000000.0,18315000000.0,MSFT
2024-10-04,409.5896911621094,19169700,7431000000.0,74071000000.0,97852000000.0,18315000000.0,MSFT
2024-10-07,403.1711120605469,20919800,7431000000.0,74071000000.0,97852000000.0,18315000000.0,MSFT
2024-10-08,408.2607421875,19229300,7431000000.0,74071000000.0,97852000000.0,18315000000.0,MSFT
2024-10-09,410.9679565429687,14974300,7431000000.0,74071000000.0,97852000000.0,18315000000.0,MSFT
2024-10-10,409.3731384277344,13848400,7431000000.0,74071000000.0,97852000000.0,18315000000.0,MSFT
2024-10-11,409.8456726074219,14144900,7431000000.0,74071000000.0,97852000000.0,18315000000.0,MSFT
2024-10-14,412.6217651367187,16653100,7431000000.0,74071000000.0,97852000000.0,18315000000.0,MSFT
2024-10-15,412.2280578613281,18900200,7431000000.0,74071000000.0,97852000000.0,18315000000.0,MSFT
2024-10-16,409.6487731933594,15508900,7431000000.0,74071000000.0,97852000000.0,18315000000.0,MSFT
2024-10-17,410.2394409179687,14820000,7431000000.0,74071000000.0,97852000000.0,18315000000.0,MSFT
2024-10-18,411.6571044921875,17145300,7431000000.0,74071000000.0,97852000000.0,18315000000.0,MSFT
2024-10-21,412.2674560546875,14206100,7431000000.0,74071000000.0,97852000000.0,18315000000.0,MSFT
2024-10-22,420.8616943359375,25482200,7431000000.0,74071000000.0,97852000000.0,18315000000.0,MSFT
2024-10-23,417.9968872070313,19654400,7431000000.0,74071000000.0,97852000000.0,18315000000.0,MSFT
2024-10-24,418.1249084472656,13581600,7431000000.0,74071000000.0,97852000000.0,18315000000.0,MSFT
2024-10-25,421.49169921875,16899100,7431000000.0,74071000000.0,97852000000.0,18315000000.0,MSFT
2024-10-28,419.9559631347656,14882400,7431000000.0,74071000000.0,97852000000.0,18315000000.0,MSFT
2024-10-29,425.2326354980469,17644100,7431000000.0,74071000000.0,97852000000.0,18315000000.0,MSFT
2024-10-30,425.8035888671875,29749100,7431000000.0,74071000000.0,97852000000.0,18315000000.0,MSFT
2024-10-31,400.03070068359375,53971000,7431000000.0,74071000000.0,97852000000.0,18315000000.0,MSFT
2024-11-01,403.9881286621094,24230400,7431000000.0,74071000000.0,97852000000.0,18315000000.0,MSFT
2024-11-04,402.10791015625,19672300,7431000000.0,74071000000.0,97852000000.0,18315000000.0,MSFT
2024-11-05,405.0612487792969,17626000,7431000000.0,74071000000.0,97852000000.0,18315000000.0,MSFT
2024-11-06,413.6456298828125,26681800,7431000000.0,74071000000.0,97852000000.0,18315000000.0,MSFT
2024-11-07,418.81396484375,19901800,7431000000.0,74071000000.0,97852000000.0,18315000000.0,MSFT
2024-11-08,415.9689636230469,16891400,7431000000.0,74071000000.0,97852000000.0,18315000000.0,MSFT
2024-11-11,411.5093688964844,24503300,7431000000.0,74071000000.0,97852000000.0,18315000000.0,MSFT
2024-11-12,416.4513244628906,19401200,7431000000.0,74071000000.0,97852000000.0,18315000000.0,MSFT
2024-11-13,418.5875549316406,21502200,7431000000.0,74071000000.0,97852000000.0,18315000000.0,MSFT
2024-11-14,420.2513427734375,30246900,7431000000.0,74071000000.0,97852000000.0,18315000000.0,MSFT
2024-11-15,408.546142578125,28247600,7431000000.0,74071000000.0,97852000000.0,18315000000.0,MSFT
2024-11-18,409.2944030761719,24727000,7431000000.0,74071000000.0,97852000000.0,18315000000.0,MSFT
2024-11-19,411.2928466796875,18133500,7431000000.0,74071000000.0,97852000000.0,18315000000.0,MSFT
2024-11-20,409.028564453125,19191700,7431000000.0,74071000000.0,97852000000.0,18315000000.0,MSFT
2024-11-21,407.2629089355469,20780200,7431000000.0,74071000000.0,97852000000.0,18315000000.0,MSFT
2024-11-22,411.3367919921875,24814600,7431000000.0,74071000000.0,97852000000.0,18315000000.0,MSFT
2024-11-25,413.10247802734375,27691100,7431000000.0,74071000000.0,97852000000.0,18315000000.0,MSFT
2024-11-26,422.1775512695313,23458900,7431000000.0,74071000000.0,97852000000.0,18315000000.0,MSFT
2024-11-27,417.2454223632813,18332400,7431000000.0,74071000000.0,97852000000.0,18315000000.0,MSFT
2024-11-29,417.70904541015625,16271900,7431000000.0,74071000000.0,97852000000.0,18315000000.0,MSFT
2024-12-02,425.1269226074219,20207200,7431000000.0,74071000000.0,97852000000.0,18315000000.0,MSFT
2024-12-03,425.343994140625,18302000,7431000000.0,74071000000.0,97852000000.0,18315000000.0,MSFT
2024-12-04,431.4795227050781,26009400,7431000000.0,74071000000.0,97852000000.0,18315000000.0,MSFT
2024-12-05,436.60888671875,21697800,7431000000.0,74071000000.0,97852000000.0,18315000000.0,MSFT
2024-12-06,437.5459899902344,18821000,7431000000.0,74071000000.0,97852000000.0,18315000000.0,MSFT
2024-12-09,439.9626770019531,19144400,7431000000.0,74071000000.0,97852000000.0,18315000000.0,MSFT
2024-12-10,437.3092041015625,18469500,7431000000.0,74071000000.0,97852000000.0,18315000000.0,MSFT
2024-12-11,442.8923645019531,19200200,7431000000.0,74071000000.0,97852000000.0,18315000000.0,MSFT
2024-12-12,443.45458984375,20834800,7431000000.0,74071000000.0,97852000000.0,18315000000.0,MSFT
2024-12-13,441.1957092285156,20177800,7431000000.0,74071000000.0,97852000000.0,18315000000.0,MSFT
2024-12-16,445.45703125,23598800,7431000000.0,74071000000.0,97852000000.0,18315000000.0,MSFT
2024-12-17,448.2880859375,22733500,7431000000.0,74071000000.0,97852000000.0,18315000000.0,MSFT
2024-12-18,431.4498901367187,24444500,7431000000.0,74071000000.0,97852000000.0,18315000000.0,MSFT
2024-12-19,431.09478759765625,22963700,7431000000.0,74071000000.0,97852000000.0,18315000000.0,MSFT
2024-12-20,430.6705932617187,64263700,7431000000.0,74071000000.0,97852000000.0,18315000000.0,MSFT
2024-12-23,429.3389587402344,19152500,7431000000.0,74071000000.0,97852000000.0,18315000000.0,MSFT
2024-12-24,433.363525390625,7164500,7431000000.0,74071000000.0,97852000000.0,18315000000.0,MSFT
2024-12-26,432.16009521484375,8194200,7431000000.0,74071000000.0,97852000000.0,18315000000.0,MSFT
2024-12-27,424.68304443359375,18117700,7431000000.0,74071000000.0,97852000000.0,18315000000.0,MSFT
2024-12-30,419.0604248046875,13158700,7431000000.0,74071000000.0,97852000000.0,18315000000.0,MSFT
2024-12-31,415.7756958007813,13246500,7431000000.0,74071000000.0,97852000000.0,18315000000.0,MSFT
2025-01-02,412.8953552246094,16896500,7431000000.0,74071000000.0,97852000000.0,18315000000.0,MSFT
2025-01-03,417.6006164550781,16662900,7431000000.0,74071000000.0,97852000000.0,18315000000.0,MSFT
2025-01-06,422.0394287109375,20573600,7431000000.0,74071000000.0,97852000000.0,18315000000.0,MSFT
2025-01-07,416.6339416503906,18139100,7431000000.0,74071000000.0,97852000000.0,18315000000.0,MSFT
2025-01-08,418.7941284179687,15054600,7431000000.0,74071000000.0,97852000000.0,18315000000.0,MSFT
2025-01-10,413.2603454589844,20201100,7431000000.0,74071000000.0,97852000000.0,18315000000.0,MSFT
2025-01-13,411.5242004394531,17604800,7431000000.0,74071000000.0,97852000000.0,18315000000.0,MSFT
2025-01-14,410.02490234375,16935900,7431000000.0,74071000000.0,97852000000.0,18315000000.0,MSFT
2025-01-15,420.5203552246094,19637800,7431000000.0,74071000000.0,97852000000.0,18315000000.0,MSFT
2025-01-16,418.8138122558594,15300000,7431000000.0,74071000000.0,97852000000.0,18315000000.0,MSFT
2025-01-17,423.2033996582031,26197500,7431000000.0,74071000000.0,97852000000.0,18315000000.0,MSFT
2025-01-21,422.6806335449219,26085700,7431000000.0,74071000000.0,97852000000.0,18315000000.0,MSFT
2025-01-22,440.1402587890625,27803800,7431000000.0,74071000000.0,97852000000.0,18315000000.0,MSFT
2025-01-23,440.643310546875,18389300,7431000000.0,74071000000.0,97852000000.0,18315000000.0,MSFT
2025-01-24,438.029296875,15549500,7431000000.0,74071000000.0,97852000000.0,18315000000.0,MSFT
2025-01-27,428.6583557128906,35647800,7431000000.0,74071000000.0,97852000000.0,18315000000.0,MSFT
2025-01-28,441.1266784667969,23491700,7431000000.0,74071000000.0,97852000000.0,18315000000.0,MSFT
2025-01-29,436.32281494140625,23581400,7431000000.0,74071000000.0,97852000000.0,18315000000.0,MSFT
2025-01-30,409.3540954589844,54586300,7431000000.0,74071000000.0,97852000000.0,18315000000.0,MSFT
2025-01-31,409.4231262207031,34161900,7431000000.0,74071000000.0,97852000000.0,18315000000.0,MSFT
2025-02-03,405.33941650390625,25679100,7431000000.0,74071000000.0,97852000000.0,18315000000.0,MSFT
2025-02-04,406.7696838378906,20532100,7431000000.0,74071000000.0,97852000000.0,18315000000.0,MSFT
2025-02-05,407.6772155761719,16316700,7431000000.0,74071000000.0,97852000000.0,18315000000.0,MSFT
2025-02-06,410.1728515625,16309800,7431000000.0,74071000000.0,97852000000.0,18315000000.0,MSFT
2025-02-07,404.185302734375,22886800,7431000000.0,74071000000.0,97852000000.0,18315000000.0,MSFT
2025-02-10,406.62164306640625,20817900,7431000000.0,74071000000.0,97852000000.0,18315000000.0,MSFT
2025-02-11,405.8523559570313,18140600,7431000000.0,74071000000.0,97852000000.0,18315000000.0,MSFT
2025-02-12,403.4849548339844,19121700,7431000000.0,74071000000.0,97852000000.0,18315000000.0,MSFT
2025-02-13,404.9645690917969,23891700,7431000000.0,74071000000.0,97852000000.0,18315000000.0,MSFT
2025-02-14,402.8832092285156,22758500,7431000000.0,74071000000.0,97852000000.0,18315000000.0,MSFT
2025-02-18,404.0767822265625,21423100,7431000000.0,74071000000.0,97852000000.0,18315000000.0,MSFT
2025-02-19,409.1371154785156,24114200,7431000000.0,74071000000.0,97852000000.0,18315000000.0,MSFT
2025-02-20,411.30169677734375,23508700,7431000000.0,74071000000.0,97852000000.0,18315000000.0,MSFT
2025-02-21,403.4735412597656,27524800,7431000000.0,74071000000.0,97852000000.0,18315000000.0,MSFT
2025-02-24,399.31243896484375,26443700,7431000000.0,74071000000.0,97852000000.0,18315000000.0,MSFT
2025-02-25,393.2831726074219,29387400,7431000000.0,74071000000.0,97852000000.0,18315000000.0,MSFT
2025-02-26,395.0919494628906,19619000,7431000000.0,74071000000.0,97852000000.0,18315000000.0,MSFT
2025-02-27,387.97552490234375,21127400,7431000000.0,74071000000.0,97852000000.0,18315000000.0,MSFT
2025-02-28,392.3837890625,32845700,7431000000.0,74071000000.0,97852000000.0,18315000000.0,MSFT
2025-03-03,383.982421875,23007700,7431000000.0,74071000000.0,97852000000.0,18315000000.0,MSFT
2025-03-04,384.1009826660156,29342900,7431000000.0,74071000000.0,97852000000.0,18315000000.0,MSFT
2025-03-05,396.3670043945313,23433100,7431000000.0,74071000000.0,97852000000.0,18315000000.0,MSFT
2025-03-06,392.2849426269531,23304600,7431000000.0,74071000000.0,97852000000.0,18315000000.0,MSFT
2025-03-07,388.7464599609375,22034100,7431000000.0,74071000000.0,97852000000.0,18315000000.0,MSFT
2025-03-10,375.7489929199219,32840100,7431000000.0,74071000000.0,97852000000.0,18315000000.0,MSFT
2025-03-11,376.0357360839844,30380200,7431000000.0,74071000000.0,97852000000.0,18315000000.0,MSFT
2025-03-12,378.8229675292969,24253600,7431000000.0,74071000000.0,97852000000.0,18315000000.0,MSFT
2025-03-13,374.3751831054687,20473000,7431000000.0,74071000000.0,97852000000.0,18315000000.0,MSFT
2025-03-14,384.0515747070313,19952800,7431000000.0,74071000000.0,97852000000.0,18315000000.0,MSFT
2025-03-17,384.1899719238281,22474300,7431000000.0,74071000000.0,97852000000.0,18315000000.0,MSFT
2025-03-18,379.070068359375,19486900,7431000000.0,74071000000.0,97852000000.0,18315000000.0,MSFT
2025-03-19,383.3201599121094,19185500,7431000000.0,74071000000.0,97852000000.0,18315000000.0,MSFT
2025-03-20,382.3515319824219,18470500,7431000000.0,74071000000.0,97852000000.0,18315000000.0,MSFT
2025-03-21,386.72027587890625,39675900,7431000000.0,74071000000.0,97852000000.0,18315000000.0,MSFT
2025-03-24,388.5190734863281,21004500,7431000000.0,74071000000.0,97852000000.0,18315000000.0,MSFT
2025-03-25,390.5750427246094,15775000,7431000000.0,74071000000.0,97852000000.0,18315000000.0,MSFT
2025-03-26,385.44525146484375,16108400,7431000000.0,74071000000.0,97852000000.0,18315000000.0,MSFT
2025-03-27,386.048095703125,13766800,7431000000.0,74071000000.0,97852000000.0,18315000000.0,MSFT
2025-03-28,374.4048156738281,21632000,7431000000.0,74071000000.0,97852000000.0,18315000000.0,MSFT
2025-03-31,371.0343933105469,35184700,7431000000.0,74071000000.0,97852000000.0,18315000000.0,MSFT
2025-04-01,377.7554626464844,19689500,7431000000.0,74071000000.0,97852000000.0,18315000000.0,MSFT
2025-04-02,377.70611572265625,16092600,7431000000.0,74071000000.0,97852000000.0,18315000000.0,MSFT
2025-04-03,368.7808532714844,30198000,7431000000.0,74071000000.0,97852000000.0,18315000000.0,MSFT
2025-04-04,355.6648254394531,49209900,7431000000.0,74071000000.0,97852000000.0,18315000000.0,MSFT
2025-04-07,353.707763671875,50425000,7431000000.0,74071000000.0,97852000000.0,18315000000.0,MSFT
2025-04-08,350.4460754394531,35868900,7431000000.0,74071000000.0,97852000000.0,18315000000.0,MSFT
2025-04-09,385.9591674804687,50199700,7431000000.0,74071000000.0,97852000000.0,18315000000.0,MSFT
2025-04-10,376.9252624511719,38024400,7431000000.0,74071000000.0,97852000000.0,18315000000.0,MSFT
2025-04-11,383.94287109375,23839200,7431000000.0,74071000000.0,97852000000.0,18315000000.0,MSFT
2025-04-14,383.3102722167969,19251200,7431000000.0,74071000000.0,97852000000.0,18315000000.0,MSFT
2025-04-15,381.25439453125,17199900,7431000000.0,74071000000.0,97852000000.0,18315000000.0,MSFT
2025-04-16,367.2981872558594,21967800,7431000000.0,74071000000.0,97852000000.0,18315000000.0,MSFT
2025-04-17,363.5126647949219,21120200,7431000000.0,74071000000.0,97852000000.0,18315000000.0,MSFT
2025-04-21,354.953125,20807300,7431000000.0,74071000000.0,97852000000.0,18315000000.0,MSFT
2025-04-22,362.5638427734375,19485000,7431000000.0,74071000000.0,97852000000.0,18315000000.0,MSFT
2025-04-23,370.0459899902344,20545500,7431000000.0,74071000000.0,97852000000.0,18315000000.0,MSFT
2025-04-24,382.80621337890625,22232300,7431000000.0,74071000000.0,97852000000.0,18315000000.0,MSFT
2025-04-25,387.3034362792969,18973200,7431000000.0,74071000000.0,97852000000.0,18315000000.0,MSFT
2025-04-28,386.6214294433594,16579400,7431000000.0,74071000000.0,97852000000.0,18315000000.0,MSFT
2025-04-29,389.468017578125,14974000,7431000000.0,74071000000.0,97852000000.0,18315000000.0,MSFT
2025-04-30,390.67388916015625,36461100,7431000000.0,74071000000.0,97852000000.0,18315000000.0,MSFT
2025-05-01,420.4641418457031,58938100,7431000000.0,74071000000.0,97852000000.0,18315000000.0,MSFT
2025-05-02,430.2294921875,30757400,7431000000.0,74071000000.0,97852000000.0,18315000000.0,MSFT
2025-05-05,431.1091613769531,20136100,7431000000.0,74071000000.0,97852000000.0,18315000000.0,MSFT
2025-05-06,428.2823181152344,15104200,7431000000.0,74071000000.0,97852000000.0,18315000000.0,MSFT
2025-05-07,428.3218994140625,23295300,7431000000.0,74071000000.0,97852000000.0,18315000000.0,MSFT
2025-05-08,433.08599853515625,23491300,7431000000.0,74071000000.0,97852000000.0,18315000000.0,MSFT
2025-05-09,433.6394958496094,15324200,7431000000.0,74071000000.0,97852000000.0,18315000000.0,MSFT
2025-05-12,444.0472717285156,22821900,7431000000.0,74071000000.0,97852000000.0,18315000000.0,MSFT
2025-05-13,443.9287109375,23618800,7431000000.0,74071000000.0,97852000000.0,18315000000.0,MSFT
2025-05-14,447.6845703125,19902800,7431000000.0,74071000000.0,97852000000.0,18315000000.0,MSFT
2025-05-15,448.6946105957031,21992300,7431000000.0,74071000000.0,97852000000.0,18315000000.0,MSFT
2025-05-16,449.8234252929687,23849800,7431000000.0,74071000000.0,97852000000.0,18315000000.0,MSFT
2025-05-19,454.37841796875,21336500,7431000000.0,74071000000.0,97852000000.0,18315000000.0,MSFT
2025-05-20,453.6852722167969,15441800,7431000000.0,74071000000.0,97852000000.0,18315000000.0,MSFT
2025-05-21,448.1401062011719,19216900,7431000000.0,74071000000.0,97852000000.0,18315000000.0,MSFT
2025-05-22,450.40765380859375,18025600,7431000000.0,74071000000.0,97852000000.0,18315000000.0,MSFT
2025-05-23,445.7734375,16883500,7431000000.0,74071000000.0,97852000000.0,18315000000.0,MSFT
2025-05-27,456.18060302734375,20974300,7431000000.0,74071000000.0,97852000000.0,18315000000.0,MSFT
2025-05-28,452.8831481933594,17086300,7431000000.0,74071000000.0,97852000000.0,18315000000.0,MSFT
2025-05-29,454.1902770996094,13974800,7431000000.0,74071000000.0,97852000000.0,18315000000.0,MSFT
2025-05-30,455.8537902832031,34770500,7431000000.0,74071000000.0,97852000000.0,18315000000.0,MSFT
2025-06-02,457.4480590820313,16626500,7431000000.0,74071000000.0,97852000000.0,18315000000.0,MSFT
2025-06-03,458.4382934570313,15743800,7431000000.0,74071000000.0,97852000000.0,18315000000.0,MSFT
2025-06-04,459.3294677734375,14162700,7431000000.0,74071000000.0,97852000000.0,18315000000.0,MSFT
2025-06-05,463.1022033691406,20131700,7431000000.0,74071000000.0,97852000000.0,18315000000.0,MSFT
2025-06-06,465.7757873535156,15285600,7431000000.0,74071000000.0,97852000000.0,18315000000.0,MSFT
2025-06-09,468.12255859375,16469900,7431000000.0,74071000000.0,97852000000.0,18315000000.0,MSFT
2025-06-10,466.3104553222656,15375900,7431000000.0,74071000000.0,97852000000.0,18315000000.0,MSFT
2025-06-11,467.9938354492187,16399200,7431000000.0,74071000000.0,97852000000.0,18315000000.0,MSFT
2025-06-12,474.1826477050781,18950600,7431000000.0,74071000000.0,97852000000.0,18315000000.0,MSFT
2025-06-13,470.3109436035156,16814500,7431000000.0,74071000000.0,97852000000.0,18315000000.0,MSFT
2025-06-16,474.4499816894531,15626100,7431000000.0,74071000000.0,97852000000.0,18315000000.0,MSFT
2025-06-17,473.36077880859375,15414100,7431000000.0,74071000000.0,97852000000.0,18315000000.0,MSFT
2025-06-18,475.5392150878906,17526500,7431000000.0,74071000000.0,97852000000.0,18315000000.0,MSFT
2025-06-20,472.7270202636719,37576200,7431000000.0,74071000000.0,97852000000.0,18315000000.0,MSFT
2025-06-23,481.2428588867187,24864000,7431000000.0,74071000000.0,97852000000.0,18315000000.0,MSFT
2025-06-24,485.3125915527344,22305600,7431000000.0,74071000000.0,97852000000.0,18315000000.0,MSFT
2025-06-25,487.4514770507813,17495100,7431000000.0,74071000000.0,97852000000.0,18315000000.0,MSFT
2025-06-26,492.580810546875,21578900,7431000000.0,74071000000.0,97852000000.0,18315000000.0,MSFT
2025-06-27,491.0855407714844,34539200,7431000000.0,74071000000.0,97852000000.0,18315000000.0,MSFT
2025-06-30,492.5411376953125,28369000,7433000000.0,71611000000.0,112184000000.0,30242000000.0,MSFT
2025-07-01,487.233642578125,19945400,7433000000.0,71611000000.0,112184000000.0,30242000000.0,MSFT
2025-07-02,486.2830200195313,16319600,7433000000.0,71611000000.0,112184000000.0,30242000000.0,MSFT
2025-07-03,493.9571838378906,13984800,7433000000.0,71611000000.0,112184000000.0,30242000000.0,MSFT
2025-07-07,492.8481140136719,13981600,7433000000.0,71611000000.0,112184000000.0,30242000000.0,MSFT
2025-07-08,491.7588806152344,11846600,7433000000.0,71611000000.0,112184000000.0,30242000000.0,MSFT
2025-07-09,498.58148193359375,18659500,7433000000.0,71611000000.0,112184000000.0,30242000000.0,MSFT
2025-07-10,496.57135009765625,16492100,7433000000.0,71611000000.0,112184000000.0,30242000000.0,MSFT
2025-07-11,498.3933410644531,16459500,7433000000.0,71611000000.0,112184000000.0,30242000000.0,MSFT
2025-07-14,498.0962829589844,12058800,7433000000.0,71611000000.0,112184000000.0,30242000000.0,MSFT
2025-07-15,500.8688659667969,14927200,7433000000.0,71611000000.0,112184000000.0,30242000000.0,MSFT
2025-07-16,500.6708068847656,15154400,7433000000.0,71611000000.0,112184000000.0,30242000000.0,MSFT
2025-07-17,506.6913146972656,17503100,7433000000.0,71611000000.0,112184000000.0,30242000000.0,MSFT
2025-07-18,505.0574340820313,21209700,7433000000.0,71611000000.0,112184000000.0,30242000000.0,MSFT
2025-07-21,505.06732177734375,14066800,7433000000.0,71611000000.0,112184000000.0,30242000000.0,MSFT
2025-07-22,500.32421875,13868600,7433000000.0,71611000000.0,112184000000.0,30242000000.0,MSFT
2025-07-23,500.9183349609375,16396600,7433000000.0,71611000000.0,112184000000.0,30242000000.0,MSFT
2025-07-24,505.87933349609375,16107000,7433000000.0,71611000000.0,112184000000.0,30242000000.0,MSFT
2025-07-25,508.6816101074219,19125700,7433000000.0,71611000000.0,112184000000.0,30242000000.0,MSFT
2025-07-28,507.48345947265625,14308000,7433000000.0,71611000000.0,112184000000.0,30242000000.0,MSFT
2025-07-29,507.5527648925781,16469200,7433000000.0,71611000000.0,112184000000.0,30242000000.0,MSFT
2025-07-30,508.2162170410156,26380400,7433000000.0,71611000000.0,112184000000.0,30242000000.0,MSFT
2025-07-31,528.2778930664062,51617300,7433000000.0,71611000000.0,112184000000.0,30242000000.0,MSFT
2025-08-01,518.9797973632812,28977600,7433000000.0,71611000000.0,112184000000.0,30242000000.0,MSFT
2025-08-04,530.39697265625,25349000,7433000000.0,71611000000.0,112184000000.0,30242000000.0,MSFT
2025-08-05,522.5841674804688,19171600,7433000000.0,71611000000.0,112184000000.0,30242000000.0,MSFT
2025-08-06,519.8016967773438,21355700,7433000000.0,71611000000.0,112184000000.0,30242000000.0,MSFT
2025-08-07,515.7418823242188,16079100,7433000000.0,71611000000.0,112184000000.0,30242000000.0,MSFT
2025-08-08,516.9300537109375,15531000,7433000000.0,71611000000.0,112184000000.0,30242000000.0,MSFT
2025-08-11,516.6627197265625,20194400,7433000000.0,71611000000.0,112184000000.0,30242000000.0,MSFT
2025-08-12,524.0595703125,18667000,7433000000.0,71611000000.0,112184000000.0,30242000000.0,MSFT
2025-08-13,515.484375,19619200,7433000000.0,71611000000.0,112184000000.0,30242000000.0,MSFT
2025-08-14,517.36572265625,20269100,7433000000.0,71611000000.0,112184000000.0,30242000000.0,MSFT
2025-08-15,515.078369140625,25213300,7433000000.0,71611000000.0,112184000000.0,30242000000.0,MSFT
2025-08-18,512.0384521484375,23760600,7433000000.0,71611000000.0,112184000000.0,30242000000.0,MSFT
2025-08-19,504.7801818847656,21481000,7433000000.0,71611000000.0,112184000000.0,30242000000.0,MSFT
2025-08-20,500.7698669433594,27723000,7433000000.0,71611000000.0,112184000000.0,30242000000.0,MSFT
2025-08-21,500.1251525878906,18443300,7433000000.0,71611000000.0,112184000000.0,30242000000.0,MSFT
2025-08-22,503.09075927734375,24324200,7433000000.0,71611000000.0,112184000000.0,30242000000.0,MSFT
2025-08-25,500.14495849609375,21638600,7433000000.0,71611000000.0,112184000000.0,30242000000.0,MSFT
2025-08-26,497.9430847167969,30835700,7433000000.0,71611000000.0,112184000000.0,30242000000.0,MSFT
2025-08-27,502.6047668457031,17277900,7433000000.0,71611000000.0,112184000000.0,30242000000.0,MSFT
2025-08-28,505.4810791015625,18015600,7433000000.0,71611000000.0,112184000000.0,30242000000.0,MSFT
2025-08-29,502.5551452636719,20961600,7433000000.0,71611000000.0,112184000000.0,30242000000.0,MSFT
2025-09-02,500.9979553222656,18128000,7433000000.0,71611000000.0,112184000000.0,30242000000.0,MSFT
2025-09-03,501.22607421875,16345100,7433000000.0,71611000000.0,112184000000.0,30242000000.0,MSFT
2025-09-04,503.82470703125,15509500,7433000000.0,71611000000.0,112184000000.0,30242000000.0,MSFT
2025-09-05,490.9605407714844,31994800,7433000000.0,71611000000.0,112184000000.0,30242000000.0,MSFT
2025-09-08,494.1344604492187,16771000,7433000000.0,71611000000.0,112184000000.0,30242000000.0,MSFT
2025-09-09,494.34271240234375,14410500,7433000000.0,71611000000.0,112184000000.0,30242000000.0,MSFT
2025-09-10,496.2867126464844,21611800,7433000000.0,71611000000.0,112184000000.0,30242000000.0,MSFT
2025-09-11,496.9215087890625,18881600,7433000000.0,71611000000.0,112184000000.0,30242000000.0,MSFT
2025-09-12,505.7389221191406,23624900,7433000000.0,71611000000.0,112184000000.0,30242000000.0,MSFT
2025-09-15,511.1543884277344,17143800,7433000000.0,71611000000.0,112184000000.0,30242000000.0,MSFT
2025-09-16,504.8859558105469,19711900,7433000000.0,71611000000.0,112184000000.0,30242000000.0,MSFT
2025-09-17,505.8579406738281,15816600,7433000000.0,71611000000.0,112184000000.0,30242000000.0,MSFT
2025-09-18,504.3008117675781,18913700,7433000000.0,71611000000.0,112184000000.0,30242000000.0,MSFT
2025-09-19,513.703369140625,52474100,7433000000.0,71611000000.0,112184000000.0,30242000000.0,MSFT
2025-09-22,510.25189208984375,20009300,7433000000.0,71611000000.0,112184000000.0,30242000000.0,MSFT
2025-09-23,505.0744323730469,19799600,7433000000.0,71611000000.0,112184000000.0,30242000000.0,MSFT
2025-09-24,505.9869079589844,13533700,7433000000.0,71611000000.0,112184000000.0,30242000000.0,MSFT
2025-09-25,502.8923645019531,15786500,7433000000.0,71611000000.0,112184000000.0,30242000000.0,MSFT
2025-09-26,507.28619384765625,16213100,7433000000.0,71611000000.0,112184000000.0,30242000000.0,MSFT
2025-09-29,510.4005432128906,17617800,7433000000.0,71611000000.0,112184000000.0,30242000000.0,MSFT
2025-09-30,513.7232666015625,19728200,7433000000.0,71611000000.0,112184000000.0,30242000000.0,MSFT
2025-10-01,515.4689331054688,22632300,7433000000.0,71611000000.0,112184000000.0,30242000000.0,MSFT
2025-10-02,511.53131103515625,21222900,7433000000.0,71611000000.0,112184000000.0,30242000000.0,MSFT
2025-10-03,513.1281127929688,15112300,7433000000.0,71611000000.0,112184000000.0,30242000000.0,MSFT
2025-10-06,524.256591796875,21388600,7433000000.0,71611000000.0,112184000000.0,30242000000.0,MSFT
2025-10-07,519.7039794921875,14615200,7433000000.0,71611000000.0,112184000000.0,30242000000.0,MSFT
2025-10-08,520.56689453125,13363400,7433000000.0,71611000000.0,112184000000.0,30242000000.0,MSFT
2025-10-09,518.136962890625,18343600,7433000000.0,71611000000.0,112184000000.0,30242000000.0,MSFT
2025-10-10,506.790283203125,24133800,7433000000.0,71611000000.0,112184000000.0,30242000000.0,MSFT
2025-10-13,509.8550720214844,14284200,7433000000.0,71611000000.0,112184000000.0,30242000000.0,MSFT
2025-10-14,509.3790283203125,14684300,7433000000.0,71611000000.0,112184000000.0,30242000000.0,MSFT
2025-10-15,509.2401428222656,14694700,7433000000.0,71611000000.0,112184000000.0,30242000000.0,MSFT
2025-10-16,507.4349670410156,15559600,7433000000.0,71611000000.0,112184000000.0,30242000000.0,MSFT
2025-10-17,509.3888854980469,19867800,7433000000.0,71611000000.0,112184000000.0,30242000000.0,MSFT
2025-10-20,512.57275390625,14665600,7433000000.0,71611000000.0,112184000000.0,30242000000.0,MSFT
2025-10-21,513.4356079101562,15586200,7433000000.0,71611000000.0,112184000000.0,30242000000.0,MSFT
2025-10-22,516.2921142578125,18962700,7433000000.0,71611000000.0,112184000000.0,30242000000.0,MSFT
2025-10-23,516.3118896484375,14023500,7433000000.0,71611000000.0,112184000000.0,30242000000.0,MSFT
2025-10-24,519.3370971679688,15532400,7433000000.0,71611000000.0,112184000000.0,30242000000.0,MSFT
2025-10-27,527.1824951171875,18734700,7433000000.0,71611000000.0,112184000000.0,30242000000.0,MSFT
2025-10-28,537.6463623046875,29986700,7433000000.0,71611000000.0,112184000000.0,30242000000.0,MSFT
2025-10-29,537.130615234375,36023000,7433000000.0,71611000000.0,112184000000.0,30242000000.0,MSFT
2025-10-30,521.469482421875,41023100,7433000000.0,71611000000.0,112184000000.0,30242000000.0,MSFT
2025-10-31,513.5844116210938,34006400,7433000000.0,71611000000.0,112184000000.0,30242000000.0,MSFT
2025-11-03,512.810791015625,22374700,7433000000.0,71611000000.0,112184000000.0,30242000000.0,MSFT
2025-11-04,510.1327819824219,20958700,7433000000.0,71611000000.0,112184000000.0,30242000000.0,MSFT
2025-11-05,503.0213012695313,23024300,7433000000.0,71611000000.0,112184000000.0,30242000000.0,MSFT
2025-11-06,493.04339599609375,27406500,7433000000.0,71611000000.0,112184000000.0,30242000000.0,MSFT
2025-11-07,492.76568603515625,24019800,7433000000.0,71611000000.0,112184000000.0,30242000000.0,MSFT
2025-11-10,501.8707885742187,26101500,7433000000.0,71611000000.0,112184000000.0,30242000000.0,MSFT
2025-11-11,504.5289001464844,17980000,7433000000.0,71611000000.0,112184000000.0,30242000000.0,MSFT
2025-11-12,506.9688415527344,26574900,7433000000.0,71611000000.0,112184000000.0,30242000000.0,MSFT
2025-11-13,499.1828918457031,25273100,7433000000.0,71611000000.0,112184000000.0,30242000000.0,MSFT
2025-11-14,506.0166320800781,28505700,7433000000.0,71611000000.0,112184000000.0,30242000000.0,MSFT
2025-11-17,503.3486328125,19092800,7433000000.0,71611000000.0,112184000000.0,30242000000.0,MSFT
2025-11-18,489.7604064941406,33815100,7433000000.0,71611000000.0,112184000000.0,30242000000.0,MSFT
2025-11-19,483.1448364257813,23245300,7433000000.0,71611000000.0,112184000000.0,30242000000.0,MSFT
2025-11-20,475.4138793945313,26802500,7433000000.0,71611000000.0,112184000000.0,30242000000.0,MSFT
2025-11-21,469.1436462402344,31769200,7433000000.0,71611000000.0,112184000000.0,30242000000.0,MSFT
2025-11-24,471.0118103027344,34421000,7433000000.0,71611000000.0,112184000000.0,30242000000.0,MSFT
2025-11-25,473.98297119140625,28019800,7433000000.0,71611000000.0,112184000000.0,30242000000.0,MSFT
2025-11-26,482.4393310546875,25709100,7433000000.0,71611000000.0,112184000000.0,30242000000.0,MSFT
2025-11-28,488.9082946777344,14386700,7433000000.0,71611000000.0,112184000000.0,30242000000.0,MSFT
2025-12-01,483.6714782714844,23964000,7433000000.0,71611000000.0,112184000000.0,30242000000.0,MSFT
2025-12-02,486.9109497070313,19562700,7433000000.0,71611000000.0,112184000000.0,30242000000.0,MSFT
2025-12-03,474.7182922363281,34615100,7433000000.0,71611000000.0,112184000000.0,30242000000.0,MSFT
2025-12-04,477.8087158203125,22318200,7433000000.0,71611000000.0,112184000000.0,30242000000.0,MSFT
2025-12-05,480.1140747070313,22608700,7433000000.0,71611000000.0,112184000000.0,30242000000.0,MSFT
2025-12-08,487.9244995117187,21965900,7433000000.0,71611000000.0,112184000000.0,30242000000.0,MSFT
2025-12-09,488.918212890625,14696100,7433000000.0,71611000000.0,112184000000.0,30242000000.0,MSFT
2025-12-10,475.5430603027344,35756200,7433000000.0,71611000000.0,112184000000.0,30242000000.0,MSFT
2025-12-11,480.4221496582031,24669200,7433000000.0,71611000000.0,112184000000.0,30242000000.0,MSFT
2025-12-12,475.5132751464844,21248100,7433000000.0,71611000000.0,112184000000.0,30242000000.0,MSFT
2025-12-15,471.82666015625,23727700,7433000000.0,71611000000.0,112184000000.0,30242000000.0,MSFT
2025-12-16,473.38677978515625,20705600,7433000000.0,71611000000.0,112184000000.0,30242000000.0,MSFT
2025-12-17,473.1184387207031,24527200,7433000000.0,71611000000.0,112184000000.0,30242000000.0,MSFT
2025-12-18,480.9289245605469,28573500,7433000000.0,71611000000.0,112184000000.0,30242000000.0,MSFT
2025-12-19,482.856689453125,70836100,7433000000.0,71611000000.0,112184000000.0,30242000000.0,MSFT
2025-12-22,481.8629760742187,16963000,7433000000.0,71611000000.0,112184000000.0,30242000000.0,MSFT
2025-12-23,483.7807922363281,14683600,7433000000.0,71611000000.0,112184000000.0,30242000000.0,MSFT
2025-12-24,484.94342041015625,5855900,7433000000.0,71611000000.0,112184000000.0,30242000000.0,MSFT
2025-12-26,484.6354064941406,8842200,7433000000.0,71611000000.0,112184000000.0,30242000000.0,MSFT
2025-12-29,484.02923583984375,10893400,7433000000.0,71611000000.0,112184000000.0,30242000000.0,MSFT
2025-12-30,484.4068603515625,13944500,7433000000.0,71611000000.0,112184000000.0,30242000000.0,MSFT
2025-12-31,480.5711669921875,15601600,7433000000.0,71611000000.0,112184000000.0,30242000000.0,MSFT
2026-01-02,469.95849609375,25571600,7433000000.0,71611000000.0,112184000000.0,30242000000.0,MSFT
2026-01-05,469.86907958984375,25250300,7433000000.0,71611000000.0,112184000000.0,30242000000.0,MSFT
2026-01-06,475.4933776855469,23037700,7433000000.0,71611000000.0,112184000000.0,30242000000.0,MSFT
2026-01-07,480.4221496582031,25564200,7433000000.0,71611000000.0,112184000000.0,30242000000.0,MSFT
2026-01-08,475.0959167480469,18162600,7433000000.0,71611000000.0,112184000000.0,30242000000.0,MSFT
2026-01-09,476.258544921875,18491000,7433000000.0,71611000000.0,112184000000.0,30242000000.0,MSFT
2026-01-12,474.1717529296875,23519900,7433000000.0,71611000000.0,112184000000.0,30242000000.0,MSFT
2026-01-13,467.7028198242187,28545800,7433000000.0,71611000000.0,112184000000.0,30242000000.0,MSFT
2026-01-14,456.4840087890625,28184300,7433000000.0,71611000000.0,112184000000.0,30242000000.0,MSFT
2026-01-15,453.7811279296875,23225800,7433000000.0,71611000000.0,112184000000.0,30242000000.0,MSFT
2026-01-16,456.9609375,34246700,7433000000.0,71611000000.0,112184000000.0,30242000000.0,MSFT
2026-01-20,451.6546020507813,26130000,7433000000.0,71611000000.0,112184000000.0,30242000000.0,MSFT
2026-01-21,441.3102111816406,37980500,7433000000.0,71611000000.0,112184000000.0,30242000000.0,MSFT
2026-01-22,448.29595947265625,25349400,7433000000.0,71611000000.0,112184000000.0,30242000000.0,MSFT
2026-01-23,463.0125732421875,38000200,7433000000.0,71611000000.0,112184000000.0,30242000000.0,MSFT
2026-01-26,467.3152770996094,29291200,7433000000.0,71611000000.0,112184000000.0,30242000000.0,MSFT
2026-01-27,477.5503234863281,29213900,7433000000.0,71611000000.0,112184000000.0,30242000000.0,MSFT
2026-01-28,478.5937194824219,36875400,7433000000.0,71611000000.0,112184000000.0,30242000000.0,MSFT
2026-01-29,430.76715087890625,128855300,7433000000.0,71611000000.0,112184000000.0,30242000000.0,MSFT
2026-01-30,427.577392578125,58566800,7433000000.0,71611000000.0,112184000000.0,30242000000.0,MSFT
2026-02-02,420.7009887695313,42219900,7433000000.0,71611000000.0,112184000000.0,30242000000.0,MSFT
2026-02-03,408.61767578125,61424100,7433000000.0,71611000000.0,112184000000.0,30242000000.0,MSFT
2026-02-04,411.5788879394531,45012400,7433000000.0,71611000000.0,112184000000.0,30242000000.0,MSFT
2026-02-05,391.1882629394531,66289200,7433000000.0,71611000000.0,112184000000.0,30242000000.0,MSFT
2026-02-06,398.6111755371094,53515300,7433000000.0,71611000000.0,112184000000.0,30242000000.0,MSFT
2026-02-09,410.99261474609375,45480500,7433000000.0,71611000000.0,112184000000.0,30242000000.0,MSFT
2026-02-10,410.6646423339844,44857900,7433000000.0,71611000000.0,112184000000.0,30242000000.0,MSFT
2026-02-11,401.8207702636719,42491000,7433000000.0,71611000000.0,112184000000.0,30242000000.0,MSFT
2026-02-12,399.3067626953125,40802400,7433000000.0,71611000000.0,112184000000.0,30242000000.0,MSFT
2026-02-13,398.7900085449219,34091600,7433000000.0,71611000000.0,112184000000.0,30242000000.0,MSFT
2026-02-17,394.3581237792969,32078800,7433000000.0,71611000000.0,112184000000.0,30242000000.0,MSFT
2026-02-18,397.0808410644531,23223400,7433000000.0,71611000000.0,112184000000.0,30242000000.0,MSFT
2026-02-19,396.8517761230469,28234000,7433000000.0,71611000000.0,112184000000.0,30242000000.0,MSFT
2026-02-20,395.6267395019531,34015200,7433000000.0,71611000000.0,112184000000.0,30242000000.0,MSFT
2026-02-23,382.9182434082031,43238300,7433000000.0,71611000000.0,112184000000.0,30242000000.0,MSFT
2026-02-24,387.429931640625,33884700,7433000000.0,71611000000.0,112184000000.0,30242000000.0,MSFT
2026-02-25,398.9831237792969,43625500,7433000000.0,71611000000.0,112184000000.0,30242000000.0,MSFT
2026-02-26,400.0986022949219,34405900,7433000000.0,71611000000.0,112184000000.0,30242000000.0,MSFT
2026-02-27,391.15484619140625,51367200,7433000000.0,71611000000.0,112184000000.0,30242000000.0,MSFT
2026-03-02,396.9413757324219,35474900,7433000000.0,71611000000.0,112184000000.0,30242000000.0,MSFT
2026-03-03,402.2996826171875,38199200,7433000000.0,71611000000.0,112184000000.0,30242000000.0,MSFT
2026-03-04,403.5645751953125,35808000,7433000000.0,71611000000.0,112184000000.0,30242000000.0,MSFT
2026-03-05,409.0224304199219,39001300,7433000000.0,71611000000.0,112184000000.0,30242000000.0,MSFT
2026-03-06,407.3093872070313,31123900,7433000000.0,71611000000.0,112184000000.0,30242000000.0,MSFT
2026-03-09,407.757568359375,30131900,7433000000.0,71611000000.0,112184000000.0,30242000000.0,MSFT
2026-03-10,404.122314453125,31706400,7433000000.0,71611000000.0,112184000000.0,30242000000.0,MSFT
2026-03-11,403.245849609375,25512100,7433000000.0,71611000000.0,112184000000.0,30242000000.0,MSFT
2026-03-12,400.2380065917969,27263900,7433000000.0,71611000000.0,112184000000.0,30242000000.0,MSFT
2026-03-13,393.9534912109375,26848000,7433000000.0,71611000000.0,112184000000.0,30242000000.0,MSFT
2026-03-16,398.3357543945313,27733700,7433000000.0,71611000000.0,112184000000.0,30242000000.0,MSFT
2026-03-17,397.7979431152344,26228300,7433000000.0,71611000000.0,112184000000.0,30242000000.0,MSFT
2026-03-18,390.2086791992187,25908500,7433000000.0,71611000000.0,112184000000.0,30242000000.0,MSFT
2026-03-19,387.4498596191406,25138800,7433000000.0,71611000000.0,112184000000.0,30242000000.0,MSFT
2026-03-20,380.3287048339844,50853200,7433000000.0,71611000000.0,112184000000.0,30242000000.0,MSFT
2026-03-23,381.4541931152344,29680100,7433000000.0,71611000000.0,112184000000.0,30242000000.0,MSFT
2026-03-24,371.2355651855469,42733600,7433000000.0,71611000000.0,112184000000.0,30242000000.0,MSFT
2026-03-25,369.5424499511719,31181200,7433000000.0,71611000000.0,112184000000.0,30242000000.0,MSFT
2026-03-26,364.4928894042969,36836600,7433000000.0,71611000000.0,112184000000.0,30242000000.0,MSFT
2026-03-27,355.3300476074219,37883400,7433000000.0,71611000000.0,112184000000.0,30242000000.0,MSFT
2026-03-30,357.5111999511719,44797000,7433000000.0,71611000000.0,112184000000.0,30242000000.0,MSFT
2026-03-31,368.6759643554687,45244400,7433000000.0,71611000000.0,112184000000.0,30242000000.0,MSFT
2026-04-01,367.8791809082031,29417200,7433000000.0,71611000000.0,112184000000.0,30242000000.0,MSFT
2026-04-02,371.9526672363281,24099100,7433000000.0,71611000000.0,112184000000.0,30242000000.0,MSFT
2026-04-06,371.3750305175781,16146600,7433000000.0,71611000000.0,112184000000.0,30242000000.0,MSFT
2026-04-07,370.7874145507813,21443300,7433000000.0,71611000000.0,112184000000.0,30242000000.0,MSFT
2026-04-08,372.8191223144531,33064800,7433000000.0,71611000000.0,112184000000.0,30242000000.0,MSFT
2026-04-09,371.5642395019531,30435300,7433000000.0,71611000000.0,112184000000.0,30242000000.0,MSFT
2026-04-10,369.37310791015625,28111100,7433000000.0,71611000000.0,112184000000.0,30242000000.0,MSFT
2026-04-13,382.8186340332031,35745800,7433000000.0,71611000000.0,112184000000.0,30242000000.0,MSFT
2026-04-14,391.5233459472656,37504500,7433000000.0,71611000000.0,112184000000.0,30242000000.0,MSFT
2026-04-15,409.5602722167969,45063400,7433000000.0,71611000000.0,112184000000.0,30242000000.0,MSFT
2026-04-16,418.5637817382813,41642400,7433000000.0,71611000000.0,112184000000.0,30242000000.0,MSFT
2026-04-17,421.0835876464844,48568200,7433000000.0,71611000000.0,112184000000.0,30242000000.0,MSFT
2026-04-20,416.3826293945313,27582200,7433000000.0,71611000000.0,112184000000.0,30242000000.0,MSFT
2026-04-21,422.4480285644531,32048500,7433000000.0,71611000000.0,112184000000.0,30242000000.0,MSFT
2026-04-22,431.1726989746094,29378200,7433000000.0,71611000000.0,112184000000.0,30242000000.0,MSFT
2026-04-23,414.0719909667969,38308000,7433000000.0,71611000000.0,112184000000.0,30242000000.0,MSFT
2026-04-24,422.90618896484375,27457400,7433000000.0,71611000000.0,112184000000.0,30242000000.0,MSFT
2026-04-27,423.1053771972656,30867300,7433000000.0,71611000000.0,112184000000.0,30242000000.0,MSFT
2026-04-28,427.5174865722656,30438100,7433000000.0,71611000000.0,112184000000.0,30242000000.0,MSFT
2026-04-29,422.746826171875,38288300,7433000000.0,71611000000.0,112184000000.0,30242000000.0,MSFT
2026-04-30,406.1341552734375,70909400,7433000000.0,71611000000.0,112184000000.0,30242000000.0,MSFT
2026-05-01,412.7672729492187,31372400,7433000000.0,71611000000.0,112184000000.0,30242000000.0,MSFT
2026-05-04,411.9505615234375,28066500,7433000000.0,71611000000.0,112184000000.0,30242000000.0,MSFT
2026-05-05,409.7196044921875,25700900,7433000000.0,71611000000.0,112184000000.0,30242000000.0,MSFT
2026-05-06,412.2891845703125,30285900,7433000000.0,71611000000.0,112184000000.0,30242000000.0,MSFT
2026-05-07,419.07171630859375,34942400,7433000000.0,71611000000.0,112184000000.0,30242000000.0,MSFT
2026-05-08,413.4445190429687,33383800,7433000000.0,71611000000.0,112184000000.0,30242000000.0,MSFT
2026-05-11,410.9944458007813,35657900,7433000000.0,71611000000.0,112184000000.0,30242000000.0,MSFT
2026-05-12,406.1241760253906,38594200,7433000000.0,71611000000.0,112184000000.0,30242000000.0,MSFT
2026-05-13,403.5745239257813,29667100,7433000000.0,71611000000.0,112184000000.0,30242000000.0,MSFT
2026-05-14,407.7774658203125,27077500,7433000000.0,71611000000.0,112184000000.0,30242000000.0,MSFT
2026-05-15,420.2170715332031,50771200,7433000000.0,71611000000.0,112184000000.0,30242000000.0,MSFT
2026-05-18,421.83056640625,32564100,7433000000.0,71611000000.0,112184000000.0,30242000000.0,MSFT
2026-05-19,415.7352600097656,33018700,7433000000.0,71611000000.0,112184000000.0,30242000000.0,MSFT
2026-05-20,419.3605346679687,27864000,7433000000.0,71611000000.0,112184000000.0,30242000000.0,MSFT
2026-05-21,418.3025207519531,31393500,7433000000.0,71611000000.0,112184000000.0,30242000000.0,MSFT
2026-05-22,417.7835388183594,22390300,7433000000.0,71611000000.0,112184000000.0,30242000000.0,MSFT
2026-05-26,415.248291015625,30398000,7433000000.0,71611000000.0,112184000000.0,30242000000.0,MSFT
2026-05-27,411.8946228027344,28901500,7433000000.0,71611000000.0,112184000000.0,30242000000.0,MSFT
2026-05-28,426.1876831054687,47250500,7433000000.0,71611000000.0,112184000000.0,30242000000.0,MSFT
2026-05-29,449.3940124511719,79654400,7433000000.0,71611000000.0,112184000000.0,30242000000.0,MSFT
2026-06-01,459.6546936035156,53628900,7433000000.0,71611000000.0,112184000000.0,30242000000.0,MSFT
2026-06-02,440.4807739257813,37036800,7433000000.0,71611000000.0,112184000000.0,30242000000.0,MSFT
2026-06-03,426.53704833984375,39037000,7433000000.0,71611000000.0,112184000000.0,30242000000.0,MSFT
2026-06-04,427.2456970214844,26899500,7433000000.0,71611000000.0,112184000000.0,30242000000.0,MSFT
2026-06-05,415.8870849609375,34782200,7433000000.0,71611000000.0,112184000000.0,30242000000.0,MSFT
2026-06-08,410.9663391113281,32086700,7433000000.0,71611000000.0,112184000000.0,30242000000.0,MSFT
2026-06-09,402.6520080566406,35317300,7433000000.0,71611000000.0,112184000000.0,30242000000.0,MSFT
2026-06-10,396.61334228515625,32576000,7433000000.0,71611000000.0,112184000000.0,30242000000.0,MSFT
2026-06-11,389.6065673828125,47224100,7433000000.0,71611000000.0,112184000000.0,30242000000.0,MSFT
2026-06-12,390.00579833984375,34865800,7433000000.0,71611000000.0,112184000000.0,30242000000.0,MSFT
2026-06-15,399.0088806152344,32266400,7433000000.0,71611000000.0,112184000000.0,30242000000.0,MSFT
2026-06-16,393.0899963378906,31506800,7433000000.0,71611000000.0,112184000000.0,30242000000.0,MSFT
2026-06-17,378.1980285644531,41987800,7433000000.0,71611000000.0,112184000000.0,30242000000.0,MSFT
2026-06-18,378.6871032714844,59714200,7433000000.0,71611000000.0,112184000000.0,30242000000.0,MSFT
2026-06-22,366.6497802734375,45171100,7433000000.0,71611000000.0,112184000000.0,30242000000.0,MSFT
2026-06-23,373.23736572265625,40647600,7433000000.0,71611000000.0,112184000000.0,30242000000.0,MSFT
2026-06-24,364.7733154296875,44509900,7433000000.0,71611000000.0,112184000000.0,30242000000.0,MSFT
2026-06-25,352.1670227050781,66179000,7433000000.0,71611000000.0,112184000000.0,30242000000.0,MSFT
2026-06-26,372.2691955566406,186201600,7433000000.0,71611000000.0,112184000000.0,30242000000.0,MSFT
2026-06-29,367.8774719238281,51229900,7433000000.0,71611000000.0,112184000000.0,30242000000.0,MSFT
2026-06-30,372.319091796875,44945700,7429000000.0,66987000000.0,128808300000.0,20935000000.0,MSFT
2026-07-01,383.5579528808594,48065800,7429000000.0,66987000000.0,128808300000.0,20935000000.0,MSFT
2026-07-02,389.7562561035156,42128900,7429000000.0,66987000000.0,128808300000.0,20935000000.0,MSFT
2026-07-06,386.0133056640625,34224500,7429000000.0,66987000000.0,128808300000.0,20935000000.0,MSFT
2026-07-07,388.109375,29297500,7429000000.0,66987000000.0,128808300000.0,20935000000.0,MSFT
2026-07-08,382.6197204589844,25908300,7429000000.0,66987000000.0,128808300000.0,20935000000.0,MSFT
2026-07-09,383.6377868652344,31083200,7429000000.0,66987000000.0,128808300000.0,20935000000.0,MSFT
2026-07-10,384.37640380859375,24644600,7429000000.0,66987000000.0,128808300000.0,20935000000.0,MSFT
2026-07-13,390.2553405761719,28914900,7429000000.0,66987000000.0,128808300000.0,20935000000.0,MSFT
2026-07-14,384.2067260742187,27863900,7429000000.0,66987000000.0,128808300000.0,20935000000.0,MSFT
2026-07-15,394.8866271972656,36253700,7429000000.0,66987000000.0,128808300000.0,20935000000.0,MSFT
2026-07-16,400.3463439941406,37047400,7429000000.0,66987000000.0,128808300000.0,20935000000.0,MSFT
2026-07-17,393.08001708984375,33049800,7429000000.0,66987000000.0,128808300000.0,20935000000.0,MSFT
2026-07-20,401.53411865234375,27915800,7429000000.0,66987000000.0,128808300000.0,20935000000.0,MSFT
2026-07-21,397.0026245117187,24126600,7429000000.0,66987000000.0,128808300000.0,20935000000.0,MSFT
2026-07-22,389.6065673828125,28142500,7429000000.0,66987000000.0,128808300000.0,20935000000.0,MSFT
2026-07-23,380.8630065917969,30351800,7429000000.0,66987000000.0,128808300000.0,20935000000.0,MSFT
2026-07-24,380.9828186035156,27659400,7429000000.0,66987000000.0,128808300000.0,20935000000.0,MSFT
2026-07-27,388.368896484375,27856200,7429000000.0,66987000000.0,128808300000.0,20935000000.0,MSFT
2026-07-28,392.61090087890625,32367500,7429000000.0,66987000000.0,128808300000.0,20935000000.0,MSFT
2026-07-29,389.8061828613281,47209000,7429000000.0,66987000000.0,128808300000.0,20935000000.0,MSFT
2026-07-30,450.2524108886719,110160700,7429000000.0,66987000000.0,128808300000.0,20935000000.0,MSFT
2026-07-31,463.8468017578125,60846000,7429000000.0,66987000000.0,128808300000.0,20935000000.0,MSFT
2026-08-03,486.7337036132813,66762100,7429000000.0,66987000000.0,128808300000.0,20935000000.0,MSFT
2026-08-04,491.884033203125,50455500,7429000000.0,66987000000.0,128808300000.0,20935000000.0,MSFT
2026-08-05,486.5440673828125,33388900,7429000000.0,66987000000.0,128808300000.0,20935000000.0,MSFT
2026-08-06,498.9207458496094,36441500,7429000000.0,66987000000.0,128808300000.0,20935000000.0,MSFT
2026-08-07,499.0505065917969,28846200,7429000000.0,66987000000.0,128808300000.0,20935000000.0,MSFT
2026-08-10,505.109130859375,31206100,7429000000.0,66987000000.0,128808300000.0,20935000000.0,MSFT
2026-08-11,502.86334228515625,23049800,7429000000.0,66987000000.0,128808300000.0,20935000000.0,MSFT
2026-08-12,491.5047302246094,29001500,7429000000.0,66987000000.0,128808300000.0,20935000000.0,MSFT
2026-08-13,495.9463806152344,23039000,7429000000.0,66987000000.0,128808300000.0,20935000000.0,MSFT
2026-08-14,494.4691467285156,16217600,7429000000.0,66987000000.0,128808300000.0,20935000000.0,MSFT
2026-08-17,479.4474487304687,29635800,7429000000.0,66987000000.0,128808300000.0,20935000000.0,MSFT
2026-08-18,480.72503662109375,24087600,7429000000.0,66987000000.0,128808300000.0,20935000000.0,MSFT
2026-08-19,483.3999938964844,19961900,7429000000.0,66987000000.0,128808300000.0,20935000000.0,MSFT
2026-08-20,481.1499938964844,20020800,7429000000.0,66987000000.0,128808300000.0,20935000000.0,MSFT
2026-08-21,483.239990234375,22510800,7429000000.0,66987000000.0,128808300000.0,20935000000.0,MSFT
2026-08-24,487.30999755859375,17230800,7429000000.0,66987000000.0,128808300000.0,20935000000.0,MSFT
2026-08-25,491.7099914550781,19519000,7429000000.0,66987000000.0,128808300000.0,20935000000.0,MSFT
2026-08-26,496.3699951171875,20758900,7429000000.0,66987000000.0,128808300000.0,20935000000.0,MSFT
2026-08-27,505.05999755859375,28688800,7429000000.0,66987000000.0,128808300000.0,20935000000.0,MSFT
2026-08-28,513.530029296875,29207300,7429000000.0,66987000000.0,128808300000.0,20935000000.0,MSFT
2026-08-31,507.2900085449219,27208900,7429000000.0,66987000000.0,128808300000.0,20935000000.0,MSFT
2026-09-01,501.0199890136719,21046900,7429000000.0,66987000000.0,128808300000.0,20935000000.0,MSFT
2026-09-02,496.8200073242187,15323000,7429000000.0,66987000000.0,128808300000.0,20935000000.0,MSFT
