date,close,volume,sharesOutstanding,freeCashFlow,totalDebt,cashAndCashEquivalents,symbol
2021-12-31,60.24399948120117,19959000,4431550000.0,-131975000.0,18116570000.0,6027804000.0,NFLX
2022-01-03,59.73699951171875,30675000,4431550000.0,-131975000.0,18116570000.0,6027804000.0,NFLX
2022-01-04,59.1150016784668,43931000,4431550000.0,-131975000.0,18116570000.0,6027804000.0,NFLX
2022-01-05,56.75199890136719,41487000,4431550000.0,-131975000.0,18116570000.0,6027804000.0,NFLX
2022-01-06,55.32899856567383,57118000,4431550000.0,-131975000.0,18116570000.0,6027804000.0,NFLX
2022-01-07,54.10599899291992,33829000,4431550000.0,-131975000.0,18116570000.0,6027804000.0,NFLX
2022-01-10,53.98500061035156,44861000,4431550000.0,-131975000.0,18116570000.0,6027804000.0,NFLX
2022-01-11,54.08399963378906,30778000,4431550000.0,-131975000.0,18116570000.0,6027804000.0,NFLX
2022-01-12,53.72200012207031,37874000,4431550000.0,-131975000.0,18116570000.0,6027804000.0,NFLX
2022-01-13,51.91999816894531,44751000,4431550000.0,-131975000.0,18116570000.0,6027804000.0,NFLX
2022-01-14,52.569000244140625,78611000,4431550000.0,-131975000.0,18116570000.0,6027804000.0,NFLX
2022-01-18,51.08000183105469,48391000,4431550000.0,-131975000.0,18116570000.0,6027804000.0,NFLX
2022-01-19,51.58599853515625,43535000,4431550000.0,-131975000.0,18116570000.0,6027804000.0,NFLX
2022-01-20,50.82500076293945,126590000,4431550000.0,-131975000.0,18116570000.0,6027804000.0,NFLX
2022-01-21,39.75,589043000,4431550000.0,-131975000.0,18116570000.0,6027804000.0,NFLX
2022-01-24,38.71500015258789,323460000,4431550000.0,-131975000.0,18116570000.0,6027804000.0,NFLX
2022-01-25,36.641998291015625,151458000,4431550000.0,-131975000.0,18116570000.0,6027804000.0,NFLX
2022-01-26,35.970001220703125,126840000,4431550000.0,-131975000.0,18116570000.0,6027804000.0,NFLX
2022-01-27,38.66999816894531,243247000,4431550000.0,-131975000.0,18116570000.0,6027804000.0,NFLX
2022-01-28,38.43600082397461,119666000,4431550000.0,-131975000.0,18116570000.0,6027804000.0,NFLX
2022-01-31,42.7140007019043,200475000,4431550000.0,-131975000.0,18116570000.0,6027804000.0,NFLX
2022-02-01,45.7130012512207,225681000,4431550000.0,-131975000.0,18116570000.0,6027804000.0,NFLX
2022-02-02,42.948001861572266,143460000,4431550000.0,-131975000.0,18116570000.0,6027804000.0,NFLX
2022-02-03,40.560001373291016,99052000,4431550000.0,-131975000.0,18116570000.0,6027804000.0,NFLX
2022-02-04,41.016998291015625,77898000,4431550000.0,-131975000.0,18116570000.0,6027804000.0,NFLX
2022-02-07,40.209999084472656,82329000,4431550000.0,-131975000.0,18116570000.0,6027804000.0,NFLX
2022-02-08,40.35300064086914,68185000,4431550000.0,-131975000.0,18116570000.0,6027804000.0,NFLX
2022-02-09,41.28900146484375,77382000,4431550000.0,-131975000.0,18116570000.0,6027804000.0,NFLX
2022-02-10,40.62699890136719,84529000,4431550000.0,-131975000.0,18116570000.0,6027804000.0,NFLX
2022-02-11,39.13100051879883,75589000,4431550000.0,-131975000.0,18116570000.0,6027804000.0,NFLX
2022-02-14,39.65700149536133,72022000,4431550000.0,-131975000.0,18116570000.0,6027804000.0,NFLX
2022-02-15,40.74599838256836,53923000,4431550000.0,-131975000.0,18116570000.0,6027804000.0,NFLX
2022-02-16,39.80799865722656,52777000,4431550000.0,-131975000.0,18116570000.0,6027804000.0,NFLX
2022-02-17,38.66699981689453,46692000,4431550000.0,-131975000.0,18116570000.0,6027804000.0,NFLX
2022-02-18,39.12900161743164,68017000,4431550000.0,-131975000.0,18116570000.0,6027804000.0,NFLX
2022-02-22,37.737998962402344,66975000,4431550000.0,-131975000.0,18116570000.0,6027804000.0,NFLX
2022-02-23,36.74599838256836,46143000,4431550000.0,-131975000.0,18116570000.0,6027804000.0,NFLX
2022-02-24,39.00299835205078,70687000,4431550000.0,-131975000.0,18116570000.0,6027804000.0,NFLX
2022-02-25,39.08000183105469,48416000,4431550000.0,-131975000.0,18116570000.0,6027804000.0,NFLX
2022-02-28,39.45199966430664,50350000,4431550000.0,-131975000.0,18116570000.0,6027804000.0,NFLX
2022-03-01,38.624000549316406,32904000,4431550000.0,-131975000.0,18116570000.0,6027804000.0,NFLX
2022-03-02,38.00299835205078,53568000,4431550000.0,-131975000.0,18116570000.0,6027804000.0,NFLX
2022-03-03,36.80699920654297,60768000,4431550000.0,-131975000.0,18116570000.0,6027804000.0,NFLX
2022-03-04,36.17300033569336,53255000,4431550000.0,-131975000.0,18116570000.0,6027804000.0,NFLX
2022-03-07,35.0260009765625,57084000,4431550000.0,-131975000.0,18116570000.0,6027804000.0,NFLX
2022-03-08,34.17599868774414,64287000,4431550000.0,-131975000.0,18116570000.0,6027804000.0,NFLX
2022-03-09,35.87900161743164,65202000,4431550000.0,-131975000.0,18116570000.0,6027804000.0,NFLX
2022-03-10,35.676998138427734,48078000,4431550000.0,-131975000.0,18116570000.0,6027804000.0,NFLX
2022-03-11,34.03200149536133,48199000,4431550000.0,-131975000.0,18116570000.0,6027804000.0,NFLX
2022-03-14,33.10100173950195,59078000,4431550000.0,-131975000.0,18116570000.0,6027804000.0,NFLX
2022-03-15,34.375,54606000,4431550000.0,-131975000.0,18116570000.0,6027804000.0,NFLX
2022-03-16,35.75299835205078,69825000,4431550000.0,-131975000.0,18116570000.0,6027804000.0,NFLX
2022-03-17,37.13999938964844,58183000,4431550000.0,-131975000.0,18116570000.0,6027804000.0,NFLX
2022-03-18,38.060001373291016,83248000,4431550000.0,-131975000.0,18116570000.0,6027804000.0,NFLX
2022-03-21,37.45899963378906,48665000,4431550000.0,-131975000.0,18116570000.0,6027804000.0,NFLX
2022-03-22,38.29199981689453,42428000,4431550000.0,-131975000.0,18116570000.0,6027804000.0,NFLX
2022-03-23,37.44900131225586,37290000,4431550000.0,-131975000.0,18116570000.0,6027804000.0,NFLX
2022-03-24,37.57099914550781,38885000,4431550000.0,-131975000.0,18116570000.0,6027804000.0,NFLX
2022-03-25,37.3849983215332,35745000,4431550000.0,-131975000.0,18116570000.0,6027804000.0,NFLX
2022-03-28,37.85100173950195,43234000,4431550000.0,-131975000.0,18116570000.0,6027804000.0,NFLX
2022-03-29,39.18199920654297,58807000,4431550000.0,-131975000.0,18116570000.0,6027804000.0,NFLX
2022-03-30,38.14699935913086,40233000,4431550000.0,-131975000.0,18116570000.0,6027804000.0,NFLX
2022-03-31,37.45899963378906,41347000,4431550000.0,-131975000.0,18116570000.0,6027804000.0,NFLX
2022-04-01,37.34700012207031,46442000,4431550000.0,-131975000.0,18116570000.0,6027804000.0,NFLX
2022-04-04,39.150001525878906,70018000,4431550000.0,-131975000.0,18116570000.0,6027804000.0,NFLX
2022-04-05,38.01499938964844,42345000,4431550000.0,-131975000.0,18116570000.0,6027804000.0,NFLX
2022-04-06,36.834999084472656,43549000,4431550000.0,-131975000.0,18116570000.0,6027804000.0,NFLX
2022-04-07,36.21500015258789,49489000,4431550000.0,-131975000.0,18116570000.0,6027804000.0,NFLX
2022-04-08,35.5880012512207,40252000,4431550000.0,-131975000.0,18116570000.0,6027804000.0,NFLX
2022-04-11,34.79999923706055,37771000,4431550000.0,-131975000.0,18116570000.0,6027804000.0,NFLX
2022-04-12,34.40999984741211,38243000,4431550000.0,-131975000.0,18116570000.0,6027804000.0,NFLX
2022-04-13,35.042999267578125,32310000,4431550000.0,-131975000.0,18116570000.0,6027804000.0,NFLX
2022-04-14,34.112998962402344,43438000,4431550000.0,-131975000.0,18116570000.0,6027804000.0,NFLX
2022-04-18,33.7859992980957,51050000,4431550000.0,-131975000.0,18116570000.0,6027804000.0,NFLX
2022-04-19,34.861000061035156,209069000,4431550000.0,-131975000.0,18116570000.0,6027804000.0,NFLX
2022-04-20,22.618999481201172,1333875000,4431550000.0,-131975000.0,18116570000.0,6027804000.0,NFLX
2022-04-21,21.82200050354004,535016000,4431550000.0,-131975000.0,18116570000.0,6027804000.0,NFLX
2022-04-22,21.552000045776367,375151000,4431550000.0,-131975000.0,18116570000.0,6027804000.0,NFLX
2022-04-25,20.99099922180176,281520000,4431550000.0,-131975000.0,18116570000.0,6027804000.0,NFLX
2022-04-26,19.84000015258789,203181000,4431550000.0,-131975000.0,18116570000.0,6027804000.0,NFLX
2022-04-27,18.854000091552734,222984000,4431550000.0,-131975000.0,18116570000.0,6027804000.0,NFLX
2022-04-28,19.95199966430664,213632000,4431550000.0,-131975000.0,18116570000.0,6027804000.0,NFLX
2022-04-29,19.035999298095703,163919000,4431550000.0,-131975000.0,18116570000.0,6027804000.0,NFLX
2022-05-02,19.945999145507812,145916000,4431550000.0,-131975000.0,18116570000.0,6027804000.0,NFLX
2022-05-03,19.98699951171875,118394000,4431550000.0,-131975000.0,18116570000.0,6027804000.0,NFLX
2022-05-04,20.400999069213867,122188000,4431550000.0,-131975000.0,18116570000.0,6027804000.0,NFLX
2022-05-05,18.832000732421875,139713000,4431550000.0,-131975000.0,18116570000.0,6027804000.0,NFLX
2022-05-06,18.097000122070312,171855000,4431550000.0,-131975000.0,18116570000.0,6027804000.0,NFLX
2022-05-09,17.309999465942383,140313000,4431550000.0,-131975000.0,18116570000.0,6027804000.0,NFLX
2022-05-10,17.766000747680664,138839000,4431550000.0,-131975000.0,18116570000.0,6027804000.0,NFLX
2022-05-11,16.636999130249023,126655000,4431550000.0,-131975000.0,18116570000.0,6027804000.0,NFLX
2022-05-12,17.430999755859375,176621000,4431550000.0,-131975000.0,18116570000.0,6027804000.0,NFLX
2022-05-13,18.763999938964844,131363000,4431550000.0,-131975000.0,18116570000.0,6027804000.0,NFLX
2022-05-16,18.650999069213867,161450000,4431550000.0,-131975000.0,18116570000.0,6027804000.0,NFLX
2022-05-17,19.055999755859375,98767000,4431550000.0,-131975000.0,18116570000.0,6027804000.0,NFLX
2022-05-18,17.7189998626709,96656000,4431550000.0,-131975000.0,18116570000.0,6027804000.0,NFLX
2022-05-19,18.347999572753903,104485000,4431550000.0,-131975000.0,18116570000.0,6027804000.0,NFLX
2022-05-20,18.635000228881836,104294000,4431550000.0,-131975000.0,18116570000.0,6027804000.0,NFLX
2022-05-23,18.743999481201172,96020000,4431550000.0,-131975000.0,18116570000.0,6027804000.0,NFLX
2022-05-24,18.034000396728516,77064000,4431550000.0,-131975000.0,18116570000.0,6027804000.0,NFLX
2022-05-25,18.78300094604492,85221000,4431550000.0,-131975000.0,18116570000.0,6027804000.0,NFLX
2022-05-26,19.13999938964844,80499000,4431550000.0,-131975000.0,18116570000.0,6027804000.0,NFLX
2022-05-27,19.518999099731445,85860000,4431550000.0,-131975000.0,18116570000.0,6027804000.0,NFLX
2022-05-31,19.743999481201172,113985000,4431550000.0,-131975000.0,18116570000.0,6027804000.0,NFLX
2022-06-01,19.291000366210938,84162000,4431550000.0,-131975000.0,18116570000.0,6027804000.0,NFLX
2022-06-02,20.50900077819824,96231000,4431550000.0,-131975000.0,18116570000.0,6027804000.0,NFLX
2022-06-03,19.89800071716309,71918000,4431550000.0,-131975000.0,18116570000.0,6027804000.0,NFLX
2022-06-06,19.714000701904297,53720000,4431550000.0,-131975000.0,18116570000.0,6027804000.0,NFLX
2022-06-07,19.861000061035156,48395000,4431550000.0,-131975000.0,18116570000.0,6027804000.0,NFLX
2022-06-08,20.28300094604492,72441000,4431550000.0,-131975000.0,18116570000.0,6027804000.0,NFLX
2022-06-09,19.277000427246097,69490000,4431550000.0,-131975000.0,18116570000.0,6027804000.0,NFLX
2022-06-10,18.29400062561035,130656000,4431550000.0,-131975000.0,18116570000.0,6027804000.0,NFLX
2022-06-13,16.9689998626709,102224000,4431550000.0,-131975000.0,18116570000.0,6027804000.0,NFLX
2022-06-14,16.753999710083008,115553000,4431550000.0,-131975000.0,18116570000.0,6027804000.0,NFLX
2022-06-15,18.01099967956543,123960000,4431550000.0,-131975000.0,18116570000.0,6027804000.0,NFLX
2022-06-16,17.334999084472656,82013000,4431550000.0,-131975000.0,18116570000.0,6027804000.0,NFLX
2022-06-17,17.551000595092773,121334000,4431550000.0,-131975000.0,18116570000.0,6027804000.0,NFLX
2022-06-21,17.090999603271484,121776000,4431550000.0,-131975000.0,18116570000.0,6027804000.0,NFLX
2022-06-22,17.888999938964844,119924000,4431550000.0,-131975000.0,18116570000.0,6027804000.0,NFLX
2022-06-23,18.17099952697754,95382000,4431550000.0,-131975000.0,18116570000.0,6027804000.0,NFLX
2022-06-24,19.084999084472656,124240000,4431550000.0,-131975000.0,18116570000.0,6027804000.0,NFLX
2022-06-27,18.913999557495117,83639000,4431550000.0,-131975000.0,18116570000.0,6027804000.0,NFLX
2022-06-28,17.959999084472656,71854000,4431550000.0,-131975000.0,18116570000.0,6027804000.0,NFLX
2022-06-29,17.836000442504883,57668000,4431550000.0,-131975000.0,18116570000.0,6027804000.0,NFLX
2022-06-30,17.48699951171875,78947000,4431550000.0,-131975000.0,18116570000.0,6027804000.0,NFLX
2022-07-01,17.9950008392334,52016000,4431550000.0,-131975000.0,18116570000.0,6027804000.0,NFLX
2022-07-05,18.58799934387207,73343000,4431550000.0,-131975000.0,18116570000.0,6027804000.0,NFLX
2022-07-06,18.4060001373291,57534000,4431550000.0,-131975000.0,18116570000.0,6027804000.0,NFLX
2022-07-07,18.927000045776367,63345000,4431550000.0,-131975000.0,18116570000.0,6027804000.0,NFLX
2022-07-08,18.697999954223633,58357000,4431550000.0,-131975000.0,18116570000.0,6027804000.0,NFLX
2022-07-11,17.733999252319336,60388000,4431550000.0,-131975000.0,18116570000.0,6027804000.0,NFLX
2022-07-12,17.44499969482422,68453000,4431550000.0,-131975000.0,18116570000.0,6027804000.0,NFLX
2022-07-13,17.6560001373291,127344000,4431550000.0,-131975000.0,18116570000.0,6027804000.0,NFLX
2022-07-14,17.47800064086914,90395000,4431550000.0,-131975000.0,18116570000.0,6027804000.0,NFLX
2022-07-15,18.910999298095703,163191000,4431550000.0,-131975000.0,18116570000.0,6027804000.0,NFLX
2022-07-18,19.09199905395508,163228000,4431550000.0,-131975000.0,18116570000.0,6027804000.0,NFLX
2022-07-19,20.163000106811523,281787000,4431550000.0,-131975000.0,18116570000.0,6027804000.0,NFLX
2022-07-20,21.643999099731445,539203000,4431550000.0,-131975000.0,18116570000.0,6027804000.0,NFLX
2022-07-21,22.38800048828125,234301000,4431550000.0,-131975000.0,18116570000.0,6027804000.0,NFLX
2022-07-22,22.04400062561035,178055000,4431550000.0,-131975000.0,18116570000.0,6027804000.0,NFLX
2022-07-25,21.85099983215332,109352000,4431550000.0,-131975000.0,18116570000.0,6027804000.0,NFLX
2022-07-26,21.391000747680664,95085000,4431550000.0,-131975000.0,18116570000.0,6027804000.0,NFLX
2022-07-27,22.674999237060547,105084000,4431550000.0,-131975000.0,18116570000.0,6027804000.0,NFLX
2022-07-28,22.60199928283691,89727000,4431550000.0,-131975000.0,18116570000.0,6027804000.0,NFLX
2022-07-29,22.489999771118164,90649000,4431550000.0,-131975000.0,18116570000.0,6027804000.0,NFLX
2022-08-01,22.621000289916992,55250000,4431550000.0,-131975000.0,18116570000.0,6027804000.0,NFLX
2022-08-02,22.142000198364254,63613000,4431550000.0,-131975000.0,18116570000.0,6027804000.0,NFLX
2022-08-03,22.67300033569336,64007000,4431550000.0,-131975000.0,18116570000.0,6027804000.0,NFLX
2022-08-04,22.99099922180176,71427000,4431550000.0,-131975000.0,18116570000.0,6027804000.0,NFLX
2022-08-05,22.67799949645996,55397000,4431550000.0,-131975000.0,18116570000.0,6027804000.0,NFLX
2022-08-08,23.349000930786133,109821000,4431550000.0,-131975000.0,18116570000.0,6027804000.0,NFLX
2022-08-09,22.993999481201172,61812000,4431550000.0,-131975000.0,18116570000.0,6027804000.0,NFLX
2022-08-10,24.410999298095703,92548000,4431550000.0,-131975000.0,18116570000.0,6027804000.0,NFLX
2022-08-11,24.270000457763672,87801000,4431550000.0,-131975000.0,18116570000.0,6027804000.0,NFLX
2022-08-12,24.93000030517578,60985000,4431550000.0,-131975000.0,18116570000.0,6027804000.0,NFLX
2022-08-15,24.910999298095703,65274000,4431550000.0,-131975000.0,18116570000.0,6027804000.0,NFLX
2022-08-16,24.569000244140625,51368000,4431550000.0,-131975000.0,18116570000.0,6027804000.0,NFLX
2022-08-17,24.114999771118164,56272000,4431550000.0,-131975000.0,18116570000.0,6027804000.0,NFLX
2022-08-18,24.517000198364254,52804000,4431550000.0,-131975000.0,18116570000.0,6027804000.0,NFLX
2022-08-19,24.11599922180176,75047000,4431550000.0,-131975000.0,18116570000.0,6027804000.0,NFLX
2022-08-22,22.65399932861328,86301000,4431550000.0,-131975000.0,18116570000.0,6027804000.0,NFLX
2022-08-23,22.454999923706055,52769000,4431550000.0,-131975000.0,18116570000.0,6027804000.0,NFLX
2022-08-24,22.961000442504883,54263000,4431550000.0,-131975000.0,18116570000.0,6027804000.0,NFLX
2022-08-25,23.39800071716309,37669000,4431550000.0,-131975000.0,18116570000.0,6027804000.0,NFLX
2022-08-26,22.32799911499023,53498000,4431550000.0,-131975000.0,18116570000.0,6027804000.0,NFLX
2022-08-29,22.457000732421875,71094000,4431550000.0,-131975000.0,18116570000.0,6027804000.0,NFLX
2022-08-30,22.065000534057617,57404000,4431550000.0,-131975000.0,18116570000.0,6027804000.0,NFLX
2022-08-31,22.356000900268555,86159000,4431550000.0,-131975000.0,18116570000.0,6027804000.0,NFLX
2022-09-01,23.003999710083008,72929000,4431550000.0,-131975000.0,18116570000.0,6027804000.0,NFLX
2022-09-02,22.611000061035156,81649000,4431550000.0,-131975000.0,18116570000.0,6027804000.0,NFLX
2022-09-06,21.839000701904297,74690000,4431550000.0,-131975000.0,18116570000.0,6027804000.0,NFLX
2022-09-07,22.895999908447266,81493000,4431550000.0,-131975000.0,18116570000.0,6027804000.0,NFLX
2022-09-08,22.743999481201172,67374000,4431550000.0,-131975000.0,18116570000.0,6027804000.0,NFLX
2022-09-09,23.35700035095215,66996000,4431550000.0,-131975000.0,18116570000.0,6027804000.0,NFLX
2022-09-12,23.652999877929688,60474000,4431550000.0,-131975000.0,18116570000.0,6027804000.0,NFLX
2022-09-13,21.812999725341797,80001000,4431550000.0,-131975000.0,18116570000.0,6027804000.0,NFLX
2022-09-14,22.41200065612793,82303000,4431550000.0,-131975000.0,18116570000.0,6027804000.0,NFLX
2022-09-15,23.538000106811523,194541000,4431550000.0,-131975000.0,18116570000.0,6027804000.0,NFLX
2022-09-16,24.01300048828125,189142000,4431550000.0,-131975000.0,18116570000.0,6027804000.0,NFLX
2022-09-19,24.363000869750977,179124000,4431550000.0,-131975000.0,18116570000.0,6027804000.0,NFLX
2022-09-20,24.28499984741211,160374000,4431550000.0,-131975000.0,18116570000.0,6027804000.0,NFLX
2022-09-21,23.687000274658203,91668000,4431550000.0,-131975000.0,18116570000.0,6027804000.0,NFLX
2022-09-22,23.704999923706055,100180000,4431550000.0,-131975000.0,18116570000.0,6027804000.0,NFLX
2022-09-23,22.641000747680664,112072000,4431550000.0,-131975000.0,18116570000.0,6027804000.0,NFLX
2022-09-26,22.406999588012695,82343000,4431550000.0,-131975000.0,18116570000.0,6027804000.0,NFLX
2022-09-27,22.43600082397461,77622000,4431550000.0,-131975000.0,18116570000.0,6027804000.0,NFLX
2022-09-28,24.520000457763672,175797000,4431550000.0,-131975000.0,18116570000.0,6027804000.0,NFLX
2022-09-29,23.97100067138672,189949000,4431550000.0,-131975000.0,18116570000.0,6027804000.0,NFLX
2022-09-30,23.54400062561035,118486000,4431550000.0,-131975000.0,18116570000.0,6027804000.0,NFLX
2022-10-03,23.90399932861328,86574000,4431550000.0,-131975000.0,18116570000.0,6027804000.0,NFLX
2022-10-04,24.073999404907227,139259000,4431550000.0,-131975000.0,18116570000.0,6027804000.0,NFLX
2022-10-05,23.67300033569336,108256000,4431550000.0,-131975000.0,18116570000.0,6027804000.0,NFLX
2022-10-06,24.00200080871582,91889000,4431550000.0,-131975000.0,18116570000.0,6027804000.0,NFLX
2022-10-07,22.475000381469727,98061000,4431550000.0,-131975000.0,18116570000.0,6027804000.0,NFLX
2022-10-10,22.99799919128418,99911000,4431550000.0,-131975000.0,18116570000.0,6027804000.0,NFLX
2022-10-11,21.429000854492188,152824000,4431550000.0,-131975000.0,18116570000.0,6027804000.0,NFLX
2022-10-12,22.086999893188477,129526000,4431550000.0,-131975000.0,18116570000.0,6027804000.0,NFLX
2022-10-13,23.250999450683594,175050000,4431550000.0,-131975000.0,18116570000.0,6027804000.0,NFLX
2022-10-14,23.0,152934000,4431550000.0,-131975000.0,18116570000.0,6027804000.0,NFLX
2022-10-17,24.510000228881836,210578000,4431550000.0,-131975000.0,18116570000.0,6027804000.0,NFLX
2022-10-18,24.086000442504883,257767000,4431550000.0,-131975000.0,18116570000.0,6027804000.0,NFLX
2022-10-19,27.238000869750977,466853000,4431550000.0,-131975000.0,18116570000.0,6027804000.0,NFLX
2022-10-20,26.81599998474121,172071000,4431550000.0,-131975000.0,18116570000.0,6027804000.0,NFLX
2022-10-21,28.957000732421875,248891000,4431550000.0,-131975000.0,18116570000.0,6027804000.0,NFLX
2022-10-24,28.2450008392334,133264000,4431550000.0,-131975000.0,18116570000.0,6027804000.0,NFLX
2022-10-25,29.10199928283691,151007000,4431550000.0,-131975000.0,18116570000.0,6027804000.0,NFLX
2022-10-26,29.86199951171875,157141000,4431550000.0,-131975000.0,18116570000.0,6027804000.0,NFLX
2022-10-27,29.694000244140625,146126000,4431550000.0,-131975000.0,18116570000.0,6027804000.0,NFLX
2022-10-28,29.57200050354004,99605000,4431550000.0,-131975000.0,18116570000.0,6027804000.0,NFLX
2022-10-31,29.187999725341797,75051000,4431550000.0,-131975000.0,18116570000.0,6027804000.0,NFLX
2022-11-01,28.674999237060547,69164000,4431550000.0,-131975000.0,18116570000.0,6027804000.0,NFLX
2022-11-02,27.299999237060547,103676000,4431550000.0,-131975000.0,18116570000.0,6027804000.0,NFLX
2022-11-03,26.9060001373291,70574000,4431550000.0,-131975000.0,18116570000.0,6027804000.0,NFLX
2022-11-04,26.07900047302246,111247000,4431550000.0,-131975000.0,18116570000.0,6027804000.0,NFLX
2022-11-07,25.86000061035156,79270000,4431550000.0,-131975000.0,18116570000.0,6027804000.0,NFLX
2022-11-08,26.34600067138672,76838000,4431550000.0,-131975000.0,18116570000.0,6027804000.0,NFLX
2022-11-09,25.465999603271484,72660000,4431550000.0,-131975000.0,18116570000.0,6027804000.0,NFLX
2022-11-10,27.496999740600582,96673000,4431550000.0,-131975000.0,18116570000.0,6027804000.0,NFLX
2022-11-11,29.01300048828125,95738000,4431550000.0,-131975000.0,18116570000.0,6027804000.0,NFLX
2022-11-14,29.927000045776367,179782000,4431550000.0,-131975000.0,18116570000.0,6027804000.0,NFLX
2022-11-15,31.020000457763672,146269000,4431550000.0,-131975000.0,18116570000.0,6027804000.0,NFLX
2022-11-16,30.60199928283691,80386000,4431550000.0,-131975000.0,18116570000.0,6027804000.0,NFLX
2022-11-17,29.527999877929688,98382000,4431550000.0,-131975000.0,18116570000.0,6027804000.0,NFLX
2022-11-18,28.79800033569336,84001000,4431550000.0,-131975000.0,18116570000.0,6027804000.0,NFLX
2022-11-21,28.5049991607666,72565000,4431550000.0,-131975000.0,18116570000.0,6027804000.0,NFLX
2022-11-22,28.66900062561035,62451000,4431550000.0,-131975000.0,18116570000.0,6027804000.0,NFLX
2022-11-23,29.149999618530273,59190000,4431550000.0,-131975000.0,18116570000.0,6027804000.0,NFLX
2022-11-25,28.554000854492188,32360000,4431550000.0,-131975000.0,18116570000.0,6027804000.0,NFLX
2022-11-28,28.117000579833984,47034000,4431550000.0,-131975000.0,18116570000.0,6027804000.0,NFLX
2022-11-29,28.09600067138672,57869000,4431550000.0,-131975000.0,18116570000.0,6027804000.0,NFLX
2022-11-30,30.55299949645996,160701000,4431550000.0,-131975000.0,18116570000.0,6027804000.0,NFLX
2022-12-01,31.69499969482422,146649000,4431550000.0,-131975000.0,18116570000.0,6027804000.0,NFLX
2022-12-02,32.04100036621094,126906000,4431550000.0,-131975000.0,18116570000.0,6027804000.0,NFLX
2022-12-05,31.25900077819824,84230000,4431550000.0,-131975000.0,18116570000.0,6027804000.0,NFLX
2022-12-06,30.555999755859375,71954000,4431550000.0,-131975000.0,18116570000.0,6027804000.0,NFLX
2022-12-07,30.84199905395508,78216000,4431550000.0,-131975000.0,18116570000.0,6027804000.0,NFLX
2022-12-08,31.025999069213867,72053000,4431550000.0,-131975000.0,18116570000.0,6027804000.0,NFLX
2022-12-09,32.000999450683594,143640000,4431550000.0,-131975000.0,18116570000.0,6027804000.0,NFLX
2022-12-12,31.51799964904785,101486000,4431550000.0,-131975000.0,18116570000.0,6027804000.0,NFLX
2022-12-13,32.034000396728516,107564000,4431550000.0,-131975000.0,18116570000.0,6027804000.0,NFLX
2022-12-14,31.78300094604492,75433000,4431550000.0,-131975000.0,18116570000.0,6027804000.0,NFLX
2022-12-15,29.041000366210938,177246000,4431550000.0,-131975000.0,18116570000.0,6027804000.0,NFLX
2022-12-16,29.070999145507812,140800000,4431550000.0,-131975000.0,18116570000.0,6027804000.0,NFLX
2022-12-19,28.829999923706055,61637000,4431550000.0,-131975000.0,18116570000.0,6027804000.0,NFLX
2022-12-20,28.819000244140625,69181000,4431550000.0,-131975000.0,18116570000.0,6027804000.0,NFLX
2022-12-21,29.79599952697754,63762000,4431550000.0,-131975000.0,18116570000.0,6027804000.0,NFLX
2022-12-22,29.774999618530273,78562000,4431550000.0,-131975000.0,18116570000.0,6027804000.0,NFLX
2022-12-23,29.496000289916992,42511000,4431550000.0,-131975000.0,18116570000.0,6027804000.0,NFLX
2022-12-27,28.41699981689453,57781000,4431550000.0,-131975000.0,18116570000.0,6027804000.0,NFLX
2022-12-28,27.687999725341797,59644000,4431550000.0,-131975000.0,18116570000.0,6027804000.0,NFLX
2022-12-29,29.11199951171875,95885000,4431550000.0,-131975000.0,18116570000.0,6027804000.0,NFLX
2022-12-30,29.488000869750977,75669000,4431550000.0,-131975000.0,18116570000.0,6027804000.0,NFLX
2023-01-03,29.4950008392334,67640000,4446980000.0,1618528000.0,14353076000.0,5147176000.0,NFLX
2023-01-04,30.94099998474121,93451000,4446980000.0,1618528000.0,14353076000.0,5147176000.0,NFLX
2023-01-05,30.969999313354492,83284000,4446980000.0,1618528000.0,14353076000.0,5147176000.0,NFLX
2023-01-06,31.55500030517578,89598000,4446980000.0,1618528000.0,14353076000.0,5147176000.0,NFLX
2023-01-09,31.517000198364254,67666000,4446980000.0,1618528000.0,14353076000.0,5147176000.0,NFLX
2023-01-10,32.75400161743164,130723000,4446980000.0,1618528000.0,14353076000.0,5147176000.0,NFLX
2023-01-11,32.72600173950195,95797000,4446980000.0,1618528000.0,14353076000.0,5147176000.0,NFLX
2023-01-12,33.01300048828125,108562000,4446980000.0,1618528000.0,14353076000.0,5147176000.0,NFLX
2023-01-13,33.28200149536133,82868000,4446980000.0,1618528000.0,14353076000.0,5147176000.0,NFLX
2023-01-17,32.62200164794922,92470000,4446980000.0,1618528000.0,14353076000.0,5147176000.0,NFLX
2023-01-18,32.632999420166016,78141000,4446980000.0,1618528000.0,14353076000.0,5147176000.0,NFLX
2023-01-19,31.57799911499023,180082000,4446980000.0,1618528000.0,14353076000.0,5147176000.0,NFLX
2023-01-20,34.25,284303000,4446980000.0,1618528000.0,14353076000.0,5147176000.0,NFLX
2023-01-23,35.742000579833984,156469000,4446980000.0,1618528000.0,14353076000.0,5147176000.0,NFLX
2023-01-24,36.382999420166016,117965000,4446980000.0,1618528000.0,14353076000.0,5147176000.0,NFLX
2023-01-25,36.79600143432617,77669000,4446980000.0,1618528000.0,14353076000.0,5147176000.0,NFLX
2023-01-26,36.48699951171875,82568000,4446980000.0,1618528000.0,14353076000.0,5147176000.0,NFLX
2023-01-27,36.07699966430664,67035000,4446980000.0,1618528000.0,14353076000.0,5147176000.0,NFLX
2023-01-30,35.31100082397461,51276000,4446980000.0,1618528000.0,14353076000.0,5147176000.0,NFLX
2023-01-31,35.38600158691406,56607000,4446980000.0,1618528000.0,14353076000.0,5147176000.0,NFLX
2023-02-01,36.19900131225586,80052000,4446980000.0,1618528000.0,14353076000.0,5147176000.0,NFLX
2023-02-02,36.68899917602539,78570000,4446980000.0,1618528000.0,14353076000.0,5147176000.0,NFLX
2023-02-03,36.59000015258789,94020000,4446980000.0,1618528000.0,14353076000.0,5147176000.0,NFLX
2023-02-06,36.14799880981445,49949000,4446980000.0,1618528000.0,14353076000.0,5147176000.0,NFLX
2023-02-07,36.29499816894531,62894000,4446980000.0,1618528000.0,14353076000.0,5147176000.0,NFLX
2023-02-08,36.68299865722656,62532000,4446980000.0,1618528000.0,14353076000.0,5147176000.0,NFLX
2023-02-09,36.25,69011000,4446980000.0,1618528000.0,14353076000.0,5147176000.0,NFLX
2023-02-10,34.736000061035156,72911000,4446980000.0,1618528000.0,14353076000.0,5147176000.0,NFLX
2023-02-13,35.856998443603516,71344000,4446980000.0,1618528000.0,14353076000.0,5147176000.0,NFLX
2023-02-14,35.99599838256836,46248000,4446980000.0,1618528000.0,14353076000.0,5147176000.0,NFLX
2023-02-15,36.141998291015625,39660000,4446980000.0,1618528000.0,14353076000.0,5147176000.0,NFLX
2023-02-16,35.07099914550781,52157000,4446980000.0,1618528000.0,14353076000.0,5147176000.0,NFLX
2023-02-17,34.79600143432617,52947000,4446980000.0,1618528000.0,14353076000.0,5147176000.0,NFLX
2023-02-21,33.75,57103000,4446980000.0,1618528000.0,14353076000.0,5147176000.0,NFLX
2023-02-22,33.487998962402344,45462000,4446980000.0,1618528000.0,14353076000.0,5147176000.0,NFLX
2023-02-23,32.3650016784668,132387000,4446980000.0,1618528000.0,14353076000.0,5147176000.0,NFLX
2023-02-24,31.71500015258789,68307000,4446980000.0,1618528000.0,14353076000.0,5147176000.0,NFLX
2023-02-27,32.303001403808594,61426000,4446980000.0,1618528000.0,14353076000.0,5147176000.0,NFLX
2023-02-28,32.2130012512207,36761000,4446980000.0,1618528000.0,14353076000.0,5147176000.0,NFLX
2023-03-01,31.347999572753903,49113000,4446980000.0,1618528000.0,14353076000.0,5147176000.0,NFLX
2023-03-02,31.187999725341797,49110000,4446980000.0,1618528000.0,14353076000.0,5147176000.0,NFLX
2023-03-03,31.51799964904785,59533000,4446980000.0,1618528000.0,14353076000.0,5147176000.0,NFLX
2023-03-06,31.20299911499023,56607000,4446980000.0,1618528000.0,14353076000.0,5147176000.0,NFLX
2023-03-07,30.847000122070312,45531000,4446980000.0,1618528000.0,14353076000.0,5147176000.0,NFLX
2023-03-08,31.179000854492188,34795000,4446980000.0,1618528000.0,14353076000.0,5147176000.0,NFLX
2023-03-09,29.777999877929688,74434000,4446980000.0,1618528000.0,14353076000.0,5147176000.0,NFLX
2023-03-10,29.275999069213867,57593000,4446980000.0,1618528000.0,14353076000.0,5147176000.0,NFLX
2023-03-13,29.35099983215332,62924000,4446980000.0,1618528000.0,14353076000.0,5147176000.0,NFLX
2023-03-14,29.493999481201172,59567000,4446980000.0,1618528000.0,14353076000.0,5147176000.0,NFLX
2023-03-15,30.378999710083008,92153000,4446980000.0,1618528000.0,14353076000.0,5147176000.0,NFLX
2023-03-16,31.006000518798828,79037000,4446980000.0,1618528000.0,14353076000.0,5147176000.0,NFLX
2023-03-17,30.350000381469727,69188000,4446980000.0,1618528000.0,14353076000.0,5147176000.0,NFLX
2023-03-20,30.51300048828125,51134000,4446980000.0,1618528000.0,14353076000.0,5147176000.0,NFLX
2023-03-21,30.57900047302246,48863000,4446980000.0,1618528000.0,14353076000.0,5147176000.0,NFLX
2023-03-22,29.38999938964844,58080000,4446980000.0,1618528000.0,14353076000.0,5147176000.0,NFLX
2023-03-23,32.0369987487793,156533000,4446980000.0,1618528000.0,14353076000.0,5147176000.0,NFLX
2023-03-24,32.8390007019043,129917000,4446980000.0,1618528000.0,14353076000.0,5147176000.0,NFLX
2023-03-27,32.76599884033203,86258000,4446980000.0,1618528000.0,14353076000.0,5147176000.0,NFLX
2023-03-28,32.35200119018555,64894000,4446980000.0,1618528000.0,14353076000.0,5147176000.0,NFLX
2023-03-29,33.202999114990234,62873000,4446980000.0,1618528000.0,14353076000.0,5147176000.0,NFLX
2023-03-30,33.84299850463867,71315000,4446980000.0,1618528000.0,14353076000.0,5147176000.0,NFLX
2023-03-31,34.54800033569336,56102000,4446980000.0,1618528000.0,14353076000.0,5147176000.0,NFLX
2023-04-03,34.827999114990234,44137000,4446980000.0,1618528000.0,14353076000.0,5147176000.0,NFLX
2023-04-04,34.67499923706055,32981000,4446980000.0,1618528000.0,14353076000.0,5147176000.0,NFLX
2023-04-05,34.23500061035156,42055000,4446980000.0,1618528000.0,14353076000.0,5147176000.0,NFLX
2023-04-06,33.93299865722656,46605000,4446980000.0,1618528000.0,14353076000.0,5147176000.0,NFLX
2023-04-10,33.89899826049805,26579000,4446980000.0,1618528000.0,14353076000.0,5147176000.0,NFLX
2023-04-11,33.82099914550781,40448000,4446980000.0,1618528000.0,14353076000.0,5147176000.0,NFLX
2023-04-12,33.10300064086914,39654000,4446980000.0,1618528000.0,14353076000.0,5147176000.0,NFLX
2023-04-13,34.61899948120117,74064000,4446980000.0,1618528000.0,14353076000.0,5147176000.0,NFLX
2023-04-14,33.862998962402344,53505000,4446980000.0,1618528000.0,14353076000.0,5147176000.0,NFLX
2023-04-17,33.27199935913086,61360000,4446980000.0,1618528000.0,14353076000.0,5147176000.0,NFLX
2023-04-18,33.369998931884766,179445000,4446980000.0,1618528000.0,14353076000.0,5147176000.0,NFLX
2023-04-19,32.3120002746582,221283000,4446980000.0,1618528000.0,14353076000.0,5147176000.0,NFLX
2023-04-20,32.53499984741211,99478000,4446980000.0,1618528000.0,14353076000.0,5147176000.0,NFLX
2023-04-21,32.79800033569336,63480000,4446980000.0,1618528000.0,14353076000.0,5147176000.0,NFLX
2023-04-24,32.902000427246094,55866000,4446980000.0,1618528000.0,14353076000.0,5147176000.0,NFLX
2023-04-25,32.255001068115234,54266000,4446980000.0,1618528000.0,14353076000.0,5147176000.0,NFLX
2023-04-26,32.1150016784668,46232000,4446980000.0,1618528000.0,14353076000.0,5147176000.0,NFLX
2023-04-27,32.584999084472656,56188000,4446980000.0,1618528000.0,14353076000.0,5147176000.0,NFLX
2023-04-28,32.99300003051758,42284000,4446980000.0,1618528000.0,14353076000.0,5147176000.0,NFLX
2023-05-01,32.4119987487793,53415000,4446980000.0,1618528000.0,14353076000.0,5147176000.0,NFLX
2023-05-02,31.7549991607666,43186000,4446980000.0,1618528000.0,14353076000.0,5147176000.0,NFLX
2023-05-03,31.93000030517578,50641000,4446980000.0,1618528000.0,14353076000.0,5147176000.0,NFLX
2023-05-04,32.077999114990234,38797000,4446980000.0,1618528000.0,14353076000.0,5147176000.0,NFLX
2023-05-05,32.2760009765625,39906000,4446980000.0,1618528000.0,14353076000.0,5147176000.0,NFLX
2023-05-08,33.12099838256836,54886000,4446980000.0,1618528000.0,14353076000.0,5147176000.0,NFLX
2023-05-09,33.2140007019043,55449000,4446980000.0,1618528000.0,14353076000.0,5147176000.0,NFLX
2023-05-10,33.54199981689453,42899000,4446980000.0,1618528000.0,14353076000.0,5147176000.0,NFLX
2023-05-11,34.47600173950195,80335000,4446980000.0,1618528000.0,14353076000.0,5147176000.0,NFLX
2023-05-12,33.98899841308594,60824000,4446980000.0,1618528000.0,14353076000.0,5147176000.0,NFLX
2023-05-15,33.5890007019043,36530000,4446980000.0,1618528000.0,14353076000.0,5147176000.0,NFLX
2023-05-16,33.375,33322000,4446980000.0,1618528000.0,14353076000.0,5147176000.0,NFLX
2023-05-17,33.99599838256836,39588000,4446980000.0,1618528000.0,14353076000.0,5147176000.0,NFLX
2023-05-18,37.12900161743164,209252000,4446980000.0,1618528000.0,14353076000.0,5147176000.0,NFLX
2023-05-19,36.5359992980957,78597000,4446980000.0,1618528000.0,14353076000.0,5147176000.0,NFLX
2023-05-22,36.30099868774414,54064000,4446980000.0,1618528000.0,14353076000.0,5147176000.0,NFLX
2023-05-23,35.5989990234375,68661000,4446980000.0,1618528000.0,14353076000.0,5147176000.0,NFLX
2023-05-24,36.48500061035156,79733000,4446980000.0,1618528000.0,14353076000.0,5147176000.0,NFLX
2023-05-25,35.900001525878906,62631000,4446980000.0,1618528000.0,14353076000.0,5147176000.0,NFLX
2023-05-26,37.88800048828125,93604000,4446980000.0,1618528000.0,14353076000.0,5147176000.0,NFLX
2023-05-30,39.29800033569336,108650000,4446980000.0,1618528000.0,14353076000.0,5147176000.0,NFLX
2023-05-31,39.52299880981445,69880000,4446980000.0,1618528000.0,14353076000.0,5147176000.0,NFLX
2023-06-01,40.3129997253418,71601000,4446980000.0,1618528000.0,14353076000.0,5147176000.0,NFLX
2023-06-02,40.047000885009766,59024000,4446980000.0,1618528000.0,14353076000.0,5147176000.0,NFLX
2023-06-05,40.354000091552734,72474000,4446980000.0,1618528000.0,14353076000.0,5147176000.0,NFLX
2023-06-06,39.92900085449219,49915000,4446980000.0,1618528000.0,14353076000.0,5147176000.0,NFLX
2023-06-07,39.97700119018555,119324000,4446980000.0,1618528000.0,14353076000.0,5147176000.0,NFLX
2023-06-08,40.9370002746582,59911000,4446980000.0,1618528000.0,14353076000.0,5147176000.0,NFLX
2023-06-09,42.00199890136719,123630000,4446980000.0,1618528000.0,14353076000.0,5147176000.0,NFLX
2023-06-12,42.39699935913086,59595000,4446980000.0,1618528000.0,14353076000.0,5147176000.0,NFLX
2023-06-13,43.573001861572266,78205000,4446980000.0,1618528000.0,14353076000.0,5147176000.0,NFLX
2023-06-14,44.08599853515625,84131000,4446980000.0,1618528000.0,14353076000.0,5147176000.0,NFLX
2023-06-15,44.527000427246094,70999000,4446980000.0,1618528000.0,14353076000.0,5147176000.0,NFLX
2023-06-16,43.19599914550781,87537000,4446980000.0,1618528000.0,14353076000.0,5147176000.0,NFLX
2023-06-20,43.470001220703125,47560000,4446980000.0,1618528000.0,14353076000.0,5147176000.0,NFLX
2023-06-21,42.44499969482422,51464000,4446980000.0,1618528000.0,14353076000.0,5147176000.0,NFLX
2023-06-22,42.24800109863281,48695000,4446980000.0,1618528000.0,14353076000.0,5147176000.0,NFLX
2023-06-23,42.402000427246094,82986000,4446980000.0,1618528000.0,14353076000.0,5147176000.0,NFLX
2023-06-26,41.59400177001953,46400000,4446980000.0,1618528000.0,14353076000.0,5147176000.0,NFLX
2023-06-27,41.70800018310547,48181000,4446980000.0,1618528000.0,14353076000.0,5147176000.0,NFLX
2023-06-28,42.98400115966797,88113000,4446980000.0,1618528000.0,14353076000.0,5147176000.0,NFLX
2023-06-29,42.82400131225586,49323000,4446980000.0,1618528000.0,14353076000.0,5147176000.0,NFLX
2023-06-30,44.04899978637695,73464000,4446980000.0,1618528000.0,14353076000.0,5147176000.0,NFLX
2023-07-03,44.14400100708008,37332000,4446980000.0,1618528000.0,14353076000.0,5147176000.0,NFLX
2023-07-05,44.59000015258789,68695000,4446980000.0,1618528000.0,14353076000.0,5147176000.0,NFLX
2023-07-06,43.88399887084961,49388000,4446980000.0,1618528000.0,14353076000.0,5147176000.0,NFLX
2023-07-07,43.810001373291016,41651000,4446980000.0,1618528000.0,14353076000.0,5147176000.0,NFLX
2023-07-10,44.17100143432617,42517000,4446980000.0,1618528000.0,14353076000.0,5147176000.0,NFLX
2023-07-11,44.020999908447266,45692000,4446980000.0,1618528000.0,14353076000.0,5147176000.0,NFLX
2023-07-12,44.404998779296875,57317000,4446980000.0,1618528000.0,14353076000.0,5147176000.0,NFLX
2023-07-13,45.03799819946289,61575000,4446980000.0,1618528000.0,14353076000.0,5147176000.0,NFLX
2023-07-14,44.19100189208984,71959000,4446980000.0,1618528000.0,14353076000.0,5147176000.0,NFLX
2023-07-17,45.005001068115234,68917000,4446980000.0,1618528000.0,14353076000.0,5147176000.0,NFLX
2023-07-18,47.47999954223633,130418000,4446980000.0,1618528000.0,14353076000.0,5147176000.0,NFLX
2023-07-19,47.75899887084961,209965000,4446980000.0,1618528000.0,14353076000.0,5147176000.0,NFLX
2023-07-20,43.742000579833984,239897000,4446980000.0,1618528000.0,14353076000.0,5147176000.0,NFLX
2023-07-21,42.75,173400000,4446980000.0,1618528000.0,14353076000.0,5147176000.0,NFLX
2023-07-24,42.83700180053711,82644000,4446980000.0,1618528000.0,14353076000.0,5147176000.0,NFLX
2023-07-25,42.77000045776367,48598000,4446980000.0,1618528000.0,14353076000.0,5147176000.0,NFLX
2023-07-26,42.266998291015625,60092000,4446980000.0,1618528000.0,14353076000.0,5147176000.0,NFLX
2023-07-27,41.31700134277344,65945000,4446980000.0,1618528000.0,14353076000.0,5147176000.0,NFLX
2023-07-28,42.577999114990234,64242000,4446980000.0,1618528000.0,14353076000.0,5147176000.0,NFLX
2023-07-31,43.89699935913086,65876000,4446980000.0,1618528000.0,14353076000.0,5147176000.0,NFLX
2023-08-01,43.86199951171875,57115000,4446980000.0,1618528000.0,14353076000.0,5147176000.0,NFLX
2023-08-02,42.970001220703125,49122000,4446980000.0,1618528000.0,14353076000.0,5147176000.0,NFLX
2023-08-03,43.099998474121094,62439000,4446980000.0,1618528000.0,14353076000.0,5147176000.0,NFLX
2023-08-04,43.15999984741211,54418000,4446980000.0,1618528000.0,14353076000.0,5147176000.0,NFLX
2023-08-07,44.07600021362305,47813000,4446980000.0,1618528000.0,14353076000.0,5147176000.0,NFLX
2023-08-08,43.83000183105469,37672000,4446980000.0,1618528000.0,14353076000.0,5147176000.0,NFLX
2023-08-09,42.88999938964844,38466000,4446980000.0,1618528000.0,14353076000.0,5147176000.0,NFLX
2023-08-10,42.99800109863281,54676000,4446980000.0,1618528000.0,14353076000.0,5147176000.0,NFLX
2023-08-11,42.16600036621094,39279000,4446980000.0,1618528000.0,14353076000.0,5147176000.0,NFLX
2023-08-14,42.77799987792969,39660000,4446980000.0,1618528000.0,14353076000.0,5147176000.0,NFLX
2023-08-15,42.369998931884766,33680000,4446980000.0,1618528000.0,14353076000.0,5147176000.0,NFLX
2023-08-16,41.54499816894531,39670000,4446980000.0,1618528000.0,14353076000.0,5147176000.0,NFLX
2023-08-17,40.29999923706055,60315000,4446980000.0,1618528000.0,14353076000.0,5147176000.0,NFLX
2023-08-18,40.452999114990234,43122000,4446980000.0,1618528000.0,14353076000.0,5147176000.0,NFLX
2023-08-21,40.82899856567383,38616000,4446980000.0,1618528000.0,14353076000.0,5147176000.0,NFLX
2023-08-22,41.31700134277344,35997000,4446980000.0,1618528000.0,14353076000.0,5147176000.0,NFLX
2023-08-23,42.755001068115234,81747000,4446980000.0,1618528000.0,14353076000.0,5147176000.0,NFLX
2023-08-24,40.69300079345703,56878000,4446980000.0,1618528000.0,14353076000.0,5147176000.0,NFLX
2023-08-25,41.60300064086914,53909000,4446980000.0,1618528000.0,14353076000.0,5147176000.0,NFLX
2023-08-28,41.805999755859375,29286000,4446980000.0,1618528000.0,14353076000.0,5147176000.0,NFLX
2023-08-29,42.999000549316406,44867000,4446980000.0,1618528000.0,14353076000.0,5147176000.0,NFLX
2023-08-30,43.46699905395508,36254000,4446980000.0,1618528000.0,14353076000.0,5147176000.0,NFLX
2023-08-31,43.36800003051758,38030000,4446980000.0,1618528000.0,14353076000.0,5147176000.0,NFLX
2023-09-01,43.987998962402344,47934000,4446980000.0,1618528000.0,14353076000.0,5147176000.0,NFLX
2023-09-05,44.86800003051758,61559000,4446980000.0,1618528000.0,14353076000.0,5147176000.0,NFLX
2023-09-06,44.57600021362305,38623000,4446980000.0,1618528000.0,14353076000.0,5147176000.0,NFLX
2023-09-07,44.31399917602539,29227000,4446980000.0,1618528000.0,14353076000.0,5147176000.0,NFLX
2023-09-08,44.279998779296875,26975000,4446980000.0,1618528000.0,14353076000.0,5147176000.0,NFLX
2023-09-11,44.5359992980957,29138000,4446980000.0,1618528000.0,14353076000.0,5147176000.0,NFLX
2023-09-12,43.46900177001953,31240000,4446980000.0,1618528000.0,14353076000.0,5147176000.0,NFLX
2023-09-13,41.2239990234375,118430000,4446980000.0,1618528000.0,14353076000.0,5147176000.0,NFLX
2023-09-14,40.04899978637695,107090000,4446980000.0,1618528000.0,14353076000.0,5147176000.0,NFLX
2023-09-15,39.694000244140625,91167000,4446980000.0,1618528000.0,14353076000.0,5147176000.0,NFLX
2023-09-18,39.439998626708984,47047000,4446980000.0,1618528000.0,14353076000.0,5147176000.0,NFLX
2023-09-19,39.619998931884766,40768000,4446980000.0,1618528000.0,14353076000.0,5147176000.0,NFLX
2023-09-20,38.630001068115234,38666000,4446980000.0,1618528000.0,14353076000.0,5147176000.0,NFLX
2023-09-21,38.415000915527344,55479000,4446980000.0,1618528000.0,14353076000.0,5147176000.0,NFLX
2023-09-22,37.98099899291992,36928000,4446980000.0,1618528000.0,14353076000.0,5147176000.0,NFLX
2023-09-25,38.47999954223633,37573000,4446980000.0,1618528000.0,14353076000.0,5147176000.0,NFLX
2023-09-26,37.92499923706055,40894000,4446980000.0,1618528000.0,14353076000.0,5147176000.0,NFLX
2023-09-27,37.75899887084961,38435000,4446980000.0,1618528000.0,14353076000.0,5147176000.0,NFLX
2023-09-28,37.63600158691406,43699000,4446980000.0,1618528000.0,14353076000.0,5147176000.0,NFLX
2023-09-29,37.7599983215332,42053000,4446980000.0,1618528000.0,14353076000.0,5147176000.0,NFLX
2023-10-02,38.03300094604492,31021000,4446980000.0,1618528000.0,14353076000.0,5147176000.0,NFLX
2023-10-03,37.67499923706055,88781000,4446980000.0,1618528000.0,14353076000.0,5147176000.0,NFLX
2023-10-04,37.689998626708984,43037000,4446980000.0,1618528000.0,14353076000.0,5147176000.0,NFLX
2023-10-05,37.25899887084961,50348000,4446980000.0,1618528000.0,14353076000.0,5147176000.0,NFLX
2023-10-06,38.1510009765625,47781000,4446980000.0,1618528000.0,14353076000.0,5147176000.0,NFLX
2023-10-09,38.595001220703125,32998000,4446980000.0,1618528000.0,14353076000.0,5147176000.0,NFLX
2023-10-10,37.332000732421875,72889000,4446980000.0,1618528000.0,14353076000.0,5147176000.0,NFLX
2023-10-11,36.59299850463867,91514000,4446980000.0,1618528000.0,14353076000.0,5147176000.0,NFLX
2023-10-12,36.119998931884766,73761000,4446980000.0,1618528000.0,14353076000.0,5147176000.0,NFLX
2023-10-13,35.56800079345703,63126000,4446980000.0,1618528000.0,14353076000.0,5147176000.0,NFLX
2023-10-16,36.082000732421875,51289000,4446980000.0,1618528000.0,14353076000.0,5147176000.0,NFLX
2023-10-17,35.571998596191406,59084000,4446980000.0,1618528000.0,14353076000.0,5147176000.0,NFLX
2023-10-18,34.61899948120117,114296000,4446980000.0,1618528000.0,14353076000.0,5147176000.0,NFLX
2023-10-19,40.176998138427734,280744000,4446980000.0,1618528000.0,14353076000.0,5147176000.0,NFLX
2023-10-20,40.09600067138672,127829000,4446980000.0,1618528000.0,14353076000.0,5147176000.0,NFLX
2023-10-23,40.68399810791016,73900000,4446980000.0,1618528000.0,14353076000.0,5147176000.0,NFLX
2023-10-24,41.37300109863281,64592000,4446980000.0,1618528000.0,14353076000.0,5147176000.0,NFLX
2023-10-25,41.125,62996000,4446980000.0,1618528000.0,14353076000.0,5147176000.0,NFLX
2023-10-26,40.354000091552734,68497000,4446980000.0,1618528000.0,14353076000.0,5147176000.0,NFLX
2023-10-27,39.7869987487793,49976000,4446980000.0,1618528000.0,14353076000.0,5147176000.0,NFLX
2023-10-30,41.007999420166016,53171000,4446980000.0,1618528000.0,14353076000.0,5147176000.0,NFLX
2023-10-31,41.16899871826172,38776000,4446980000.0,1618528000.0,14353076000.0,5147176000.0,NFLX
2023-11-01,42.01900100708008,48061000,4446980000.0,1618528000.0,14353076000.0,5147176000.0,NFLX
2023-11-02,42.47100067138672,44760000,4446980000.0,1618528000.0,14353076000.0,5147176000.0,NFLX
2023-11-03,43.23600006103515,36671000,4446980000.0,1618528000.0,14353076000.0,5147176000.0,NFLX
2023-11-06,43.4739990234375,30032000,4446980000.0,1618528000.0,14353076000.0,5147176000.0,NFLX
2023-11-07,43.46099853515625,32911000,4446980000.0,1618528000.0,14353076000.0,5147176000.0,NFLX
2023-11-08,43.665000915527344,23568000,4446980000.0,1618528000.0,14353076000.0,5147176000.0,NFLX
2023-11-09,43.51499938964844,27355000,4446980000.0,1618528000.0,14353076000.0,5147176000.0,NFLX
2023-11-10,44.7239990234375,44406000,4446980000.0,1618528000.0,14353076000.0,5147176000.0,NFLX
2023-11-13,44.46200180053711,28961000,4446980000.0,1618528000.0,14353076000.0,5147176000.0,NFLX
2023-11-14,44.8650016784668,40609000,4446980000.0,1618528000.0,14353076000.0,5147176000.0,NFLX
2023-11-15,46.194000244140625,50353000,4446980000.0,1618528000.0,14353076000.0,5147176000.0,NFLX
2023-11-16,46.69499969482422,36560000,4446980000.0,1618528000.0,14353076000.0,5147176000.0,NFLX
2023-11-17,46.59099960327149,27985000,4446980000.0,1618528000.0,14353076000.0,5147176000.0,NFLX
2023-11-20,47.446998596191406,36176000,4446980000.0,1618528000.0,14353076000.0,5147176000.0,NFLX
2023-11-21,47.494998931884766,29977000,4446980000.0,1618528000.0,14353076000.0,5147176000.0,NFLX
2023-11-22,47.79999923706055,28416000,4446980000.0,1618528000.0,14353076000.0,5147176000.0,NFLX
2023-11-24,47.95600128173828,14047000,4446980000.0,1618528000.0,14353076000.0,5147176000.0,NFLX
2023-11-27,47.91699981689453,36259000,4446980000.0,1618528000.0,14353076000.0,5147176000.0,NFLX
2023-11-28,47.900001525878906,28902000,4446980000.0,1618528000.0,14353076000.0,5147176000.0,NFLX
2023-11-29,47.71900177001953,28555000,4446980000.0,1618528000.0,14353076000.0,5147176000.0,NFLX
2023-11-30,47.39699935913086,42873000,4446980000.0,1618528000.0,14353076000.0,5147176000.0,NFLX
2023-12-01,46.57400131225586,43415000,4446980000.0,1618528000.0,14353076000.0,5147176000.0,NFLX
2023-12-04,45.38999938964844,51577000,4446980000.0,1618528000.0,14353076000.0,5147176000.0,NFLX
2023-12-05,45.51499938964844,33807000,4446980000.0,1618528000.0,14353076000.0,5147176000.0,NFLX
2023-12-06,44.67300033569336,41788000,4446980000.0,1618528000.0,14353076000.0,5147176000.0,NFLX
2023-12-07,45.20000076293945,35067000,4446980000.0,1618528000.0,14353076000.0,5147176000.0,NFLX
2023-12-08,45.375999450683594,34584000,4446980000.0,1618528000.0,14353076000.0,5147176000.0,NFLX
2023-12-11,45.98899841308594,49297000,4446980000.0,1618528000.0,14353076000.0,5147176000.0,NFLX
2023-12-12,46.29999923706055,33027000,4446980000.0,1618528000.0,14353076000.0,5147176000.0,NFLX
2023-12-13,47.99800109863281,58202000,4446980000.0,1618528000.0,14353076000.0,5147176000.0,NFLX
2023-12-14,46.983001708984375,51764000,4446980000.0,1618528000.0,14353076000.0,5147176000.0,NFLX
2023-12-15,47.20600128173828,78410000,4446980000.0,1618528000.0,14353076000.0,5147176000.0,NFLX
2023-12-18,48.61199951171875,64107000,4446980000.0,1618528000.0,14353076000.0,5147176000.0,NFLX
2023-12-19,49.50199890136719,38490000,4446980000.0,1618528000.0,14353076000.0,5147176000.0,NFLX
2023-12-20,48.926998138427734,45637000,4446980000.0,1618528000.0,14353076000.0,5147176000.0,NFLX
2023-12-21,49.1609992980957,27562000,4446980000.0,1618528000.0,14353076000.0,5147176000.0,NFLX
2023-12-22,48.67599868774414,27027000,4446980000.0,1618528000.0,14353076000.0,5147176000.0,NFLX
2023-12-26,49.11899948120117,20345000,4446980000.0,1618528000.0,14353076000.0,5147176000.0,NFLX
2023-12-27,49.17900085449219,25613000,4446980000.0,1618528000.0,14353076000.0,5147176000.0,NFLX
2023-12-28,49.05099868774414,17105000,4446980000.0,1618528000.0,14353076000.0,5147176000.0,NFLX
2023-12-29,48.6879997253418,27406000,4446980000.0,1618528000.0,14353076000.0,5147176000.0,NFLX
2024-01-02,46.849998474121094,50494000,4415710000.0,6925749000.0,16973374000.0,7116913000.0,NFLX
2024-01-03,47.0260009765625,34437000,4415710000.0,6925749000.0,16973374000.0,7116913000.0,NFLX
2024-01-04,47.46699905395508,36365000,4415710000.0,6925749000.0,16973374000.0,7116913000.0,NFLX
2024-01-05,47.40599822998047,26313000,4415710000.0,6925749000.0,16973374000.0,7116913000.0,NFLX
2024-01-08,48.50299835205078,36758000,4415710000.0,6925749000.0,16973374000.0,7116913000.0,NFLX
2024-01-09,48.20899963378906,35268000,4415710000.0,6925749000.0,16973374000.0,7116913000.0,NFLX
2024-01-10,47.83300018310547,43424000,4415710000.0,6925749000.0,16973374000.0,7116913000.0,NFLX
2024-01-11,49.222999572753906,79933000,4415710000.0,6925749000.0,16973374000.0,7116913000.0,NFLX
2024-01-12,49.21599960327149,50037000,4415710000.0,6925749000.0,16973374000.0,7116913000.0,NFLX
2024-01-16,48.124000549316406,46790000,4415710000.0,6925749000.0,16973374000.0,7116913000.0,NFLX
2024-01-17,48.03300094604492,48946000,4415710000.0,6925749000.0,16973374000.0,7116913000.0,NFLX
2024-01-18,48.53099822998047,40544000,4415710000.0,6925749000.0,16973374000.0,7116913000.0,NFLX
2024-01-19,48.29499816894531,56724000,4415710000.0,6925749000.0,16973374000.0,7116913000.0,NFLX
2024-01-22,48.57099914550781,52123000,4415710000.0,6925749000.0,16973374000.0,7116913000.0,NFLX
2024-01-23,49.21900177001953,155060000,4415710000.0,6925749000.0,16973374000.0,7116913000.0,NFLX
2024-01-24,54.48699951171875,264328000,4415710000.0,6925749000.0,16973374000.0,7116913000.0,NFLX
2024-01-25,56.20000076293945,94519000,4415710000.0,6925749000.0,16973374000.0,7116913000.0,NFLX
2024-01-26,57.04199981689453,127706000,4415710000.0,6925749000.0,16973374000.0,7116913000.0,NFLX
2024-01-29,57.57899856567383,69054000,4415710000.0,6925749000.0,16973374000.0,7116913000.0,NFLX
2024-01-30,56.28499984741211,61818000,4415710000.0,6925749000.0,16973374000.0,7116913000.0,NFLX
2024-01-31,56.4109992980957,48576000,4415710000.0,6925749000.0,16973374000.0,7116913000.0,NFLX
2024-02-01,56.750999450683594,31740000,4415710000.0,6925749000.0,16973374000.0,7116913000.0,NFLX
2024-02-02,56.4640007019043,40328000,4415710000.0,6925749000.0,16973374000.0,7116913000.0,NFLX
2024-02-05,56.20600128173828,41431000,4415710000.0,6925749000.0,16973374000.0,7116913000.0,NFLX
2024-02-06,55.5880012512207,28403000,4415710000.0,6925749000.0,16973374000.0,7116913000.0,NFLX
2024-02-07,55.93000030517578,43736000,4415710000.0,6925749000.0,16973374000.0,7116913000.0,NFLX
2024-02-08,55.85300064086914,31755000,4415710000.0,6925749000.0,16973374000.0,7116913000.0,NFLX
2024-02-09,56.13199996948242,30557000,4415710000.0,6925749000.0,16973374000.0,7116913000.0,NFLX
2024-02-12,55.78499984741211,36085000,4415710000.0,6925749000.0,16973374000.0,7116913000.0,NFLX
2024-02-13,55.45199966430664,35115000,4415710000.0,6925749000.0,16973374000.0,7116913000.0,NFLX
2024-02-14,57.93299865722656,56342000,4415710000.0,6925749000.0,16973374000.0,7116913000.0,NFLX
2024-02-15,59.34600067138672,52209000,4415710000.0,6925749000.0,16973374000.0,7116913000.0,NFLX
2024-02-16,58.39500045776367,43257000,4415710000.0,6925749000.0,16973374000.0,7116913000.0,NFLX
2024-02-20,57.51300048828125,31242000,4415710000.0,6925749000.0,16973374000.0,7116913000.0,NFLX
2024-02-21,57.334999084472656,22706000,4415710000.0,6925749000.0,16973374000.0,7116913000.0,NFLX
2024-02-22,58.84700012207031,35266000,4415710000.0,6925749000.0,16973374000.0,7116913000.0,NFLX
2024-02-23,58.35599899291992,25689000,4415710000.0,6925749000.0,16973374000.0,7116913000.0,NFLX
2024-02-26,58.76499938964844,23937000,4415710000.0,6925749000.0,16973374000.0,7116913000.0,NFLX
2024-02-27,60.16699981689453,44894000,4415710000.0,6925749000.0,16973374000.0,7116913000.0,NFLX
2024-02-28,59.64799880981445,26052000,4415710000.0,6925749000.0,16973374000.0,7116913000.0,NFLX
2024-02-29,60.29199981689453,35721000,4415710000.0,6925749000.0,16973374000.0,7116913000.0,NFLX
2024-03-01,61.93399810791016,42703000,4415710000.0,6925749000.0,16973374000.0,7116913000.0,NFLX
2024-03-04,61.58300018310547,30203000,4415710000.0,6925749000.0,16973374000.0,7116913000.0,NFLX
2024-03-05,59.849998474121094,38496000,4415710000.0,6925749000.0,16973374000.0,7116913000.0,NFLX
2024-03-06,59.76900100708008,24696000,4415710000.0,6925749000.0,16973374000.0,7116913000.0,NFLX
2024-03-07,60.85100173950195,27428000,4415710000.0,6925749000.0,16973374000.0,7116913000.0,NFLX
2024-03-08,60.48199844360352,27772000,4415710000.0,6925749000.0,16973374000.0,7116913000.0,NFLX
2024-03-11,60.09299850463867,25009000,4415710000.0,6925749000.0,16973374000.0,7116913000.0,NFLX
2024-03-12,61.108001708984375,28216000,4415710000.0,6925749000.0,16973374000.0,7116913000.0,NFLX
2024-03-13,60.94499969482422,21921000,4415710000.0,6925749000.0,16973374000.0,7116913000.0,NFLX
2024-03-14,61.30099868774414,31205000,4415710000.0,6925749000.0,16973374000.0,7116913000.0,NFLX
2024-03-15,60.5880012512207,66716000,4415710000.0,6925749000.0,16973374000.0,7116913000.0,NFLX
2024-03-18,61.8390007019043,33442000,4415710000.0,6925749000.0,16973374000.0,7116913000.0,NFLX
2024-03-19,62.07400131225586,21426000,4415710000.0,6925749000.0,16973374000.0,7116913000.0,NFLX
2024-03-20,62.76900100708008,26395000,4415710000.0,6925749000.0,16973374000.0,7116913000.0,NFLX
2024-03-21,62.270999908447266,25077000,4415710000.0,6925749000.0,16973374000.0,7116913000.0,NFLX
2024-03-22,62.80099868774414,21357000,4415710000.0,6925749000.0,16973374000.0,7116913000.0,NFLX
2024-03-25,62.74599838256836,18033000,4415710000.0,6925749000.0,16973374000.0,7116913000.0,NFLX
2024-03-26,62.92399978637695,28045000,4415710000.0,6925749000.0,16973374000.0,7116913000.0,NFLX
2024-03-27,61.35300064086914,26283000,4415710000.0,6925749000.0,16973374000.0,7116913000.0,NFLX
2024-03-28,60.733001708984375,37088000,4415710000.0,6925749000.0,16973374000.0,7116913000.0,NFLX
2024-04-01,61.430999755859375,21159000,4415710000.0,6925749000.0,16973374000.0,7116913000.0,NFLX
2024-04-02,61.42100143432617,20292000,4415710000.0,6925749000.0,16973374000.0,7116913000.0,NFLX
2024-04-03,63.007999420166016,29312000,4415710000.0,6925749000.0,16973374000.0,7116913000.0,NFLX
2024-04-04,61.7140007019043,30643000,4415710000.0,6925749000.0,16973374000.0,7116913000.0,NFLX
2024-04-05,63.61800003051758,33788000,4415710000.0,6925749000.0,16973374000.0,7116913000.0,NFLX
2024-04-08,62.84099960327149,21457000,4415710000.0,6925749000.0,16973374000.0,7116913000.0,NFLX
2024-04-09,61.81999969482422,21436000,4415710000.0,6925749000.0,16973374000.0,7116913000.0,NFLX
2024-04-10,61.858001708984375,28062000,4415710000.0,6925749000.0,16973374000.0,7116913000.0,NFLX
2024-04-11,62.87799835205078,26627000,4415710000.0,6925749000.0,16973374000.0,7116913000.0,NFLX
2024-04-12,62.28300094604492,29593000,4415710000.0,6925749000.0,16973374000.0,7116913000.0,NFLX
2024-04-15,60.71500015258789,30854000,4415710000.0,6925749000.0,16973374000.0,7116913000.0,NFLX
2024-04-16,61.75199890136719,35191000,4415710000.0,6925749000.0,16973374000.0,7116913000.0,NFLX
2024-04-17,61.36899948120117,33122000,4415710000.0,6925749000.0,16973374000.0,7116913000.0,NFLX
2024-04-18,61.055999755859375,84684000,4415710000.0,6925749000.0,16973374000.0,7116913000.0,NFLX
2024-04-19,55.50400161743164,164497000,4415710000.0,6925749000.0,16973374000.0,7116913000.0,NFLX
2024-04-22,55.459999084472656,85977000,4415710000.0,6925749000.0,16973374000.0,7116913000.0,NFLX
2024-04-23,57.775001525878906,49755000,4415710000.0,6925749000.0,16973374000.0,7116913000.0,NFLX
2024-04-24,55.512001037597656,53553000,4415710000.0,6925749000.0,16973374000.0,7116913000.0,NFLX
2024-04-25,56.47999954223633,38071000,4415710000.0,6925749000.0,16973374000.0,7116913000.0,NFLX
2024-04-26,56.12300109863281,43326000,4415710000.0,6925749000.0,16973374000.0,7116913000.0,NFLX
2024-04-29,55.94900131225586,25089000,4415710000.0,6925749000.0,16973374000.0,7116913000.0,NFLX
2024-04-30,55.06399917602539,33615000,4415710000.0,6925749000.0,16973374000.0,7116913000.0,NFLX
2024-05-01,55.17100143432617,34732000,4415710000.0,6925749000.0,16973374000.0,7116913000.0,NFLX
2024-05-02,56.51499938964844,30682000,4415710000.0,6925749000.0,16973374000.0,7116913000.0,NFLX
2024-05-03,57.93399810791016,33075000,4415710000.0,6925749000.0,16973374000.0,7116913000.0,NFLX
2024-05-06,59.696998596191406,36863000,4415710000.0,6925749000.0,16973374000.0,7116913000.0,NFLX
2024-05-07,60.599998474121094,36141000,4415710000.0,6925749000.0,16973374000.0,7116913000.0,NFLX
2024-05-08,60.946998596191406,30939000,4415710000.0,6925749000.0,16973374000.0,7116913000.0,NFLX
2024-05-09,61.20899963378906,20654000,4415710000.0,6925749000.0,16973374000.0,7116913000.0,NFLX
2024-05-10,61.08700180053711,26536000,4415710000.0,6925749000.0,16973374000.0,7116913000.0,NFLX
2024-05-13,61.65900039672851,20862000,4415710000.0,6925749000.0,16973374000.0,7116913000.0,NFLX
2024-05-14,61.36600112915039,27924000,4415710000.0,6925749000.0,16973374000.0,7116913000.0,NFLX
2024-05-15,61.35200119018555,56706000,4415710000.0,6925749000.0,16973374000.0,7116913000.0,NFLX
2024-05-16,61.051998138427734,30564000,4415710000.0,6925749000.0,16973374000.0,7116913000.0,NFLX
2024-05-17,62.11000061035156,37827000,4415710000.0,6925749000.0,16973374000.0,7116913000.0,NFLX
2024-05-20,64.08200073242188,38579000,4415710000.0,6925749000.0,16973374000.0,7116913000.0,NFLX
2024-05-21,65.06099700927734,29202000,4415710000.0,6925749000.0,16973374000.0,7116913000.0,NFLX
2024-05-22,64.0469970703125,21762000,4415710000.0,6925749000.0,16973374000.0,7116913000.0,NFLX
2024-05-23,63.56700134277344,23139000,4415710000.0,6925749000.0,16973374000.0,7116913000.0,NFLX
2024-05-24,64.67500305175781,26153000,4415710000.0,6925749000.0,16973374000.0,7116913000.0,NFLX
2024-05-28,64.9000015258789,26095000,4415710000.0,6925749000.0,16973374000.0,7116913000.0,NFLX
2024-05-29,65.46199798583984,36959000,4415710000.0,6925749000.0,16973374000.0,7116913000.0,NFLX
2024-05-30,64.76599884033203,23889000,4415710000.0,6925749000.0,16973374000.0,7116913000.0,NFLX
2024-05-31,64.16200256347656,40710000,4415710000.0,6925749000.0,16973374000.0,7116913000.0,NFLX
2024-06-03,63.37900161743164,23235000,4415710000.0,6925749000.0,16973374000.0,7116913000.0,NFLX
2024-06-04,63.1619987487793,30082000,4415710000.0,6925749000.0,16973374000.0,7116913000.0,NFLX
2024-06-05,65.0270004272461,26826000,4415710000.0,6925749000.0,16973374000.0,7116913000.0,NFLX
2024-06-06,64.85199737548828,24667000,4415710000.0,6925749000.0,16973374000.0,7116913000.0,NFLX
2024-06-07,64.14700317382812,18766000,4415710000.0,6925749000.0,16973374000.0,7116913000.0,NFLX
2024-06-10,64.44999694824219,20644000,4415710000.0,6925749000.0,16973374000.0,7116913000.0,NFLX
2024-06-11,64.8550033569336,21674000,4415710000.0,6925749000.0,16973374000.0,7116913000.0,NFLX
2024-06-12,65.00599670410156,20944000,4415710000.0,6925749000.0,16973374000.0,7116913000.0,NFLX
2024-06-13,65.32599639892578,18636000,4415710000.0,6925749000.0,16973374000.0,7116913000.0,NFLX
2024-06-14,66.93800354003906,44471000,4415710000.0,6925749000.0,16973374000.0,7116913000.0,NFLX
2024-06-17,67.58300018310547,36312000,4415710000.0,6925749000.0,16973374000.0,7116913000.0,NFLX
2024-06-18,68.56700134277344,29438000,4415710000.0,6925749000.0,16973374000.0,7116913000.0,NFLX
2024-06-20,67.90299987792969,25851000,4415710000.0,6925749000.0,16973374000.0,7116913000.0,NFLX
2024-06-21,68.61199951171875,45064000,4415710000.0,6925749000.0,16973374000.0,7116913000.0,NFLX
2024-06-24,66.9020004272461,39163000,4415710000.0,6925749000.0,16973374000.0,7116913000.0,NFLX
2024-06-25,67.24099731445312,22706000,4415710000.0,6925749000.0,16973374000.0,7116913000.0,NFLX
2024-06-26,67.76899719238281,35458000,4415710000.0,6925749000.0,16973374000.0,7116913000.0,NFLX
2024-06-27,68.43399810791016,24048000,4415710000.0,6925749000.0,16973374000.0,7116913000.0,NFLX
2024-06-28,67.48799896240234,34124000,4415710000.0,6925749000.0,16973374000.0,7116913000.0,NFLX
2024-07-01,67.36100006103516,22128000,4415710000.0,6925749000.0,16973374000.0,7116913000.0,NFLX
2024-07-02,67.95800018310547,24114000,4415710000.0,6925749000.0,16973374000.0,7116913000.0,NFLX
2024-07-03,68.2509994506836,14035000,4415710000.0,6925749000.0,16973374000.0,7116913000.0,NFLX
2024-07-05,69.06500244140625,26591000,4415710000.0,6925749000.0,16973374000.0,7116913000.0,NFLX
2024-07-08,68.5739974975586,19308000,4415710000.0,6925749000.0,16973374000.0,7116913000.0,NFLX
2024-07-09,68.5739974975586,25961000,4415710000.0,6925749000.0,16973374000.0,7116913000.0,NFLX
2024-07-10,67.76499938964844,26519000,4415710000.0,6925749000.0,16973374000.0,7116913000.0,NFLX
2024-07-11,65.2750015258789,51066000,4415710000.0,6925749000.0,16973374000.0,7116913000.0,NFLX
2024-07-12,64.76000213623047,33552000,4415710000.0,6925749000.0,16973374000.0,7116913000.0,NFLX
2024-07-15,65.6449966430664,32088000,4415710000.0,6925749000.0,16973374000.0,7116913000.0,NFLX
2024-07-16,65.63200378417969,26857000,4415710000.0,6925749000.0,16973374000.0,7116913000.0,NFLX
2024-07-17,64.74600219726562,40173000,4415710000.0,6925749000.0,16973374000.0,7116913000.0,NFLX
2024-07-18,64.30400085449219,75758000,4415710000.0,6925749000.0,16973374000.0,7116913000.0,NFLX
2024-07-19,63.33399963378906,98156000,4415710000.0,6925749000.0,16973374000.0,7116913000.0,NFLX
2024-07-22,64.75,52191000,4415710000.0,6925749000.0,16973374000.0,7116913000.0,NFLX
2024-07-23,64.2760009765625,24636000,4415710000.0,6925749000.0,16973374000.0,7116913000.0,NFLX
2024-07-24,63.5989990234375,48882000,4415710000.0,6925749000.0,16973374000.0,7116913000.0,NFLX
2024-07-25,63.40900039672851,45545000,4415710000.0,6925749000.0,16973374000.0,7116913000.0,NFLX
2024-07-26,63.137001037597656,31207000,4415710000.0,6925749000.0,16973374000.0,7116913000.0,NFLX
2024-07-29,62.69599914550781,24005000,4415710000.0,6925749000.0,16973374000.0,7116913000.0,NFLX
2024-07-30,62.257999420166016,34966000,4415710000.0,6925749000.0,16973374000.0,7116913000.0,NFLX
2024-07-31,62.834999084472656,31349000,4415710000.0,6925749000.0,16973374000.0,7116913000.0,NFLX
2024-08-01,62.48500061035156,37206000,4415710000.0,6925749000.0,16973374000.0,7116913000.0,NFLX
2024-08-02,61.36399841308594,35230000,4415710000.0,6925749000.0,16973374000.0,7116913000.0,NFLX
2024-08-05,59.85499954223633,40442000,4415710000.0,6925749000.0,16973374000.0,7116913000.0,NFLX
2024-08-06,60.957000732421875,43191000,4415710000.0,6925749000.0,16973374000.0,7116913000.0,NFLX
2024-08-07,61.14799880981445,31878000,4415710000.0,6925749000.0,16973374000.0,7116913000.0,NFLX
2024-08-08,63.03499984741211,32835000,4415710000.0,6925749000.0,16973374000.0,7116913000.0,NFLX
2024-08-09,63.39400100708008,19808000,4415710000.0,6925749000.0,16973374000.0,7116913000.0,NFLX
2024-08-12,63.31399917602539,23317000,4415710000.0,6925749000.0,16973374000.0,7116913000.0,NFLX
2024-08-13,64.802001953125,26396000,4415710000.0,6925749000.0,16973374000.0,7116913000.0,NFLX
2024-08-14,66.16799926757812,40143000,4415710000.0,6925749000.0,16973374000.0,7116913000.0,NFLX
2024-08-15,66.3219985961914,32102000,4415710000.0,6925749000.0,16973374000.0,7116913000.0,NFLX
2024-08-16,67.40699768066406,35110000,4415710000.0,6925749000.0,16973374000.0,7116913000.0,NFLX
2024-08-19,68.85299682617188,30162000,4415710000.0,6925749000.0,16973374000.0,7116913000.0,NFLX
2024-08-20,69.85399627685547,48131000,4415710000.0,6925749000.0,16973374000.0,7116913000.0,NFLX
2024-08-21,69.71199798583984,22353000,4415710000.0,6925749000.0,16973374000.0,7116913000.0,NFLX
2024-08-22,68.89600372314453,27294000,4415710000.0,6925749000.0,16973374000.0,7116913000.0,NFLX
2024-08-23,68.6729965209961,23545000,4415710000.0,6925749000.0,16973374000.0,7116913000.0,NFLX
2024-08-26,68.84400177001953,13542000,4415710000.0,6925749000.0,16973374000.0,7116913000.0,NFLX
2024-08-27,69.5719985961914,31649000,4415710000.0,6925749000.0,16973374000.0,7116913000.0,NFLX
2024-08-28,68.38400268554688,24306000,4415710000.0,6925749000.0,16973374000.0,7116913000.0,NFLX
2024-08-29,69.24800109863281,21870000,4415710000.0,6925749000.0,16973374000.0,7116913000.0,NFLX
2024-08-30,70.13500213623047,32667000,4415710000.0,6925749000.0,16973374000.0,7116913000.0,NFLX
2024-09-03,67.53199768066406,31610000,4415710000.0,6925749000.0,16973374000.0,7116913000.0,NFLX
2024-09-04,67.96800231933594,17853000,4415710000.0,6925749000.0,16973374000.0,7116913000.0,NFLX
2024-09-05,68.36199951171875,18101000,4415710000.0,6925749000.0,16973374000.0,7116913000.0,NFLX
2024-09-06,66.5770034790039,29913000,4415710000.0,6925749000.0,16973374000.0,7116913000.0,NFLX
2024-09-09,67.54199981689453,26831000,4415710000.0,6925749000.0,16973374000.0,7116913000.0,NFLX
2024-09-10,67.36199951171875,20792000,4415710000.0,6925749000.0,16973374000.0,7116913000.0,NFLX
2024-09-11,68.14700317382812,23919000,4415710000.0,6925749000.0,16973374000.0,7116913000.0,NFLX
2024-09-12,68.68000030517578,25821000,4415710000.0,6925749000.0,16973374000.0,7116913000.0,NFLX
2024-09-13,69.70600128173828,22765000,4415710000.0,6925749000.0,16973374000.0,7116913000.0,NFLX
2024-09-16,69.6500015258789,18437000,4415710000.0,6925749000.0,16973374000.0,7116913000.0,NFLX
2024-09-17,70.69100189208984,22986000,4415710000.0,6925749000.0,16973374000.0,7116913000.0,NFLX
2024-09-18,69.0469970703125,29844000,4415710000.0,6925749000.0,16973374000.0,7116913000.0,NFLX
2024-09-19,70.43199920654297,42285000,4415710000.0,6925749000.0,16973374000.0,7116913000.0,NFLX
2024-09-20,70.10299682617188,39981000,4415710000.0,6925749000.0,16973374000.0,7116913000.0,NFLX
2024-09-23,70.53700256347656,32243000,4415710000.0,6925749000.0,16973374000.0,7116913000.0,NFLX
2024-09-24,72.22599792480469,35657000,4415710000.0,6925749000.0,16973374000.0,7116913000.0,NFLX
2024-09-25,72.15599822998047,22598000,4415710000.0,6925749000.0,16973374000.0,7116913000.0,NFLX
2024-09-26,71.14299774169922,28330000,4415710000.0,6925749000.0,16973374000.0,7116913000.0,NFLX
2024-09-27,70.73500061035156,23956000,4415710000.0,6925749000.0,16973374000.0,7116913000.0,NFLX
2024-09-30,70.927001953125,17099000,4415710000.0,6925749000.0,16973374000.0,7116913000.0,NFLX
2024-10-01,70.61299896240234,28135000,4415710000.0,6925749000.0,16973374000.0,7116913000.0,NFLX
2024-10-02,71.10900115966797,17582000,4415710000.0,6925749000.0,16973374000.0,7116913000.0,NFLX
2024-10-03,70.68000030517578,22564000,4415710000.0,6925749000.0,16973374000.0,7116913000.0,NFLX
2024-10-04,71.97000122070312,22290000,4415710000.0,6925749000.0,16973374000.0,7116913000.0,NFLX
2024-10-07,70.19200134277344,33605000,4415710000.0,6925749000.0,16973374000.0,7116913000.0,NFLX
2024-10-08,72.1760025024414,31874000,4415710000.0,6925749000.0,16973374000.0,7116913000.0,NFLX
2024-10-09,72.74299621582031,19811000,4415710000.0,6925749000.0,16973374000.0,7116913000.0,NFLX
2024-10-10,73.02899932861328,27679000,4415710000.0,6925749000.0,16973374000.0,7116913000.0,NFLX
2024-10-11,72.27899932861328,22995000,4415710000.0,6925749000.0,16973374000.0,7116913000.0,NFLX
2024-10-14,71.30000305175781,27971000,4415710000.0,6925749000.0,16973374000.0,7116913000.0,NFLX
2024-10-15,70.5979995727539,29328000,4415710000.0,6925749000.0,16973374000.0,7116913000.0,NFLX
2024-10-16,70.19999694824219,24943000,4415710000.0,6925749000.0,16973374000.0,7116913000.0,NFLX
2024-10-17,68.76499938964844,89267000,4415710000.0,6925749000.0,16973374000.0,7116913000.0,NFLX
2024-10-18,76.38899993896484,159741000,4415710000.0,6925749000.0,16973374000.0,7116913000.0,NFLX
2024-10-21,77.20700073242188,60571000,4415710000.0,6925749000.0,16973374000.0,7116913000.0,NFLX
2024-10-22,76.42400360107422,29873000,4415710000.0,6925749000.0,16973374000.0,7116913000.0,NFLX
2024-10-23,74.92900085449219,37490000,4415710000.0,6925749000.0,16973374000.0,7116913000.0,NFLX
2024-10-24,75.45500183105469,26430000,4415710000.0,6925749000.0,16973374000.0,7116913000.0,NFLX
2024-10-25,75.46800231933594,28195000,4415710000.0,6925749000.0,16973374000.0,7116913000.0,NFLX
2024-10-28,74.91200256347656,28624000,4415710000.0,6925749000.0,16973374000.0,7116913000.0,NFLX
2024-10-29,75.94400024414062,36604000,4415710000.0,6925749000.0,16973374000.0,7116913000.0,NFLX
2024-10-30,75.3740005493164,17220000,4415710000.0,6925749000.0,16973374000.0,7116913000.0,NFLX
2024-10-31,75.60299682617188,30577000,4415710000.0,6925749000.0,16973374000.0,7116913000.0,NFLX
2024-11-01,75.61000061035156,29968000,4415710000.0,6925749000.0,16973374000.0,7116913000.0,NFLX
2024-11-04,75.5510025024414,19022000,4415710000.0,6925749000.0,16973374000.0,7116913000.0,NFLX
2024-11-05,76.39099884033203,22006000,4415710000.0,6925749000.0,16973374000.0,7116913000.0,NFLX
2024-11-06,78.02100372314453,36908000,4415710000.0,6925749000.0,16973374000.0,7116913000.0,NFLX
2024-11-07,79.65399932861328,32951000,4415710000.0,6925749000.0,16973374000.0,7116913000.0,NFLX
2024-11-08,79.50399780273438,19106000,4415710000.0,6925749000.0,16973374000.0,7116913000.0,NFLX
2024-11-11,80.54399871826172,23992000,4415710000.0,6925749000.0,16973374000.0,7116913000.0,NFLX
2024-11-12,81.94999694824219,28141000,4415710000.0,6925749000.0,16973374000.0,7116913000.0,NFLX
2024-11-13,83.0469970703125,27678000,4415710000.0,6925749000.0,16973374000.0,7116913000.0,NFLX
2024-11-14,83.72599792480469,30382000,4415710000.0,6925749000.0,16973374000.0,7116913000.0,NFLX
2024-11-15,82.39600372314453,36737000,4415710000.0,6925749000.0,16973374000.0,7116913000.0,NFLX
2024-11-18,84.70500183105469,40812000,4415710000.0,6925749000.0,16973374000.0,7116913000.0,NFLX
2024-11-19,87.13200378417969,38142000,4415710000.0,6925749000.0,16973374000.0,7116913000.0,NFLX
2024-11-20,88.38500213623047,40938000,4415710000.0,6925749000.0,16973374000.0,7116913000.0,NFLX
2024-11-21,89.74800109863281,45113000,4415710000.0,6925749000.0,16973374000.0,7116913000.0,NFLX
2024-11-22,89.77899932861328,32140000,4415710000.0,6925749000.0,16973374000.0,7116913000.0,NFLX
2024-11-25,86.55899810791016,60142000,4415710000.0,6925749000.0,16973374000.0,7116913000.0,NFLX
2024-11-26,87.26000213623047,31383000,4415710000.0,6925749000.0,16973374000.0,7116913000.0,NFLX
2024-11-27,87.73400115966797,25782000,4415710000.0,6925749000.0,16973374000.0,7116913000.0,NFLX
2024-11-29,88.68099975585938,20272000,4415710000.0,6925749000.0,16973374000.0,7116913000.0,NFLX
2024-12-02,89.77400207519531,23890000,4415710000.0,6925749000.0,16973374000.0,7116913000.0,NFLX
2024-12-03,90.21700286865234,24016000,4415710000.0,6925749000.0,16973374000.0,7116913000.0,NFLX
2024-12-04,91.1060028076172,26896000,4415710000.0,6925749000.0,16973374000.0,7116913000.0,NFLX
2024-12-05,91.78700256347656,28353000,4415710000.0,6925749000.0,16973374000.0,7116913000.0,NFLX
2024-12-06,93.4739990234375,29554000,4415710000.0,6925749000.0,16973374000.0,7116913000.0,NFLX
2024-12-09,91.36900329589844,33501000,4415710000.0,6925749000.0,16973374000.0,7116913000.0,NFLX
2024-12-10,91.33499908447266,23886000,4415710000.0,6925749000.0,16973374000.0,7116913000.0,NFLX
2024-12-11,93.65599822998048,35017000,4415710000.0,6925749000.0,16973374000.0,7116913000.0,NFLX
2024-12-12,92.55500030517578,24862000,4415710000.0,6925749000.0,16973374000.0,7116913000.0,NFLX
2024-12-13,91.88700103759766,24858000,4415710000.0,6925749000.0,16973374000.0,7116913000.0,NFLX
2024-12-16,92.10800170898438,26749000,4415710000.0,6925749000.0,16973374000.0,7116913000.0,NFLX
2024-12-17,91.91300201416016,24595000,4415710000.0,6925749000.0,16973374000.0,7116913000.0,NFLX
2024-12-18,88.95500183105469,29382000,4415710000.0,6925749000.0,16973374000.0,7116913000.0,NFLX
2024-12-19,90.2040023803711,28155000,4415710000.0,6925749000.0,16973374000.0,7116913000.0,NFLX
2024-12-20,90.90499877929688,45305000,4415710000.0,6925749000.0,16973374000.0,7116913000.0,NFLX
2024-12-23,91.1449966430664,23394000,4415710000.0,6925749000.0,16973374000.0,7116913000.0,NFLX
2024-12-24,93.21199798583984,23203000,4415710000.0,6925749000.0,16973374000.0,7116913000.0,NFLX
2024-12-26,92.41400146484376,23403000,4415710000.0,6925749000.0,16973374000.0,7116913000.0,NFLX
2024-12-27,90.75499725341795,32262000,4415710000.0,6925749000.0,16973374000.0,7116913000.0,NFLX
2024-12-30,90.04299926757812,22030000,4415710000.0,6925749000.0,16973374000.0,7116913000.0,NFLX
2024-12-31,89.13200378417969,18759000,4295190000.0,6921826000.0,17994974000.0,7804733000.0,NFLX
2025-01-02,88.6729965209961,23123000,4295190000.0,6921826000.0,17994974000.0,7804733000.0,NFLX
2025-01-03,88.1050033569336,29673000,4295190000.0,6921826000.0,17994974000.0,7804733000.0,NFLX
2025-01-06,88.17900085449219,34577000,4295190000.0,6921826000.0,17994974000.0,7804733000.0,NFLX
2025-01-07,87.91899871826172,26498000,4295190000.0,6921826000.0,17994974000.0,7804733000.0,NFLX
2025-01-08,87.5,23479000,4295190000.0,6921826000.0,17994974000.0,7804733000.0,NFLX
2025-01-10,83.76899719238281,48033000,4295190000.0,6921826000.0,17994974000.0,7804733000.0,NFLX
2025-01-13,84.02899932861328,30245000,4295190000.0,6921826000.0,17994974000.0,7804733000.0,NFLX
2025-01-14,82.83999633789062,30377000,4295190000.0,6921826000.0,17994974000.0,7804733000.0,NFLX
2025-01-15,84.82599639892578,31814000,4295190000.0,6921826000.0,17994974000.0,7804733000.0,NFLX
2025-01-16,84.23699951171875,40285000,4295190000.0,6921826000.0,17994974000.0,7804733000.0,NFLX
2025-01-17,85.80999755859375,36176000,4295190000.0,6921826000.0,17994974000.0,7804733000.0,NFLX
2025-01-21,86.96800231933594,98514000,4295190000.0,6921826000.0,17994974000.0,7804733000.0,NFLX
2025-01-22,95.39900207519533,142732000,4295190000.0,6921826000.0,17994974000.0,7804733000.0,NFLX
2025-01-23,98.48600006103516,77521000,4295190000.0,6921826000.0,17994974000.0,7804733000.0,NFLX
2025-01-24,97.75900268554688,45504000,4295190000.0,6921826000.0,17994974000.0,7804733000.0,NFLX
2025-01-27,97.18900299072266,46342000,4295190000.0,6921826000.0,17994974000.0,7804733000.0,NFLX
2025-01-28,97.18299865722656,34340000,4295190000.0,6921826000.0,17994974000.0,7804733000.0,NFLX
2025-01-29,97.81500244140624,29307000,4295190000.0,6921826000.0,17994974000.0,7804733000.0,NFLX
2025-01-30,97.3239974975586,38678000,4295190000.0,6921826000.0,17994974000.0,7804733000.0,NFLX
2025-01-31,97.6760025024414,36151000,4295190000.0,6921826000.0,17994974000.0,7804733000.0,NFLX
2025-02-03,97.8939971923828,37242000,4295190000.0,6921826000.0,17994974000.0,7804733000.0,NFLX
2025-02-04,99.48699951171876,60001000,4295190000.0,6921826000.0,17994974000.0,7804733000.0,NFLX
2025-02-05,101.11100006103516,39934000,4295190000.0,6921826000.0,17994974000.0,7804733000.0,NFLX
2025-02-06,101.56800079345705,31343000,4295190000.0,6921826000.0,17994974000.0,7804733000.0,NFLX
2025-02-07,101.39299774169922,32129000,4295190000.0,6921826000.0,17994974000.0,7804733000.0,NFLX
2025-02-10,102.76000213623048,32966000,4295190000.0,6921826000.0,17994974000.0,7804733000.0,NFLX
2025-02-11,100.80799865722656,33318000,4295190000.0,6921826000.0,17994974000.0,7804733000.0,NFLX
2025-02-12,102.7310028076172,33890000,4295190000.0,6921826000.0,17994974000.0,7804733000.0,NFLX
2025-02-13,104.36900329589844,34761000,4295190000.0,6921826000.0,17994974000.0,7804733000.0,NFLX
2025-02-14,105.86000061035156,31454000,4295190000.0,6921826000.0,17994974000.0,7804733000.0,NFLX
2025-02-18,103.58499908447266,42293000,4295190000.0,6921826000.0,17994974000.0,7804733000.0,NFLX
2025-02-19,104.33300018310548,26000000,4295190000.0,6921826000.0,17994974000.0,7804733000.0,NFLX
2025-02-20,102.4540023803711,31118000,4295190000.0,6921826000.0,17994974000.0,7804733000.0,NFLX
2025-02-21,100.31500244140624,37387000,4295190000.0,6921826000.0,17994974000.0,7804733000.0,NFLX
2025-02-24,98.84700012207033,44262000,4295190000.0,6921826000.0,17994974000.0,7804733000.0,NFLX
2025-02-25,97.7239990234375,47383000,4295190000.0,6921826000.0,17994974000.0,7804733000.0,NFLX
2025-02-26,99.00599670410156,33972000,4295190000.0,6921826000.0,17994974000.0,7804733000.0,NFLX
2025-02-27,96.30699920654295,37666000,4295190000.0,6921826000.0,17994974000.0,7804733000.0,NFLX
2025-02-28,98.05599975585938,47174000,4295190000.0,6921826000.0,17994974000.0,7804733000.0,NFLX
2025-03-03,97.37000274658205,39074000,4295190000.0,6921826000.0,17994974000.0,7804733000.0,NFLX
2025-03-04,97.25800323486328,43928000,4295190000.0,6921826000.0,17994974000.0,7804733000.0,NFLX
2025-03-05,99.09200286865234,38079000,4295190000.0,6921826000.0,17994974000.0,7804733000.0,NFLX
2025-03-06,90.63600158691406,78526000,4295190000.0,6921826000.0,17994974000.0,7804733000.0,NFLX
2025-03-07,89.11100006103516,77375000,4295190000.0,6921826000.0,17994974000.0,7804733000.0,NFLX
2025-03-10,86.66799926757812,69953000,4295190000.0,6921826000.0,17994974000.0,7804733000.0,NFLX
2025-03-11,89.51000213623047,73989000,4295190000.0,6921826000.0,17994974000.0,7804733000.0,NFLX
2025-03-12,91.96800231933594,68658000,4295190000.0,6921826000.0,17994974000.0,7804733000.0,NFLX
2025-03-13,89.01699829101562,50017000,4295190000.0,6921826000.0,17994974000.0,7804733000.0,NFLX
2025-03-14,91.8000030517578,52007000,4295190000.0,6921826000.0,17994974000.0,7804733000.0,NFLX
2025-03-17,95.0019989013672,75431000,4295190000.0,6921826000.0,17994974000.0,7804733000.0,NFLX
2025-03-18,92.9980010986328,60094000,4295190000.0,6921826000.0,17994974000.0,7804733000.0,NFLX
2025-03-19,95.9489974975586,66624000,4295190000.0,6921826000.0,17994974000.0,7804733000.0,NFLX
2025-03-20,95.08399963378906,44663000,4295190000.0,6921826000.0,17994974000.0,7804733000.0,NFLX
2025-03-21,96.02899932861328,59054000,4295190000.0,6921826000.0,17994974000.0,7804733000.0,NFLX
2025-03-24,97.1989974975586,46779000,4295190000.0,6921826000.0,17994974000.0,7804733000.0,NFLX
2025-03-25,99.72799682617188,37822000,4295190000.0,6921826000.0,17994974000.0,7804733000.0,NFLX
2025-03-26,97.06500244140624,35274000,4295190000.0,6921826000.0,17994974000.0,7804733000.0,NFLX
2025-03-27,97.6719970703125,30472000,4295190000.0,6921826000.0,17994974000.0,7804733000.0,NFLX
2025-03-28,93.38500213623048,44227000,4295190000.0,6921826000.0,17994974000.0,7804733000.0,NFLX
2025-03-31,93.25299835205078,46341000,4295190000.0,6921826000.0,17994974000.0,7804733000.0,NFLX
2025-04-01,92.83799743652344,35200000,4295190000.0,6921826000.0,17994974000.0,7804733000.0,NFLX
2025-04-02,93.552001953125,32569000,4295190000.0,6921826000.0,17994974000.0,7804733000.0,NFLX
2025-04-03,91.70500183105467,58646000,4295190000.0,6921826000.0,17994974000.0,7804733000.0,NFLX
2025-04-04,85.58599853515625,67988000,4295190000.0,6921826000.0,17994974000.0,7804733000.0,NFLX
2025-04-07,86.78299713134766,66568000,4295190000.0,6921826000.0,17994974000.0,7804733000.0,NFLX
2025-04-08,87.04000091552734,56254000,4295190000.0,6921826000.0,17994974000.0,7804733000.0,NFLX
2025-04-09,94.5469970703125,74980000,4295190000.0,6921826000.0,17994974000.0,7804733000.0,NFLX
2025-04-10,92.11699676513672,51298000,4295190000.0,6921826000.0,17994974000.0,7804733000.0,NFLX
2025-04-11,91.8290023803711,40736000,4295190000.0,6921826000.0,17994974000.0,7804733000.0,NFLX
2025-04-14,93.12799835205078,40359000,4295190000.0,6921826000.0,17994974000.0,7804733000.0,NFLX
2025-04-15,97.62799835205078,77120000,4295190000.0,6921826000.0,17994974000.0,7804733000.0,NFLX
2025-04-16,96.16300201416016,60661000,4295190000.0,6921826000.0,17994974000.0,7804733000.0,NFLX
2025-04-17,97.3030014038086,88937000,4295190000.0,6921826000.0,17994974000.0,7804733000.0,NFLX
2025-04-21,98.79100036621094,97757000,4295190000.0,6921826000.0,17994974000.0,7804733000.0,NFLX
2025-04-22,104.03399658203124,93689000,4295190000.0,6921826000.0,17994974000.0,7804733000.0,NFLX
2025-04-23,104.95899963378906,64719000,4295190000.0,6921826000.0,17994974000.0,7804733000.0,NFLX
2025-04-24,109.68699645996094,63819000,4295190000.0,6921826000.0,17994974000.0,7804733000.0,NFLX
2025-04-25,110.15299987792967,39500000,4295190000.0,6921826000.0,17994974000.0,7804733000.0,NFLX
2025-04-28,111.03800201416016,38311000,4295190000.0,6921826000.0,17994974000.0,7804733000.0,NFLX
2025-04-29,112.56400299072266,37773000,4295190000.0,6921826000.0,17994974000.0,7804733000.0,NFLX
2025-04-30,113.1719970703125,42667000,4295190000.0,6921826000.0,17994974000.0,7804733000.0,NFLX
2025-05-01,113.34700012207033,34995000,4295190000.0,6921826000.0,17994974000.0,7804733000.0,NFLX
2025-05-02,115.64900207519533,37743000,4295190000.0,6921826000.0,17994974000.0,7804733000.0,NFLX
2025-05-05,113.40599822998048,56623000,4295190000.0,6921826000.0,17994974000.0,7804733000.0,NFLX
2025-05-06,113.7689971923828,32567000,4295190000.0,6921826000.0,17994974000.0,7804733000.0,NFLX
2025-05-07,115.54100036621094,43497000,4295190000.0,6921826000.0,17994974000.0,7804733000.0,NFLX
2025-05-08,114.44300079345705,37609000,4295190000.0,6921826000.0,17994974000.0,7804733000.0,NFLX
2025-05-09,114.02200317382812,25696000,4295190000.0,6921826000.0,17994974000.0,7804733000.0,NFLX
2025-05-12,111.0,64791000,4295190000.0,6921826000.0,17994974000.0,7804733000.0,NFLX
2025-05-13,113.84400177001952,39979000,4295190000.0,6921826000.0,17994974000.0,7804733000.0,NFLX
2025-05-14,115.0989990234375,39101000,4295190000.0,6921826000.0,17994974000.0,7804733000.0,NFLX
2025-05-15,117.7979965209961,44640000,4295190000.0,6921826000.0,17994974000.0,7804733000.0,NFLX
2025-05-16,119.15299987792967,46984000,4295190000.0,6921826000.0,17994974000.0,7804733000.0,NFLX
2025-05-19,119.16400146484376,28534000,4295190000.0,6921826000.0,17994974000.0,7804733000.0,NFLX
2025-05-20,119.2020034790039,21331000,4295190000.0,6921826000.0,17994974000.0,7804733000.0,NFLX
2025-05-21,119.46299743652344,29766000,4295190000.0,6921826000.0,17994974000.0,7804733000.0,NFLX
2025-05-22,118.7969970703125,18616000,4295190000.0,6921826000.0,17994974000.0,7804733000.0,NFLX
2025-05-23,118.53900146484376,21865000,4295190000.0,6921826000.0,17994974000.0,7804733000.0,NFLX
2025-05-27,121.15699768066406,29205000,4295190000.0,6921826000.0,17994974000.0,7804733000.0,NFLX
2025-05-28,120.8550033569336,18559000,4295190000.0,6921826000.0,17994974000.0,7804733000.0,NFLX
2025-05-29,118.48600006103516,33007000,4295190000.0,6921826000.0,17994974000.0,7804733000.0,NFLX
2025-05-30,120.7229995727539,46968000,4295190000.0,6921826000.0,17994974000.0,7804733000.0,NFLX
2025-06-02,121.89800262451172,22942000,4295190000.0,6921826000.0,17994974000.0,7804733000.0,NFLX
2025-06-03,121.79399871826172,23638000,4295190000.0,6921826000.0,17994974000.0,7804733000.0,NFLX
2025-06-04,123.96600341796876,23594000,4295190000.0,6921826000.0,17994974000.0,7804733000.0,NFLX
2025-06-05,125.052001953125,28172000,4295190000.0,6921826000.0,17994974000.0,7804733000.0,NFLX
2025-06-06,124.14700317382812,25570000,4295190000.0,6921826000.0,17994974000.0,7804733000.0,NFLX
2025-06-09,122.4459991455078,24031000,4295190000.0,6921826000.0,17994974000.0,7804733000.0,NFLX
2025-06-10,120.36199951171876,44544000,4295190000.0,6921826000.0,17994974000.0,7804733000.0,NFLX
2025-06-11,121.98799896240234,23823000,4295190000.0,6921826000.0,17994974000.0,7804733000.0,NFLX
2025-06-12,121.50299835205078,20846000,4295190000.0,6921826000.0,17994974000.0,7804733000.0,NFLX
2025-06-13,121.21499633789062,22103000,4295190000.0,6921826000.0,17994974000.0,7804733000.0,NFLX
2025-06-16,122.53500366210938,21128000,4295190000.0,6921826000.0,17994974000.0,7804733000.0,NFLX
2025-06-17,122.06700134277344,18921000,4295190000.0,6921826000.0,17994974000.0,7804733000.0,NFLX
2025-06-18,122.22899627685548,22810000,4295190000.0,6921826000.0,17994974000.0,7804733000.0,NFLX
2025-06-20,123.14099884033205,53482000,4295190000.0,6921826000.0,17994974000.0,7804733000.0,NFLX
2025-06-23,125.35399627685548,26673000,4295190000.0,6921826000.0,17994974000.0,7804733000.0,NFLX
2025-06-24,127.91100311279295,26633000,4295190000.0,6921826000.0,17994974000.0,7804733000.0,NFLX
2025-06-25,127.5250015258789,21465000,4295190000.0,6921826000.0,17994974000.0,7804733000.0,NFLX
2025-06-26,130.66700744628906,26059000,4295190000.0,6921826000.0,17994974000.0,7804733000.0,NFLX
2025-06-27,132.31199645996094,40709000,4295190000.0,6921826000.0,17994974000.0,7804733000.0,NFLX
2025-06-30,133.91299438476562,32829000,4295190000.0,6921826000.0,17994974000.0,7804733000.0,NFLX
2025-07-01,129.36000061035156,49936000,4295190000.0,6921826000.0,17994974000.0,7804733000.0,NFLX
2025-07-02,128.48599243164062,30488000,4295190000.0,6921826000.0,17994974000.0,7804733000.0,NFLX
2025-07-03,129.71800231933594,20062000,4295190000.0,6921826000.0,17994974000.0,7804733000.0,NFLX
2025-07-07,128.96200561523438,22737000,4295190000.0,6921826000.0,17994974000.0,7804733000.0,NFLX
2025-07-08,127.53099822998048,32925000,4295190000.0,6921826000.0,17994974000.0,7804733000.0,NFLX
2025-07-09,128.8280029296875,23845000,4295190000.0,6921826000.0,17994974000.0,7804733000.0,NFLX
2025-07-10,125.05899810791016,42308000,4295190000.0,6921826000.0,17994974000.0,7804733000.0,NFLX
2025-07-11,124.51100158691406,39572000,4295190000.0,6921826000.0,17994974000.0,7804733000.0,NFLX
2025-07-14,126.19499969482422,27810000,4295190000.0,6921826000.0,17994974000.0,7804733000.0,NFLX
2025-07-15,126.0270004272461,28017000,4295190000.0,6921826000.0,17994974000.0,7804733000.0,NFLX
2025-07-16,125.03099822998048,32270000,4295190000.0,6921826000.0,17994974000.0,7804733000.0,NFLX
2025-07-17,127.41699981689452,64699000,4295190000.0,6921826000.0,17994974000.0,7804733000.0,NFLX
2025-07-18,120.92400360107422,106933000,4295190000.0,6921826000.0,17994974000.0,7804733000.0,NFLX
2025-07-21,123.3270034790039,56276000,4295190000.0,6921826000.0,17994974000.0,7804733000.0,NFLX
2025-07-22,119.00800323486328,50630000,4295190000.0,6921826000.0,17994974000.0,7804733000.0,NFLX
2025-07-23,117.6780014038086,45043000,4295190000.0,6921826000.0,17994974000.0,7804733000.0,NFLX
2025-07-24,118.07599639892578,38456000,4295190000.0,6921826000.0,17994974000.0,7804733000.0,NFLX
2025-07-25,118.04900360107422,26293000,4295190000.0,6921826000.0,17994974000.0,7804733000.0,NFLX
2025-07-28,117.45999908447266,34470000,4295190000.0,6921826000.0,17994974000.0,7804733000.0,NFLX
2025-07-29,116.8740005493164,27525000,4295190000.0,6921826000.0,17994974000.0,7804733000.0,NFLX
2025-07-30,118.41999816894533,29227000,4295190000.0,6921826000.0,17994974000.0,7804733000.0,NFLX
2025-07-31,115.94000244140624,37129000,4295190000.0,6921826000.0,17994974000.0,7804733000.0,NFLX
2025-08-01,115.86000061035156,38910000,4295190000.0,6921826000.0,17994974000.0,7804733000.0,NFLX
2025-08-04,117.0989990234375,22447000,4295190000.0,6921826000.0,17994974000.0,7804733000.0,NFLX
2025-08-05,114.78700256347656,26607000,4295190000.0,6921826000.0,17994974000.0,7804733000.0,NFLX
2025-08-06,117.8479995727539,33622000,4295190000.0,6921826000.0,17994974000.0,7804733000.0,NFLX
2025-08-07,118.03700256347656,26283000,4295190000.0,6921826000.0,17994974000.0,7804733000.0,NFLX
2025-08-08,121.16400146484376,38167000,4295190000.0,6921826000.0,17994974000.0,7804733000.0,NFLX
2025-08-11,121.83100128173828,24556000,4295190000.0,6921826000.0,17994974000.0,7804733000.0,NFLX
2025-08-12,122.52799987792967,22788000,4295190000.0,6921826000.0,17994974000.0,7804733000.0,NFLX
2025-08-13,120.44400024414062,27624000,4295190000.0,6921826000.0,17994974000.0,7804733000.0,NFLX
2025-08-14,123.05599975585938,39047000,4295190000.0,6921826000.0,17994974000.0,7804733000.0,NFLX
2025-08-15,123.8949966430664,27678000,4295190000.0,6921826000.0,17994974000.0,7804733000.0,NFLX
2025-08-18,124.50900268554688,21111000,4295190000.0,6921826000.0,17994974000.0,7804733000.0,NFLX
2025-08-19,121.41500091552734,37077000,4295190000.0,6921826000.0,17994974000.0,7804733000.0,NFLX
2025-08-20,121.38600158691406,24344000,4295190000.0,6921826000.0,17994974000.0,7804733000.0,NFLX
2025-08-21,120.62100219726562,20472000,4295190000.0,6921826000.0,17994974000.0,7804733000.0,NFLX
2025-08-22,120.46499633789062,31281000,4295190000.0,6921826000.0,17994974000.0,7804733000.0,NFLX
2025-08-25,121.80699920654295,28120000,4295190000.0,6921826000.0,17994974000.0,7804733000.0,NFLX
2025-08-26,122.60900115966795,19857000,4295190000.0,6921826000.0,17994974000.0,7804733000.0,NFLX
2025-08-27,122.3499984741211,16645000,4295190000.0,6921826000.0,17994974000.0,7804733000.0,NFLX
2025-08-28,123.1449966430664,19503000,4295190000.0,6921826000.0,17994974000.0,7804733000.0,NFLX
2025-08-29,120.8249969482422,32098000,4295190000.0,6921826000.0,17994974000.0,7804733000.0,NFLX
2025-09-02,121.41100311279295,23033000,4295190000.0,6921826000.0,17994974000.0,7804733000.0,NFLX
2025-09-03,122.61799621582033,24715000,4295190000.0,6921826000.0,17994974000.0,7804733000.0,NFLX
2025-09-04,125.7480010986328,30235000,4295190000.0,6921826000.0,17994974000.0,7804733000.0,NFLX
2025-09-05,124.38200378417967,23797000,4295190000.0,6921826000.0,17994974000.0,7804733000.0,NFLX
2025-09-08,124.47599792480467,19151000,4295190000.0,6921826000.0,17994974000.0,7804733000.0,NFLX
2025-09-09,126.3249969482422,22197000,4295190000.0,6921826000.0,17994974000.0,7804733000.0,NFLX
2025-09-10,124.77100372314452,27010000,4295190000.0,6921826000.0,17994974000.0,7804733000.0,NFLX
2025-09-11,120.3499984741211,56823000,4295190000.0,6921826000.0,17994974000.0,7804733000.0,NFLX
2025-09-12,118.84400177001952,37849000,4295190000.0,6921826000.0,17994974000.0,7804733000.0,NFLX
2025-09-15,120.22599792480467,29093000,4295190000.0,6921826000.0,17994974000.0,7804733000.0,NFLX
2025-09-16,120.0510025024414,24047000,4295190000.0,6921826000.0,17994974000.0,7804733000.0,NFLX
2025-09-17,122.8499984741211,34598000,4295190000.0,6921826000.0,17994974000.0,7804733000.0,NFLX
2025-09-18,120.77799987792967,31691000,4295190000.0,6921826000.0,17994974000.0,7804733000.0,NFLX
2025-09-19,122.6969985961914,49476000,4295190000.0,6921826000.0,17994974000.0,7804733000.0,NFLX
2025-09-22,122.73699951171876,25468000,4295190000.0,6921826000.0,17994974000.0,7804733000.0,NFLX
2025-09-23,121.84700012207033,24991000,4295190000.0,6921826000.0,17994974000.0,7804733000.0,NFLX
2025-09-24,120.3949966430664,27731000,4295190000.0,6921826000.0,17994974000.0,7804733000.0,NFLX
2025-09-25,120.8239974975586,19978000,4295190000.0,6921826000.0,17994974000.0,7804733000.0,NFLX
2025-09-26,121.06099700927734,19450000,4295190000.0,6921826000.0,17994974000.0,7804733000.0,NFLX
2025-09-29,120.64099884033205,30332000,4295190000.0,6921826000.0,17994974000.0,7804733000.0,NFLX
2025-09-30,119.89199829101562,38303000,4295190000.0,6921826000.0,17994974000.0,7804733000.0,NFLX
2025-10-01,117.08999633789062,41102000,4295190000.0,6921826000.0,17994974000.0,7804733000.0,NFLX
2025-10-02,116.25299835205078,46855000,4295190000.0,6921826000.0,17994974000.0,7804733000.0,NFLX
2025-10-03,115.33200073242188,31374000,4295190000.0,6921826000.0,17994974000.0,7804733000.0,NFLX
2025-10-06,116.33100128173828,29686000,4295190000.0,6921826000.0,17994974000.0,7804733000.0,NFLX
2025-10-07,119.1060028076172,33091000,4295190000.0,6921826000.0,17994974000.0,7804733000.0,NFLX
2025-10-08,121.4250030517578,28514000,4295190000.0,6921826000.0,17994974000.0,7804733000.0,NFLX
2025-10-09,123.10700225830078,28241000,4295190000.0,6921826000.0,17994974000.0,7804733000.0,NFLX
2025-10-10,122.00800323486328,42798000,4295190000.0,6921826000.0,17994974000.0,7804733000.0,NFLX
2025-10-13,121.90299987792967,24608000,4295190000.0,6921826000.0,17994974000.0,7804733000.0,NFLX
2025-10-14,121.53500366210938,23624000,4295190000.0,6921826000.0,17994974000.0,7804733000.0,NFLX
2025-10-15,120.3290023803711,20252000,4295190000.0,6921826000.0,17994974000.0,7804733000.0,NFLX
2025-10-16,118.35900115966795,28326000,4295190000.0,6921826000.0,17994974000.0,7804733000.0,NFLX
2025-10-17,119.93599700927734,29571000,4295190000.0,6921826000.0,17994974000.0,7804733000.0,NFLX
2025-10-20,123.8560028076172,39862000,4295190000.0,6921826000.0,17994974000.0,7804733000.0,NFLX
2025-10-21,124.13500213623048,65082000,4295190000.0,6921826000.0,17994974000.0,7804733000.0,NFLX
2025-10-22,111.63700103759766,147890000,4295190000.0,6921826000.0,17994974000.0,7804733000.0,NFLX
2025-10-23,111.35900115966795,68497000,4295190000.0,6921826000.0,17994974000.0,7804733000.0,NFLX
2025-10-24,109.46900177001952,60280000,4295190000.0,6921826000.0,17994974000.0,7804733000.0,NFLX
2025-10-27,109.45600128173828,46911000,4295190000.0,6921826000.0,17994974000.0,7804733000.0,NFLX
2025-10-28,110.25,40209000,4295190000.0,6921826000.0,17994974000.0,7804733000.0,NFLX
2025-10-29,110.04100036621094,33995000,4295190000.0,6921826000.0,17994974000.0,7804733000.0,NFLX
2025-10-30,108.9000015258789,41581000,4295190000.0,6921826000.0,17994974000.0,7804733000.0,NFLX
2025-10-31,111.88600158691406,68665000,4295190000.0,6921826000.0,17994974000.0,7804733000.0,NFLX
2025-11-03,110.00900268554688,58634000,4295190000.0,6921826000.0,17994974000.0,7804733000.0,NFLX
2025-11-04,109.2959976196289,38718000,4295190000.0,6921826000.0,17994974000.0,7804733000.0,NFLX
2025-11-05,109.84600067138672,35539000,4295190000.0,6921826000.0,17994974000.0,7804733000.0,NFLX
2025-11-06,109.7020034790039,36532000,4295190000.0,6921826000.0,17994974000.0,7804733000.0,NFLX
2025-11-07,110.36599731445312,44125000,4295190000.0,6921826000.0,17994974000.0,7804733000.0,NFLX
2025-11-10,112.00700378417967,36929000,4295190000.0,6921826000.0,17994974000.0,7804733000.0,NFLX
2025-11-11,113.6439971923828,27966000,4295190000.0,6921826000.0,17994974000.0,7804733000.0,NFLX
2025-11-12,115.75,39221000,4295190000.0,6921826000.0,17994974000.0,7804733000.0,NFLX
2025-11-13,115.4229965209961,40144000,4295190000.0,6921826000.0,17994974000.0,7804733000.0,NFLX
2025-11-14,111.21700286865234,47607000,4295190000.0,6921826000.0,17994974000.0,7804733000.0,NFLX
2025-11-17,110.29000091552734,26082700,4295190000.0,6921826000.0,17994974000.0,7804733000.0,NFLX
2025-11-18,114.08999633789062,43440600,4295190000.0,6921826000.0,17994974000.0,7804733000.0,NFLX
2025-11-19,110.0,31868100,4295190000.0,6921826000.0,17994974000.0,7804733000.0,NFLX
2025-11-20,105.66999816894533,36918500,4295190000.0,6921826000.0,17994974000.0,7804733000.0,NFLX
2025-11-21,104.30999755859376,41232700,4295190000.0,6921826000.0,17994974000.0,7804733000.0,NFLX
2025-11-24,106.97000122070312,62918300,4295190000.0,6921826000.0,17994974000.0,7804733000.0,NFLX
2025-11-25,104.4000015258789,35122600,4295190000.0,6921826000.0,17994974000.0,7804733000.0,NFLX
2025-11-26,106.13999938964844,27951000,4295190000.0,6921826000.0,17994974000.0,7804733000.0,NFLX
2025-11-28,107.58000183105467,15021600,4295190000.0,6921826000.0,17994974000.0,7804733000.0,NFLX
2025-12-01,109.12999725341795,24873400,4295190000.0,6921826000.0,17994974000.0,7804733000.0,NFLX
2025-12-02,109.3499984741211,25763000,4295190000.0,6921826000.0,17994974000.0,7804733000.0,NFLX
2025-12-03,103.95999908447266,53593400,4295190000.0,6921826000.0,17994974000.0,7804733000.0,NFLX
2025-12-04,103.22000122070312,51779100,4295190000.0,6921826000.0,17994974000.0,7804733000.0,NFLX
2025-12-05,100.23999786376952,133363600,4295190000.0,6921826000.0,17994974000.0,7804733000.0,NFLX
2025-12-08,96.79000091552734,100906300,4295190000.0,6921826000.0,17994974000.0,7804733000.0,NFLX
2025-12-09,96.70999908447266,51745600,4295190000.0,6921826000.0,17994974000.0,7804733000.0,NFLX
2025-12-10,92.70999908447266,74129300,4295190000.0,6921826000.0,17994974000.0,7804733000.0,NFLX
2025-12-11,94.08999633789062,43949000,4295190000.0,6921826000.0,17994974000.0,7804733000.0,NFLX
2025-12-12,95.19000244140624,49323100,4295190000.0,6921826000.0,17994974000.0,7804733000.0,NFLX
2025-12-15,93.7699966430664,40016500,4295190000.0,6921826000.0,17994974000.0,7804733000.0,NFLX
2025-12-16,94.56999969482422,34265000,4295190000.0,6921826000.0,17994974000.0,7804733000.0,NFLX
2025-12-17,94.79000091552734,50472800,4295190000.0,6921826000.0,17994974000.0,7804733000.0,NFLX
2025-12-18,94.0,37244700,4295190000.0,6921826000.0,17994974000.0,7804733000.0,NFLX
2025-12-19,94.38999938964844,78990200,4295190000.0,6921826000.0,17994974000.0,7804733000.0,NFLX
2025-12-22,93.2300033569336,39484800,4295190000.0,6921826000.0,17994974000.0,7804733000.0,NFLX
2025-12-23,93.5,25896200,4295190000.0,6921826000.0,17994974000.0,7804733000.0,NFLX
2025-12-24,93.63999938964844,12427900,4295190000.0,6921826000.0,17994974000.0,7804733000.0,NFLX
2025-12-26,94.47000122070312,22068300,4295190000.0,6921826000.0,17994974000.0,7804733000.0,NFLX
2025-12-29,94.1500015258789,24493700,4295190000.0,6921826000.0,17994974000.0,7804733000.0,NFLX
2025-12-30,93.77999877929688,23422000,4295190000.0,6921826000.0,17994974000.0,7804733000.0,NFLX
2025-12-31,93.76000213623048,23495200,4229221000.0,9461053000.0,14462836000.0,9033681000.0,NFLX
2026-01-02,90.98999786376952,41155400,4229221000.0,9461053000.0,14462836000.0,9033681000.0,NFLX
2026-01-05,91.45999908447266,39183300,4229221000.0,9461053000.0,14462836000.0,9033681000.0,NFLX
2026-01-06,90.6500015258789,43331000,4229221000.0,9461053000.0,14462836000.0,9033681000.0,NFLX
2026-01-07,90.7300033569336,36525700,4229221000.0,9461053000.0,14462836000.0,9033681000.0,NFLX
2026-01-08,90.52999877929688,40068700,4229221000.0,9461053000.0,14462836000.0,9033681000.0,NFLX
2026-01-09,89.45999908447266,55579500,4229221000.0,9461053000.0,14462836000.0,9033681000.0,NFLX
2026-01-12,89.41000366210938,36290600,4229221000.0,9461053000.0,14462836000.0,9033681000.0,NFLX
2026-01-13,90.31999969482422,45221100,4229221000.0,9461053000.0,14462836000.0,9033681000.0,NFLX
2026-01-14,88.55000305175781,49737700,4229221000.0,9461053000.0,14462836000.0,9033681000.0,NFLX
2026-01-15,88.05000305175781,36945100,4229221000.0,9461053000.0,14462836000.0,9033681000.0,NFLX
2026-01-16,88.0,48130500,4229221000.0,9461053000.0,14462836000.0,9033681000.0,NFLX
2026-01-20,87.26000213623047,109729700,4229221000.0,9461053000.0,14462836000.0,9033681000.0,NFLX
2026-01-21,85.36000061035156,127940700,4229221000.0,9461053000.0,14462836000.0,9033681000.0,NFLX
2026-01-22,83.54000091552734,69113300,4229221000.0,9461053000.0,14462836000.0,9033681000.0,NFLX
2026-01-23,86.12000274658203,64520400,4229221000.0,9461053000.0,14462836000.0,9033681000.0,NFLX
2026-01-26,85.69999694824219,40941900,4229221000.0,9461053000.0,14462836000.0,9033681000.0,NFLX
2026-01-27,85.58000183105469,37790800,4229221000.0,9461053000.0,14462836000.0,9033681000.0,NFLX
2026-01-28,84.63999938964844,37762600,4229221000.0,9461053000.0,14462836000.0,9033681000.0,NFLX
2026-01-29,83.16000366210938,42278100,4229221000.0,9461053000.0,14462836000.0,9033681000.0,NFLX
2026-01-30,83.48999786376953,45755000,4229221000.0,9461053000.0,14462836000.0,9033681000.0,NFLX
2026-02-02,82.76000213623047,41445300,4229221000.0,9461053000.0,14462836000.0,9033681000.0,NFLX
2026-02-03,79.94000244140625,49789000,4229221000.0,9461053000.0,14462836000.0,9033681000.0,NFLX
2026-02-04,80.16000366210938,48963200,4229221000.0,9461053000.0,14462836000.0,9033681000.0,NFLX
2026-02-05,80.87000274658203,54805700,4229221000.0,9461053000.0,14462836000.0,9033681000.0,NFLX
2026-02-06,82.19999694824219,46154100,4229221000.0,9461053000.0,14462836000.0,9033681000.0,NFLX
2026-02-09,81.47000122070312,42200200,4229221000.0,9461053000.0,14462836000.0,9033681000.0,NFLX
2026-02-10,82.20999908447266,43595800,4229221000.0,9461053000.0,14462836000.0,9033681000.0,NFLX
2026-02-11,79.62000274658203,40840300,4229221000.0,9461053000.0,14462836000.0,9033681000.0,NFLX
2026-02-12,75.86000061035156,73516100,4229221000.0,9461053000.0,14462836000.0,9033681000.0,NFLX
2026-02-13,76.87000274658203,42292100,4229221000.0,9461053000.0,14462836000.0,9033681000.0,NFLX
2026-02-17,77.0,35961500,4229221000.0,9461053000.0,14462836000.0,9033681000.0,NFLX
2026-02-18,77.98999786376953,29883100,4229221000.0,9461053000.0,14462836000.0,9033681000.0,NFLX
2026-02-19,77.0,30139200,4229221000.0,9461053000.0,14462836000.0,9033681000.0,NFLX
2026-02-20,78.66999816894531,32411300,4229221000.0,9461053000.0,14462836000.0,9033681000.0,NFLX
2026-02-23,76.0199966430664,38363000,4229221000.0,9461053000.0,14462836000.0,9033681000.0,NFLX
2026-02-24,78.04000091552734,33079100,4229221000.0,9461053000.0,14462836000.0,9033681000.0,NFLX
2026-02-25,82.69999694824219,69319300,4229221000.0,9461053000.0,14462836000.0,9033681000.0,NFLX
2026-02-26,84.58999633789062,85642500,4229221000.0,9461053000.0,14462836000.0,9033681000.0,NFLX
2026-02-27,96.23999786376952,200767000,4229221000.0,9461053000.0,14462836000.0,9033681000.0,NFLX
2026-03-02,97.08999633789062,79915400,4229221000.0,9461053000.0,14462836000.0,9033681000.0,NFLX
2026-03-03,97.6999969482422,59149000,4229221000.0,9461053000.0,14462836000.0,9033681000.0,NFLX
2026-03-04,98.66000366210938,52604300,4229221000.0,9461053000.0,14462836000.0,9033681000.0,NFLX
2026-03-05,99.16999816894533,53403000,4229221000.0,9461053000.0,14462836000.0,9033681000.0,NFLX
2026-03-06,99.0199966430664,41196300,4229221000.0,9461053000.0,14462836000.0,9033681000.0,NFLX
2026-03-09,98.31999969482422,48589000,4229221000.0,9461053000.0,14462836000.0,9033681000.0,NFLX
2026-03-10,96.94000244140624,41027200,4229221000.0,9461053000.0,14462836000.0,9033681000.0,NFLX
2026-03-11,94.88999938964844,33962900,4229221000.0,9461053000.0,14462836000.0,9033681000.0,NFLX
2026-03-12,94.30999755859376,34206900,4229221000.0,9461053000.0,14462836000.0,9033681000.0,NFLX
2026-03-13,95.30999755859376,29876700,4229221000.0,9461053000.0,14462836000.0,9033681000.0,NFLX
2026-03-16,95.1999969482422,34931800,4229221000.0,9461053000.0,14462836000.0,9033681000.0,NFLX
2026-03-17,94.36000061035156,26434500,4229221000.0,9461053000.0,14462836000.0,9033681000.0,NFLX
2026-03-18,94.6999969482422,27878300,4229221000.0,9461053000.0,14462836000.0,9033681000.0,NFLX
2026-03-19,91.73999786376952,40169300,4229221000.0,9461053000.0,14462836000.0,9033681000.0,NFLX
2026-03-20,91.81999969482422,61678000,4229221000.0,9461053000.0,14462836000.0,9033681000.0,NFLX
2026-03-23,93.37999725341795,34315900,4229221000.0,9461053000.0,14462836000.0,9033681000.0,NFLX
2026-03-24,90.91999816894533,28938000,4229221000.0,9461053000.0,14462836000.0,9033681000.0,NFLX
2026-03-25,92.27999877929688,29545600,4229221000.0,9461053000.0,14462836000.0,9033681000.0,NFLX
2026-03-26,93.31999969482422,59522000,4229221000.0,9461053000.0,14462836000.0,9033681000.0,NFLX
2026-03-27,93.43000030517578,44590700,4229221000.0,9461053000.0,14462836000.0,9033681000.0,NFLX
2026-03-30,92.97000122070312,32375100,4229221000.0,9461053000.0,14462836000.0,9033681000.0,NFLX
2026-03-31,96.1500015258789,54270000,4229221000.0,9461053000.0,14462836000.0,9033681000.0,NFLX
2026-04-01,95.5500030517578,30439300,4229221000.0,9461053000.0,14462836000.0,9033681000.0,NFLX
2026-04-02,98.66000366210938,37068000,4229221000.0,9461053000.0,14462836000.0,9033681000.0,NFLX
2026-04-06,98.93000030517578,37029300,4229221000.0,9461053000.0,14462836000.0,9033681000.0,NFLX
2026-04-07,98.81999969482422,25016700,4229221000.0,9461053000.0,14462836000.0,9033681000.0,NFLX
2026-04-08,99.38999938964844,30957600,4229221000.0,9461053000.0,14462836000.0,9033681000.0,NFLX
2026-04-09,102.0500030517578,35087800,4229221000.0,9461053000.0,14462836000.0,9033681000.0,NFLX
2026-04-10,103.01000213623048,25769900,4229221000.0,9461053000.0,14462836000.0,9033681000.0,NFLX
2026-04-13,103.16000366210938,26042800,4229221000.0,9461053000.0,14462836000.0,9033681000.0,NFLX
2026-04-14,106.27999877929688,40534900,4229221000.0,9461053000.0,14462836000.0,9033681000.0,NFLX
2026-04-15,107.70999908447266,38023700,4229221000.0,9461053000.0,14462836000.0,9033681000.0,NFLX
2026-04-16,107.79000091552734,64928300,4229221000.0,9461053000.0,14462836000.0,9033681000.0,NFLX
2026-04-17,97.30999755859376,125958700,4229221000.0,9461053000.0,14462836000.0,9033681000.0,NFLX
2026-04-20,94.83000183105467,63298300,4229221000.0,9461053000.0,14462836000.0,9033681000.0,NFLX
2026-04-21,92.58000183105467,61962300,4229221000.0,9461053000.0,14462836000.0,9033681000.0,NFLX
2026-04-22,93.23999786376952,33694300,4229221000.0,9461053000.0,14462836000.0,9033681000.0,NFLX
2026-04-23,92.81999969482422,36851700,4229221000.0,9461053000.0,14462836000.0,9033681000.0,NFLX
2026-04-24,92.44000244140624,32553200,4229221000.0,9461053000.0,14462836000.0,9033681000.0,NFLX
2026-04-27,91.37000274658205,29707400,4229221000.0,9461053000.0,14462836000.0,9033681000.0,NFLX
2026-04-28,92.2699966430664,33418100,4229221000.0,9461053000.0,14462836000.0,9033681000.0,NFLX
2026-04-29,92.12000274658205,26122100,4229221000.0,9461053000.0,14462836000.0,9033681000.0,NFLX
2026-04-30,93.61000061035156,40923000,4229221000.0,9461053000.0,14462836000.0,9033681000.0,NFLX
2026-05-01,92.05999755859376,30406900,4229221000.0,9461053000.0,14462836000.0,9033681000.0,NFLX
2026-05-04,91.0199966430664,25928800,4229221000.0,9461053000.0,14462836000.0,9033681000.0,NFLX
2026-05-05,87.88999938964844,51961300,4229221000.0,9461053000.0,14462836000.0,9033681000.0,NFLX
2026-05-06,88.2699966430664,41932400,4229221000.0,9461053000.0,14462836000.0,9033681000.0,NFLX
2026-05-07,88.25,30627600,4229221000.0,9461053000.0,14462836000.0,9033681000.0,NFLX
2026-05-08,87.48999786376953,36215100,4229221000.0,9461053000.0,14462836000.0,9033681000.0,NFLX
2026-05-11,85.44999694824219,40556500,4229221000.0,9461053000.0,14462836000.0,9033681000.0,NFLX
2026-05-12,87.66000366210938,43556600,4229221000.0,9461053000.0,14462836000.0,9033681000.0,NFLX
2026-05-13,87.55999755859375,30823500,4229221000.0,9461053000.0,14462836000.0,9033681000.0,NFLX
2026-05-14,86.94000244140625,29408300,4229221000.0,9461053000.0,14462836000.0,9033681000.0,NFLX
2026-05-15,87.0199966430664,32335700,4229221000.0,9461053000.0,14462836000.0,9033681000.0,NFLX
2026-05-18,89.6500015258789,35800500,4229221000.0,9461053000.0,14462836000.0,9033681000.0,NFLX
2026-05-19,89.33000183105469,34545700,4229221000.0,9461053000.0,14462836000.0,9033681000.0,NFLX
2026-05-20,88.08999633789062,23463400,4229221000.0,9461053000.0,14462836000.0,9033681000.0,NFLX
2026-05-21,89.30000305175781,28613900,4229221000.0,9461053000.0,14462836000.0,9033681000.0,NFLX
2026-05-22,88.5999984741211,23847200,4229221000.0,9461053000.0,14462836000.0,9033681000.0,NFLX
2026-05-26,87.68000030517578,24014500,4229221000.0,9461053000.0,14462836000.0,9033681000.0,NFLX
2026-05-27,87.3499984741211,22569500,4229221000.0,9461053000.0,14462836000.0,9033681000.0,NFLX
2026-05-28,86.36000061035156,38803800,4229221000.0,9461053000.0,14462836000.0,9033681000.0,NFLX
2026-05-29,86.0199966430664,39793600,4229221000.0,9461053000.0,14462836000.0,9033681000.0,NFLX
2026-06-01,85.8499984741211,32747200,4229221000.0,9461053000.0,14462836000.0,9033681000.0,NFLX
2026-06-02,83.33000183105469,42947200,4229221000.0,9461053000.0,14462836000.0,9033681000.0,NFLX
2026-06-03,81.5199966430664,36714700,4229221000.0,9461053000.0,14462836000.0,9033681000.0,NFLX
2026-06-04,81.55999755859375,39338800,4229221000.0,9461053000.0,14462836000.0,9033681000.0,NFLX
2026-06-05,82.18000030517578,43474100,4229221000.0,9461053000.0,14462836000.0,9033681000.0,NFLX
2026-06-08,82.63999938964844,33056700,4229221000.0,9461053000.0,14462836000.0,9033681000.0,NFLX
2026-06-09,81.41000366210938,34787200,4229221000.0,9461053000.0,14462836000.0,9033681000.0,NFLX
2026-06-10,82.0,36304600,4229221000.0,9461053000.0,14462836000.0,9033681000.0,NFLX
2026-06-11,81.2699966430664,33417600,4229221000.0,9461053000.0,14462836000.0,9033681000.0,NFLX
2026-06-12,80.33999633789062,35309700,4229221000.0,9461053000.0,14462836000.0,9033681000.0,NFLX
2026-06-15,81.66999816894531,36430800,4229221000.0,9461053000.0,14462836000.0,9033681000.0,NFLX
2026-06-16,78.72000122070312,65054000,4229221000.0,9461053000.0,14462836000.0,9033681000.0,NFLX
2026-06-17,76.95999908447266,50338800,4229221000.0,9461053000.0,14462836000.0,9033681000.0,NFLX
2026-06-18,77.37999725341797,91920400,4229221000.0,9461053000.0,14462836000.0,9033681000.0,NFLX
2026-06-22,72.87999725341797,82203300,4229221000.0,9461053000.0,14462836000.0,9033681000.0,NFLX
2026-06-23,72.81999969482422,50806800,4229221000.0,9461053000.0,14462836000.0,9033681000.0,NFLX
2026-06-24,71.83999633789062,48001500,4229221000.0,9461053000.0,14462836000.0,9033681000.0,NFLX
2026-06-25,70.9000015258789,44446900,4229221000.0,9461053000.0,14462836000.0,9033681000.0,NFLX
2026-06-26,73.80999755859375,74990300,4229221000.0,9461053000.0,14462836000.0,9033681000.0,NFLX
2026-06-29,73.77999877929688,42429600,4229221000.0,9461053000.0,14462836000.0,9033681000.0,NFLX
2026-06-30,71.4000015258789,49240900,4229221000.0,9461053000.0,14462836000.0,9033681000.0,NFLX
2026-07-01,74.19000244140625,43841800,4229221000.0,9461053000.0,14462836000.0,9033681000.0,NFLX
2026-07-02,77.6500015258789,55456500,4229221000.0,9461053000.0,14462836000.0,9033681000.0,NFLX
2026-07-06,76.0199966430664,45056600,4229221000.0,9461053000.0,14462836000.0,9033681000.0,NFLX
2026-07-07,76.18000030517578,33257300,4229221000.0,9461053000.0,14462836000.0,9033681000.0,NFLX
2026-07-08,75.58999633789062,34373500,4229221000.0,9461053000.0,14462836000.0,9033681000.0,NFLX
2026-07-09,75.47000122070312,36305700,4229221000.0,9461053000.0,14462836000.0,9033681000.0,NFLX
2026-07-10,73.37000274658203,46713900,4229221000.0,9461053000.0,14462836000.0,9033681000.0,NFLX
2026-07-13,73.83000183105469,35101800,4229221000.0,9461053000.0,14462836000.0,9033681000.0,NFLX
2026-07-14,73.52999877929688,33312100,4229221000.0,9461053000.0,14462836000.0,9033681000.0,NFLX
2026-07-15,73.68000030517578,32854300,4229221000.0,9461053000.0,14462836000.0,9033681000.0,NFLX
2026-07-16,74.3499984741211,77505200,4229221000.0,9461053000.0,14462836000.0,9033681000.0,NFLX
2026-07-17,68.94999694824219,142029200,4229221000.0,9461053000.0,14462836000.0,9033681000.0,NFLX
2026-07-20,67.5999984741211,60669100,4229221000.0,9461053000.0,14462836000.0,9033681000.0,NFLX
2026-07-21,68.66999816894531,56565800,4229221000.0,9461053000.0,14462836000.0,9033681000.0,NFLX
2026-07-22,68.52999877929688,44947300,4229221000.0,9461053000.0,14462836000.0,9033681000.0,NFLX
2026-07-23,68.88999938964844,45029100,4229221000.0,9461053000.0,14462836000.0,9033681000.0,NFLX
2026-07-24,70.08999633789062,37593500,4229221000.0,9461053000.0,14462836000.0,9033681000.0,NFLX
2026-07-27,70.4000015258789,39090800,4229221000.0,9461053000.0,14462836000.0,9033681000.0,NFLX
2026-07-28,72.38999938964844,47160200,4229221000.0,9461053000.0,14462836000.0,9033681000.0,NFLX
2026-07-29,73.62999725341797,43737600,4229221000.0,9461053000.0,14462836000.0,9033681000.0,NFLX
2026-07-30,73.16999816894531,54261000,4229221000.0,9461053000.0,14462836000.0,9033681000.0,NFLX
2026-07-31,71.70999908447266,35847500,4229221000.0,9461053000.0,14462836000.0,9033681000.0,NFLX
2026-08-03,73.33000183105469,33922300,4229221000.0,9461053000.0,14462836000.0,9033681000.0,NFLX
2026-08-04,73.56999969482422,42877900,4229221000.0,9461053000.0,14462836000.0,9033681000.0,NFLX
2026-08-05,74.19999694824219,28969400,4229221000.0,9461053000.0,14462836000.0,9033681000.0,NFLX
2026-08-06,73.69000244140625,28892700,4229221000.0,9461053000.0,14462836000.0,9033681000.0,NFLX
2026-08-07,74.13999938964844,24819000,4229221000.0,9461053000.0,14462836000.0,9033681000.0,NFLX
2026-08-10,76.29000091552734,26959900,4229221000.0,9461053000.0,14462836000.0,9033681000.0,NFLX
2026-08-11,74.79000091552734,27840500,4229221000.0,9461053000.0,14462836000.0,9033681000.0,NFLX
2026-08-12,74.20999908447266,20773100,4229221000.0,9461053000.0,14462836000.0,9033681000.0,NFLX
2026-08-13,78.23999786376953,41452900,4229221000.0,9461053000.0,14462836000.0,9033681000.0,NFLX
2026-08-14,78.16000366210938,26751000,4229221000.0,9461053000.0,14462836000.0,9033681000.0,NFLX
2026-08-17,76.0199966430664,30753000,4229221000.0,9461053000.0,14462836000.0,9033681000.0,NFLX
2026-08-18,77.7699966430664,36151300,4229221000.0,9461053000.0,14462836000.0,9033681000.0,NFLX
2026-08-19,80.22000122070312,31461800,4229221000.0,9461053000.0,14462836000.0,9033681000.0,NFLX
2026-08-20,80.13999938964844,27118400,4229221000.0,9461053000.0,14462836000.0,9033681000.0,NFLX
2026-08-21,79.58999633789062,23773800,4229221000.0,9461053000.0,14462836000.0,9033681000.0,NFLX
2026-08-24,80.01000213623047,21085300,4229221000.0,9461053000.0,14462836000.0,9033681000.0,NFLX
2026-08-25,82.2300033569336,29462000,4229221000.0,9461053000.0,14462836000.0,9033681000.0,NFLX
2026-08-26,81.45999908447266,22874900,4229221000.0,9461053000.0,14462836000.0,9033681000.0,NFLX
2026-08-27,79.83999633789062,27174400,4229221000.0,9461053000.0,14462836000.0,9033681000.0,NFLX
2026-08-28,81.72000122070312,29092700,4229221000.0,9461053000.0,14462836000.0,9033681000.0,NFLX
2026-08-31,81.05000305175781,30740800,4229221000.0,9461053000.0,14462836000.0,9033681000.0,NFLX
2026-09-01,80.80999755859375,21164900,4229221000.0,9461053000.0,14462836000.0,9033681000.0,NFLX
2026-09-02,82.7300033569336,22033800,4229221000.0,9461053000.0,14462836000.0,9033681000.0,NFLX
