date,close,volume,sharesOutstanding,freeCashFlow,totalDebt,cashAndCashEquivalents,symbol
2022-01-31,24.40888786315918,564680000,24960000000.0,8132000000.0,11831000000.0,1990000000.0,NVDA
2022-02-01,24.56040954589844,518925000,24960000000.0,8132000000.0,11831000000.0,1990000000.0,NVDA
2022-02-02,25.162508010864254,543419000,24960000000.0,8132000000.0,11831000000.0,1990000000.0,NVDA
2022-02-03,23.872583389282227,410178000,24960000000.0,8132000000.0,11831000000.0,1990000000.0,NVDA
2022-02-04,24.242416381835938,354829000,24960000000.0,8132000000.0,11831000000.0,1990000000.0,NVDA
2022-02-07,24.650121688842773,376868000,24960000000.0,8132000000.0,11831000000.0,1990000000.0,NVDA
2022-02-08,25.0289249420166,410359000,24960000000.0,8132000000.0,11831000000.0,1990000000.0,NVDA
2022-02-09,26.62090110778809,524282000,24960000000.0,8132000000.0,11831000000.0,1990000000.0,NVDA
2022-02-10,25.74267578125,513200000,24960000000.0,8132000000.0,11831000000.0,1990000000.0,NVDA
2022-02-11,23.873580932617188,605472000,24960000000.0,8132000000.0,11831000000.0,1990000000.0,NVDA
2022-02-14,24.190580368041992,440424000,24960000000.0,8132000000.0,11831000000.0,1990000000.0,NVDA
2022-02-15,26.411561965942383,699869000,24960000000.0,8132000000.0,11831000000.0,1990000000.0,NVDA
2022-02-16,26.427509307861328,732676000,24960000000.0,8132000000.0,11831000000.0,1990000000.0,NVDA
2022-02-17,24.42982482910156,810595000,24960000000.0,8132000000.0,11831000000.0,1990000000.0,NVDA
2022-02-18,23.567548751831055,761255000,24960000000.0,8132000000.0,11831000000.0,1990000000.0,NVDA
2022-02-22,23.316341400146484,633422000,24960000000.0,8132000000.0,11831000000.0,1990000000.0,NVDA
2022-02-23,22.316499710083008,566511000,24960000000.0,8132000000.0,11831000000.0,1990000000.0,NVDA
2022-02-24,23.673215866088867,735801000,24960000000.0,8132000000.0,11831000000.0,1990000000.0,NVDA
2022-02-25,24.08092498779297,528866000,24960000000.0,8132000000.0,11831000000.0,1990000000.0,NVDA
2022-02-28,24.308208465576172,477319000,24960000000.0,8132000000.0,11831000000.0,1990000000.0,NVDA
2022-03-01,23.40306854248047,412056000,24960000000.0,8132000000.0,11831000000.0,1990000000.0,NVDA
2022-03-02,24.14784240722656,389642000,24960000000.0,8132000000.0,11831000000.0,1990000000.0,NVDA
2022-03-03,23.64335060119629,365095000,24960000000.0,8132000000.0,11831000000.0,1990000000.0,NVDA
2022-03-04,22.867666244506836,431415000,24960000000.0,8132000000.0,11831000000.0,1990000000.0,NVDA
2022-03-07,21.28838157653809,450821000,24960000000.0,8132000000.0,11831000000.0,1990000000.0,NVDA
2022-03-08,21.449901580810547,557467000,24960000000.0,8132000000.0,11831000000.0,1990000000.0,NVDA
2022-03-09,22.9454288482666,492742000,24960000000.0,8132000000.0,11831000000.0,1990000000.0,NVDA
2022-03-10,22.590496063232425,428066000,24960000000.0,8132000000.0,11831000000.0,1990000000.0,NVDA
2022-03-11,22.034154891967773,367209000,24960000000.0,8132000000.0,11831000000.0,1990000000.0,NVDA
2022-03-14,21.266448974609375,385354000,24960000000.0,8132000000.0,11831000000.0,1990000000.0,NVDA
2022-03-15,22.904558181762695,491996000,24960000000.0,8132000000.0,11831000000.0,1990000000.0,NVDA
2022-03-16,24.423019409179688,671422000,24960000000.0,8132000000.0,11831000000.0,1990000000.0,NVDA
2022-03-17,24.69221305847168,471941000,24960000000.0,8132000000.0,11831000000.0,1990000000.0,NVDA
2022-03-18,26.37418556213379,730719000,24960000000.0,8132000000.0,11831000000.0,1990000000.0,NVDA
2022-03-21,26.65435028076172,591727000,24960000000.0,8132000000.0,11831000000.0,1990000000.0,NVDA
2022-03-22,26.444976806640625,547007000,24960000000.0,8132000000.0,11831000000.0,1990000000.0,NVDA
2022-03-23,25.557628631591797,502120000,24960000000.0,8132000000.0,11831000000.0,1990000000.0,NVDA
2022-03-24,28.066133499145508,877379000,24960000000.0,8132000000.0,11831000000.0,1990000000.0,NVDA
2022-03-25,27.6094970703125,579016000,24960000000.0,8132000000.0,11831000000.0,1990000000.0,NVDA
2022-03-28,28.13492774963379,425494000,24960000000.0,8132000000.0,11831000000.0,1990000000.0,NVDA
2022-03-29,28.57062339782715,488984000,24960000000.0,8132000000.0,11831000000.0,1990000000.0,NVDA
2022-03-30,27.607500076293945,463487000,24960000000.0,8132000000.0,11831000000.0,1990000000.0,NVDA
2022-03-31,27.20470428466797,523440000,24960000000.0,8132000000.0,11831000000.0,1990000000.0,NVDA
2022-04-01,26.63241958618164,517235000,24960000000.0,8132000000.0,11831000000.0,1990000000.0,NVDA
2022-04-04,27.278484344482425,397120000,24960000000.0,8132000000.0,11831000000.0,1990000000.0,NVDA
2022-04-05,25.853740692138672,436615000,24960000000.0,8132000000.0,11831000000.0,1990000000.0,NVDA
2022-04-06,24.33428192138672,703833000,24960000000.0,8132000000.0,11831000000.0,1990000000.0,NVDA
2022-04-07,24.135873794555664,557992000,24960000000.0,8132000000.0,11831000000.0,1990000000.0,NVDA
2022-04-08,23.05011749267578,524781000,24960000000.0,8132000000.0,11831000000.0,1990000000.0,NVDA
2022-04-11,21.851703643798828,575207000,24960000000.0,8132000000.0,11831000000.0,1990000000.0,NVDA
2022-04-12,21.439931869506836,662258000,24960000000.0,8132000000.0,11831000000.0,1990000000.0,NVDA
2022-04-13,22.13684844970703,516943000,24960000000.0,8132000000.0,11831000000.0,1990000000.0,NVDA
2022-04-14,21.194660186767575,569097000,24960000000.0,8132000000.0,11831000000.0,1990000000.0,NVDA
2022-04-18,21.718103408813477,525701000,24960000000.0,8132000000.0,11831000000.0,1990000000.0,NVDA
2022-04-19,22.131864547729492,512781000,24960000000.0,8132000000.0,11831000000.0,1990000000.0,NVDA
2022-04-20,21.417999267578125,468974000,24960000000.0,8132000000.0,11831000000.0,1990000000.0,NVDA
2022-04-21,20.12286949157715,656209000,24960000000.0,8132000000.0,11831000000.0,1990000000.0,NVDA
2022-04-22,19.45685577392578,624713000,24960000000.0,8132000000.0,11831000000.0,1990000000.0,NVDA
2022-04-25,19.842702865600582,641566000,24960000000.0,8132000000.0,11831000000.0,1990000000.0,NVDA
2022-04-26,18.732023239135746,653143000,24960000000.0,8132000000.0,11831000000.0,1990000000.0,NVDA
2022-04-27,18.360137939453125,499460000,24960000000.0,8132000000.0,11831000000.0,1990000000.0,NVDA
2022-04-28,19.723064422607425,570327000,24960000000.0,8132000000.0,11831000000.0,1990000000.0,NVDA
2022-04-29,18.49174118041992,500435000,24960000000.0,8132000000.0,11831000000.0,1990000000.0,NVDA
2022-05-02,19.47480583190918,572049000,24960000000.0,8132000000.0,11831000000.0,1990000000.0,NVDA
2022-05-03,19.543596267700195,475751000,24960000000.0,8132000000.0,11831000000.0,1990000000.0,NVDA
2022-05-04,20.273422241210938,648855000,24960000000.0,8132000000.0,11831000000.0,1990000000.0,NVDA
2022-05-05,18.787857055664062,626331000,24960000000.0,8132000000.0,11831000000.0,1990000000.0,NVDA
2022-05-06,18.619361877441406,633297000,24960000000.0,8132000000.0,11831000000.0,1990000000.0,NVDA
2022-05-09,16.89950180053711,644455000,24960000000.0,8132000000.0,11831000000.0,1990000000.0,NVDA
2022-05-10,17.54257583618164,761474000,24960000000.0,8132000000.0,11831000000.0,1990000000.0,NVDA
2022-05-11,16.580453872680664,670167000,24960000000.0,8132000000.0,11831000000.0,1990000000.0,NVDA
2022-05-12,16.12680435180664,708728000,24960000000.0,8132000000.0,11831000000.0,1990000000.0,NVDA
2022-05-13,17.65324592590332,670437000,24960000000.0,8132000000.0,11831000000.0,1990000000.0,NVDA
2022-05-16,17.212566375732422,521446000,24960000000.0,8132000000.0,11831000000.0,1990000000.0,NVDA
2022-05-17,18.122848510742188,585830000,24960000000.0,8132000000.0,11831000000.0,1990000000.0,NVDA
2022-05-18,16.887537002563477,545161000,24960000000.0,8132000000.0,11831000000.0,1990000000.0,NVDA
2022-05-19,17.072982788085938,621310000,24960000000.0,8132000000.0,11831000000.0,1990000000.0,NVDA
2022-05-20,16.644264221191406,739105000,24960000000.0,8132000000.0,11831000000.0,1990000000.0,NVDA
2022-05-23,16.847652435302734,639889000,24960000000.0,8132000000.0,11831000000.0,1990000000.0,NVDA
2022-05-24,16.105871200561523,588550000,24960000000.0,8132000000.0,11831000000.0,1990000000.0,NVDA
2022-05-25,16.92443084716797,781132000,24960000000.0,8132000000.0,11831000000.0,1990000000.0,NVDA
2022-05-26,17.797813415527344,996575000,24960000000.0,8132000000.0,11831000000.0,1990000000.0,NVDA
2022-05-27,18.754961013793945,738379000,24960000000.0,8132000000.0,11831000000.0,1990000000.0,NVDA
2022-05-31,18.61637306213379,664100000,24960000000.0,8132000000.0,11831000000.0,1990000000.0,NVDA
2022-06-01,18.265419006347656,544514000,24960000000.0,8132000000.0,11831000000.0,1990000000.0,NVDA
2022-06-02,19.533626556396484,648656000,24960000000.0,8132000000.0,11831000000.0,1990000000.0,NVDA
2022-06-03,18.66422462463379,598779000,24960000000.0,8132000000.0,11831000000.0,1990000000.0,NVDA
2022-06-06,18.730030059814453,422406000,24960000000.0,8132000000.0,11831000000.0,1990000000.0,NVDA
2022-06-07,18.869613647460938,388914000,24960000000.0,8132000000.0,11831000000.0,1990000000.0,NVDA
2022-06-08,18.596372604370117,363252000,24960000000.0,8132000000.0,11831000000.0,1990000000.0,NVDA
2022-06-09,17.998037338256836,395574000,24960000000.0,8132000000.0,11831000000.0,1990000000.0,NVDA
2022-06-10,16.92700958251953,465248000,24960000000.0,8132000000.0,11831000000.0,1990000000.0,NVDA
2022-06-13,15.603681564331056,604153000,24960000000.0,8132000000.0,11831000000.0,1990000000.0,NVDA
2022-06-14,15.792156219482422,469680000,24960000000.0,8132000000.0,11831000000.0,1990000000.0,NVDA
2022-06-15,16.48124885559082,563936000,24960000000.0,8132000000.0,11831000000.0,1990000000.0,NVDA
2022-06-16,15.55781078338623,545749000,24960000000.0,8132000000.0,11831000000.0,1990000000.0,NVDA
2022-06-17,15.83603572845459,630334000,24960000000.0,8132000000.0,11831000000.0,1990000000.0,NVDA
2022-06-21,16.5201358795166,483089000,24960000000.0,8132000000.0,11831000000.0,1990000000.0,NVDA
2022-06-22,16.314708709716797,437135000,24960000000.0,8132000000.0,11831000000.0,1990000000.0,NVDA
2022-06-23,16.180078506469727,463680000,24960000000.0,8132000000.0,11831000000.0,1990000000.0,NVDA
2022-06-24,17.078584671020508,472153000,24960000000.0,8132000000.0,11831000000.0,1990000000.0,NVDA
2022-06-27,16.822294235229492,427968000,24960000000.0,8132000000.0,11831000000.0,1990000000.0,NVDA
2022-06-28,15.937752723693848,461149000,24960000000.0,8132000000.0,11831000000.0,1990000000.0,NVDA
2022-06-29,15.49897003173828,482352000,24960000000.0,8132000000.0,11831000000.0,1990000000.0,NVDA
2022-06-30,15.117033004760742,686070000,24960000000.0,8132000000.0,11831000000.0,1990000000.0,NVDA
2022-07-01,14.482789993286133,577610000,24960000000.0,8132000000.0,11831000000.0,1990000000.0,NVDA
2022-07-05,14.922572135925291,651397000,24960000000.0,8132000000.0,11831000000.0,1990000000.0,NVDA
2022-07-06,15.088109016418455,529066000,24960000000.0,8132000000.0,11831000000.0,1990000000.0,NVDA
2022-07-07,15.814094543457031,492903000,24960000000.0,8132000000.0,11831000000.0,1990000000.0,NVDA
2022-07-08,15.794151306152344,467972000,24960000000.0,8132000000.0,11831000000.0,1990000000.0,NVDA
2022-07-11,15.110048294067385,437321000,24960000000.0,8132000000.0,11831000000.0,1990000000.0,NVDA
2022-07-12,15.040245056152344,458483000,24960000000.0,8132000000.0,11831000000.0,1990000000.0,NVDA
2022-07-13,15.122015953063965,521918000,24960000000.0,8132000000.0,11831000000.0,1990000000.0,NVDA
2022-07-14,15.329440116882324,456235000,24960000000.0,8132000000.0,11831000000.0,1990000000.0,NVDA
2022-07-15,15.718360900878906,385935000,24960000000.0,8132000000.0,11831000000.0,1990000000.0,NVDA
2022-07-18,16.056421279907227,670517000,24960000000.0,8132000000.0,11831000000.0,1990000000.0,NVDA
2022-07-19,16.94495391845703,702366000,24960000000.0,8132000000.0,11831000000.0,1990000000.0,NVDA
2022-07-20,17.7576961517334,760538000,24960000000.0,8132000000.0,11831000000.0,1990000000.0,NVDA
2022-07-21,18.000022888183594,557049000,24960000000.0,8132000000.0,11831000000.0,1990000000.0,NVDA
2022-07-22,17.27105140686035,536671000,24960000000.0,8132000000.0,11831000000.0,1990000000.0,NVDA
2022-07-25,16.976865768432617,480748000,24960000000.0,8132000000.0,11831000000.0,1990000000.0,NVDA
2022-07-26,16.48723030090332,397865000,24960000000.0,8132000000.0,11831000000.0,1990000000.0,NVDA
2022-07-27,17.740751266479492,569776000,24960000000.0,8132000000.0,11831000000.0,1990000000.0,NVDA
2022-07-28,17.934207916259766,474646000,24960000000.0,8132000000.0,11831000000.0,1990000000.0,NVDA
2022-07-29,18.112712860107425,435460000,24960000000.0,8132000000.0,11831000000.0,1990000000.0,NVDA
2022-08-01,18.38994598388672,476469000,24960000000.0,8132000000.0,11831000000.0,1990000000.0,NVDA
2022-08-02,18.474712371826172,489527000,24960000000.0,8132000000.0,11831000000.0,1990000000.0,NVDA
2022-08-03,18.84069442749023,418146000,24960000000.0,8132000000.0,11831000000.0,1990000000.0,NVDA
2022-08-04,19.161800384521484,409652000,24960000000.0,8132000000.0,11831000000.0,1990000000.0,NVDA
2022-08-05,18.936426162719727,386068000,24960000000.0,8132000000.0,11831000000.0,1990000000.0,NVDA
2022-08-08,17.743741989135742,981859000,24960000000.0,8132000000.0,11831000000.0,1990000000.0,NVDA
2022-08-09,17.0386962890625,668263000,24960000000.0,8132000000.0,11831000000.0,1990000000.0,NVDA
2022-08-10,18.04689598083496,597422000,24960000000.0,8132000000.0,11831000000.0,1990000000.0,NVDA
2022-08-11,17.892322540283203,509327000,24960000000.0,8132000000.0,11831000000.0,1990000000.0,NVDA
2022-08-12,18.657203674316406,478094000,24960000000.0,8132000000.0,11831000000.0,1990000000.0,NVDA
2022-08-15,18.979305267333984,457666000,24960000000.0,8132000000.0,11831000000.0,1990000000.0,NVDA
2022-08-16,18.826732635498047,451240000,24960000000.0,8132000000.0,11831000000.0,1990000000.0,NVDA
2022-08-17,18.284236907958984,446799000,24960000000.0,8132000000.0,11831000000.0,1990000000.0,NVDA
2022-08-18,18.721027374267575,415447000,24960000000.0,8132000000.0,11831000000.0,1990000000.0,NVDA
2022-08-19,17.799583435058594,441588000,24960000000.0,8132000000.0,11831000000.0,1990000000.0,NVDA
2022-08-22,16.986839294433594,409593000,24960000000.0,8132000000.0,11831000000.0,1990000000.0,NVDA
2022-08-23,17.13343620300293,369986000,24960000000.0,8132000000.0,11831000000.0,1990000000.0,NVDA
2022-08-24,17.1743221282959,522661000,24960000000.0,8132000000.0,11831000000.0,1990000000.0,NVDA
2022-08-25,17.863405227661133,770691000,24960000000.0,8132000000.0,11831000000.0,1990000000.0,NVDA
2022-08-26,16.21498680114746,769127000,24960000000.0,8132000000.0,11831000000.0,1990000000.0,NVDA
2022-08-29,15.75725269317627,496132000,24960000000.0,8132000000.0,11831000000.0,1990000000.0,NVDA
2022-08-30,15.42517375946045,530181000,24960000000.0,8132000000.0,11831000000.0,1990000000.0,NVDA
2022-08-31,15.052209854125977,573710000,24960000000.0,8132000000.0,11831000000.0,1990000000.0,NVDA
2022-09-01,13.898415565490724,1178865000,24960000000.0,8132000000.0,11831000000.0,1990000000.0,NVDA
2022-09-02,13.60921573638916,743157000,24960000000.0,8132000000.0,11831000000.0,1990000000.0,NVDA
2022-09-06,13.427721977233888,535751000,24960000000.0,8132000000.0,11831000000.0,1990000000.0,NVDA
2022-09-07,13.680095672607422,512657000,24960000000.0,8132000000.0,11831000000.0,1990000000.0,NVDA
2022-09-08,13.955414772033691,624873000,24960000000.0,8132000000.0,11831000000.0,1990000000.0,NVDA
2022-09-09,14.351431846618652,486612000,24960000000.0,8132000000.0,11831000000.0,1990000000.0,NVDA
2022-09-12,14.469141006469728,484159000,24960000000.0,8132000000.0,11831000000.0,1990000000.0,NVDA
2022-09-13,13.09853458404541,714956000,24960000000.0,8132000000.0,11831000000.0,1990000000.0,NVDA
2022-09-14,13.09554386138916,588507000,24960000000.0,8132000000.0,11831000000.0,1990000000.0,NVDA
2022-09-15,12.8970365524292,523625000,24960000000.0,8132000000.0,11831000000.0,1990000000.0,NVDA
2022-09-16,13.165371894836426,670751000,24960000000.0,8132000000.0,11831000000.0,1990000000.0,NVDA
2022-09-19,13.348916053771973,569685000,24960000000.0,8132000000.0,11831000000.0,1990000000.0,NVDA
2022-09-20,13.143425941467283,524818000,24960000000.0,8132000000.0,11831000000.0,1990000000.0,NVDA
2022-09-21,13.228216171264648,807679000,24960000000.0,8132000000.0,11831000000.0,1990000000.0,NVDA
2022-09-22,12.529947280883787,759162000,24960000000.0,8132000000.0,11831000000.0,1990000000.0,NVDA
2022-09-23,12.485057830810549,663309000,24960000000.0,8132000000.0,11831000000.0,1990000000.0,NVDA
2022-09-26,12.197771072387695,547343000,24960000000.0,8132000000.0,11831000000.0,1990000000.0,NVDA
2022-09-27,12.38231086730957,553854000,24960000000.0,8132000000.0,11831000000.0,1990000000.0,NVDA
2022-09-28,12.704513549804688,542414000,24960000000.0,8132000000.0,11831000000.0,1990000000.0,NVDA
2022-09-29,12.189789772033691,532763000,24960000000.0,8132000000.0,11831000000.0,1990000000.0,NVDA
2022-09-30,12.108988761901855,565638000,24960000000.0,8132000000.0,11831000000.0,1990000000.0,NVDA
2022-10-03,12.481067657470703,547478000,24960000000.0,8132000000.0,11831000000.0,1990000000.0,NVDA
2022-10-04,13.134448051452637,584182000,24960000000.0,8132000000.0,11831000000.0,1990000000.0,NVDA
2022-10-05,13.176344871520996,507131000,24960000000.0,8132000000.0,11831000000.0,1990000000.0,NVDA
2022-10-06,13.097538948059082,644157000,24960000000.0,8132000000.0,11831000000.0,1990000000.0,NVDA
2022-10-07,12.04614543914795,672478000,24960000000.0,8132000000.0,11831000000.0,1990000000.0,NVDA
2022-10-10,11.641148567199709,698699000,24960000000.0,8132000000.0,11831000000.0,1990000000.0,NVDA
2022-10-11,11.55735683441162,667482000,24960000000.0,8132000000.0,11831000000.0,1990000000.0,NVDA
2022-10-12,11.471569061279297,492590000,24960000000.0,8132000000.0,11831000000.0,1990000000.0,NVDA
2022-10-13,11.930431365966797,850103000,24960000000.0,8132000000.0,11831000000.0,1990000000.0,NVDA
2022-10-14,11.199244499206545,713432000,24960000000.0,8132000000.0,11831000000.0,1990000000.0,NVDA
2022-10-17,11.85861110687256,580774000,24960000000.0,8132000000.0,11831000000.0,1990000000.0,NVDA
2022-10-18,11.937414169311523,659362000,24960000000.0,8132000000.0,11831000000.0,1990000000.0,NVDA
2022-10-19,12.021206855773926,523131000,24960000000.0,8132000000.0,11831000000.0,1990000000.0,NVDA
2022-10-20,12.163854598999023,652398000,24960000000.0,8132000000.0,11831000000.0,1990000000.0,NVDA
2022-10-21,12.4351806640625,609494000,24960000000.0,8132000000.0,11831000000.0,1990000000.0,NVDA
2022-10-24,12.567852973937988,517457000,24960000000.0,8132000000.0,11831000000.0,1990000000.0,NVDA
2022-10-25,13.228216171264648,505482000,24960000000.0,8132000000.0,11831000000.0,1990000000.0,NVDA
2022-10-26,12.864117622375488,532953000,24960000000.0,8132000000.0,11831000000.0,1990000000.0,NVDA
2022-10-27,13.143425941467283,583113000,24960000000.0,8132000000.0,11831000000.0,1990000000.0,NVDA
2022-10-28,13.799798965454102,521040000,24960000000.0,8132000000.0,11831000000.0,1990000000.0,NVDA
2022-10-31,13.463630676269531,486341000,24960000000.0,8132000000.0,11831000000.0,1990000000.0,NVDA
2022-11-01,13.509517669677734,432817000,24960000000.0,8132000000.0,11831000000.0,1990000000.0,NVDA
2022-11-02,13.186318397521973,672628000,24960000000.0,8132000000.0,11831000000.0,1990000000.0,NVDA
2022-11-03,13.387818336486816,500065000,24960000000.0,8132000000.0,11831000000.0,1990000000.0,NVDA
2022-11-04,14.121004104614258,612576000,24960000000.0,8132000000.0,11831000000.0,1990000000.0,NVDA
2022-11-07,14.265644073486328,410061000,24960000000.0,8132000000.0,11831000000.0,1990000000.0,NVDA
2022-11-08,14.565900802612305,595292000,24960000000.0,8132000000.0,11831000000.0,1990000000.0,NVDA
2022-11-09,13.741942405700684,454414000,24960000000.0,8132000000.0,11831000000.0,1990000000.0,NVDA
2022-11-10,15.71106243133545,700819000,24960000000.0,8132000000.0,11831000000.0,1990000000.0,NVDA
2022-11-11,16.286636352539062,655487000,24960000000.0,8132000000.0,11831000000.0,1990000000.0,NVDA
2022-11-14,16.254716873168945,527852000,24960000000.0,8132000000.0,11831000000.0,1990000000.0,NVDA
2022-11-15,16.624797821044922,545876000,24960000000.0,8132000000.0,11831000000.0,1990000000.0,NVDA
2022-11-16,15.870665550231934,649547000,24960000000.0,8132000000.0,11831000000.0,1990000000.0,NVDA
2022-11-17,15.638243675231934,710894000,24960000000.0,8132000000.0,11831000000.0,1990000000.0,NVDA
2022-11-18,15.370904922485352,492072000,24960000000.0,8132000000.0,11831000000.0,1990000000.0,NVDA
2022-11-21,15.279131889343262,404739000,24960000000.0,8132000000.0,11831000000.0,1990000000.0,NVDA
2022-11-22,15.99834442138672,472866000,24960000000.0,8132000000.0,11831000000.0,1990000000.0,NVDA
2022-11-23,16.47816276550293,427241000,24960000000.0,8132000000.0,11831000000.0,1990000000.0,NVDA
2022-11-25,16.229778289794922,167934000,24960000000.0,8132000000.0,11831000000.0,1990000000.0,NVDA
2022-11-28,15.787871360778809,303741000,24960000000.0,8132000000.0,11831000000.0,1990000000.0,NVDA
2022-11-29,15.600336074829102,298384000,24960000000.0,8132000000.0,11831000000.0,1990000000.0,NVDA
2022-11-30,16.885480880737305,565298000,24960000000.0,8132000000.0,11831000000.0,1990000000.0,NVDA
2022-12-01,17.09700584411621,470977000,24960000000.0,8132000000.0,11831000000.0,1990000000.0,NVDA
2022-12-02,16.838584899902344,371389000,24960000000.0,8132000000.0,11831000000.0,1990000000.0,NVDA
2022-12-05,16.57317352294922,352255000,24960000000.0,8132000000.0,11831000000.0,1990000000.0,NVDA
2022-12-06,15.951556205749512,352694000,24960000000.0,8132000000.0,11831000000.0,1990000000.0,NVDA
2022-12-07,16.084260940551758,372388000,24960000000.0,8132000000.0,11831000000.0,1990000000.0,NVDA
2022-12-08,17.130937576293945,515456000,24960000000.0,8132000000.0,11831000000.0,1990000000.0,NVDA
2022-12-09,16.963308334350586,465338000,24960000000.0,8132000000.0,11831000000.0,1990000000.0,NVDA
2022-12-12,17.496124267578125,457328000,24960000000.0,8132000000.0,11831000000.0,1990000000.0,NVDA
2022-12-13,18.031932830810547,656589000,24960000000.0,8132000000.0,11831000000.0,1990000000.0,NVDA
2022-12-14,17.634815216064453,496888000,24960000000.0,8132000000.0,11831000000.0,1990000000.0,NVDA
2022-12-15,16.91441535949707,478542000,24960000000.0,8132000000.0,11831000000.0,1990000000.0,NVDA
2022-12-16,16.534257888793945,478232000,24960000000.0,8132000000.0,11831000000.0,1990000000.0,NVDA
2022-12-19,16.21796226501465,354039000,24960000000.0,8132000000.0,11831000000.0,1990000000.0,NVDA
2022-12-20,16.04934310913086,403260000,24960000000.0,8132000000.0,11831000000.0,1990000000.0,NVDA
2022-12-21,16.464414596557617,325025000,24960000000.0,8132000000.0,11831000000.0,1990000000.0,NVDA
2022-12-22,15.30499267578125,565045000,24960000000.0,8132000000.0,11831000000.0,1990000000.0,NVDA
2022-12-23,15.172287940979004,349326000,24960000000.0,8132000000.0,11831000000.0,1990000000.0,NVDA
2022-12-27,14.08969497680664,464902000,24960000000.0,8132000000.0,11831000000.0,1990000000.0,NVDA
2022-12-28,14.004881858825684,351066000,24960000000.0,8132000000.0,11831000000.0,1990000000.0,NVDA
2022-12-29,14.570624351501465,354923000,24960000000.0,8132000000.0,11831000000.0,1990000000.0,NVDA
2022-12-30,14.581600189208984,310490000,24960000000.0,8132000000.0,11831000000.0,1990000000.0,NVDA
2023-01-03,14.283263206481934,401277000,24960000000.0,8132000000.0,11831000000.0,1990000000.0,NVDA
2023-01-04,14.716300964355469,431324000,24960000000.0,8132000000.0,11831000000.0,1990000000.0,NVDA
2023-01-05,14.23337459564209,389168000,24960000000.0,8132000000.0,11831000000.0,1990000000.0,NVDA
2023-01-06,14.826057434082031,405044000,24960000000.0,8132000000.0,11831000000.0,1990000000.0,NVDA
2023-01-09,15.593354225158691,504231000,24960000000.0,8132000000.0,11831000000.0,1990000000.0,NVDA
2023-01-10,15.873729705810549,384101000,24960000000.0,8132000000.0,11831000000.0,1990000000.0,NVDA
2023-01-11,15.96552276611328,353285000,24960000000.0,8132000000.0,11831000000.0,1990000000.0,NVDA
2023-01-12,16.47439193725586,551409000,24960000000.0,8132000000.0,11831000000.0,1990000000.0,NVDA
2023-01-13,16.861534118652344,447287000,24960000000.0,8132000000.0,11831000000.0,1990000000.0,NVDA
2023-01-17,17.662752151489258,511102000,24960000000.0,8132000000.0,11831000000.0,1990000000.0,NVDA
2023-01-18,17.338476181030273,439624000,24960000000.0,8132000000.0,11831000000.0,1990000000.0,NVDA
2023-01-19,16.727828979492188,452932000,24960000000.0,8132000000.0,11831000000.0,1990000000.0,NVDA
2023-01-20,17.799448013305664,564967000,24960000000.0,8132000000.0,11831000000.0,1990000000.0,NVDA
2023-01-23,19.15045166015625,655163000,24960000000.0,8132000000.0,11831000000.0,1990000000.0,NVDA
2023-01-24,19.2222900390625,496204000,24960000000.0,8132000000.0,11831000000.0,1990000000.0,NVDA
2023-01-25,19.280160903930664,449537000,24960000000.0,8132000000.0,11831000000.0,1990000000.0,NVDA
2023-01-26,19.75809860229492,489535000,24960000000.0,8132000000.0,11831000000.0,1990000000.0,NVDA
2023-01-27,20.319847106933594,542142000,24960000000.0,8132000000.0,11831000000.0,1990000000.0,NVDA
2023-01-30,19.11952018737793,488611000,24870000000.0,3808000000.0,12031000000.0,3389000000.0,NVDA
2023-01-31,19.49368667602539,498017000,24870000000.0,3808000000.0,12031000000.0,3389000000.0,NVDA
2023-02-01,20.896568298339844,660477000,24870000000.0,3808000000.0,12031000000.0,3389000000.0,NVDA
2023-02-02,21.660869598388672,564276000,24870000000.0,3808000000.0,12031000000.0,3389000000.0,NVDA
2023-02-03,21.053220748901367,429366000,24870000000.0,3808000000.0,12031000000.0,3389000000.0,NVDA
2023-02-06,21.042245864868164,452197000,24870000000.0,3808000000.0,12031000000.0,3389000000.0,NVDA
2023-02-07,22.12384033203125,664150000,24870000000.0,3808000000.0,12031000000.0,3389000000.0,NVDA
2023-02-08,22.155771255493164,559651000,24870000000.0,3808000000.0,12031000000.0,3389000000.0,NVDA
2023-02-09,22.287477493286133,523876000,24870000000.0,3808000000.0,12031000000.0,3389000000.0,NVDA
2023-02-10,21.217853546142575,550737000,24870000000.0,3808000000.0,12031000000.0,3389000000.0,NVDA
2023-02-13,21.73969078063965,474919000,24870000000.0,3808000000.0,12031000000.0,3389000000.0,NVDA
2023-02-14,22.92007064819336,675474000,24870000000.0,3808000000.0,12031000000.0,3389000000.0,NVDA
2023-02-15,22.71352767944336,420575000,24870000000.0,3808000000.0,12031000000.0,3389000000.0,NVDA
2023-02-16,21.953224182128903,412026000,24870000000.0,3808000000.0,12031000000.0,3389000000.0,NVDA
2023-02-17,21.340579986572266,465888000,24870000000.0,3808000000.0,12031000000.0,3389000000.0,NVDA
2023-02-21,20.60920524597168,410015000,24870000000.0,3808000000.0,12031000000.0,3389000000.0,NVDA
2023-02-22,20.707988739013672,513184000,24870000000.0,3808000000.0,12031000000.0,3389000000.0,NVDA
2023-02-23,23.611534118652344,1117995000,24870000000.0,3808000000.0,12031000000.0,3389000000.0,NVDA
2023-02-24,23.234375,589716000,24870000000.0,3808000000.0,12031000000.0,3389000000.0,NVDA
2023-02-27,23.448898315429688,452994000,24870000000.0,3808000000.0,12031000000.0,3389000000.0,NVDA
2023-02-28,23.164527893066406,455963000,24870000000.0,3808000000.0,12031000000.0,3389000000.0,NVDA
2023-03-01,22.64767837524414,460026000,24870000000.0,3808000000.0,12031000000.0,3389000000.0,NVDA
2023-03-02,23.262311935424805,389415000,24870000000.0,3808000000.0,12031000000.0,3389000000.0,NVDA
2023-03-03,23.83703231811523,412393000,24870000000.0,3808000000.0,12031000000.0,3389000000.0,NVDA
2023-03-06,23.501779556274418,437429000,24870000000.0,3808000000.0,12031000000.0,3389000000.0,NVDA
2023-03-07,23.24031639099121,515154000,24870000000.0,3808000000.0,12031000000.0,3389000000.0,NVDA
2023-03-08,24.131486892700195,513573000,24870000000.0,3808000000.0,12031000000.0,3389000000.0,NVDA
2023-03-09,23.38801383972168,501257000,24870000000.0,3808000000.0,12031000000.0,3389000000.0,NVDA
2023-03-10,22.9179744720459,474866000,24870000000.0,3808000000.0,12031000000.0,3389000000.0,NVDA
2023-03-13,22.91897201538086,421890000,24870000000.0,3808000000.0,12031000000.0,3389000000.0,NVDA
2023-03-14,24.01372718811035,474910000,24870000000.0,3808000000.0,12031000000.0,3389000000.0,NVDA
2023-03-15,24.17839241027832,524486000,24870000000.0,3808000000.0,12031000000.0,3389000000.0,NVDA
2023-03-16,25.48870277404785,583253000,24870000000.0,3808000000.0,12031000000.0,3389000000.0,NVDA
2023-03-17,25.672327041625977,848547000,24870000000.0,3808000000.0,12031000000.0,3389000000.0,NVDA
2023-03-20,25.846967697143555,432747000,24870000000.0,3808000000.0,12031000000.0,3389000000.0,NVDA
2023-03-21,26.145357131958008,547408000,24870000000.0,3808000000.0,12031000000.0,3389000000.0,NVDA
2023-03-22,26.41380500793457,797295000,24870000000.0,3808000000.0,12031000000.0,3389000000.0,NVDA
2023-03-23,27.135324478149418,564889000,24870000000.0,3808000000.0,12031000000.0,3389000000.0,NVDA
2023-03-24,26.72416877746582,454920000,24870000000.0,3808000000.0,12031000000.0,3389000000.0,NVDA
2023-03-27,26.476675033569336,361026000,24870000000.0,3808000000.0,12031000000.0,3389000000.0,NVDA
2023-03-28,26.355926513671875,356104000,24870000000.0,3808000000.0,12031000000.0,3389000000.0,NVDA
2023-03-29,26.928747177124023,393694000,24870000000.0,3808000000.0,12031000000.0,3389000000.0,NVDA
2023-03-30,27.32693099975586,364516000,24870000000.0,3808000000.0,12031000000.0,3389000000.0,NVDA
2023-03-31,27.720125198364254,433933000,24870000000.0,3808000000.0,12031000000.0,3389000000.0,NVDA
2023-04-03,27.907739639282227,398716000,24870000000.0,3808000000.0,12031000000.0,3389000000.0,NVDA
2023-04-04,27.396785736083984,368592000,24870000000.0,3808000000.0,12031000000.0,3389000000.0,NVDA
2023-04-05,26.82596206665039,515015000,24870000000.0,3808000000.0,12031000000.0,3389000000.0,NVDA
2023-04-06,26.98163604736328,397654000,24870000000.0,3808000000.0,12031000000.0,3389000000.0,NVDA
2023-04-10,27.522531509399418,395279000,24870000000.0,3808000000.0,12031000000.0,3389000000.0,NVDA
2023-04-11,27.11336898803711,314378000,24870000000.0,3808000000.0,12031000000.0,3389000000.0,NVDA
2023-04-12,26.440752029418945,446259000,24870000000.0,3808000000.0,12031000000.0,3389000000.0,NVDA
2023-04-13,26.408811569213867,353615000,24870000000.0,3808000000.0,12031000000.0,3389000000.0,NVDA
2023-04-14,26.703210830688477,395660000,24870000000.0,3808000000.0,12031000000.0,3389000000.0,NVDA
2023-04-17,26.94671058654785,321471000,24870000000.0,3808000000.0,12031000000.0,3389000000.0,NVDA
2023-04-18,27.610349655151367,604812000,24870000000.0,3808000000.0,12031000000.0,3389000000.0,NVDA
2023-04-19,27.873809814453125,358660000,24870000000.0,3808000000.0,12031000000.0,3389000000.0,NVDA
2023-04-20,27.048503875732425,427713000,24870000000.0,3808000000.0,12031000000.0,3389000000.0,NVDA
2023-04-21,27.0634708404541,345103000,24870000000.0,3808000000.0,12031000000.0,3389000000.0,NVDA
2023-04-24,26.986629486083984,339282000,24870000000.0,3808000000.0,12031000000.0,3389000000.0,NVDA
2023-04-25,26.18726921081543,378527000,24870000000.0,3808000000.0,12031000000.0,3389000000.0,NVDA
2023-04-26,26.900802612304688,406337000,24870000000.0,3808000000.0,12031000000.0,3389000000.0,NVDA
2023-04-27,27.170251846313477,377161000,24870000000.0,3808000000.0,12031000000.0,3389000000.0,NVDA
2023-04-28,27.69218635559082,292216000,24870000000.0,3808000000.0,12031000000.0,3389000000.0,NVDA
2023-05-01,28.850805282592773,570329000,24870000000.0,3808000000.0,12031000000.0,3389000000.0,NVDA
2023-05-02,28.15223693847656,402730000,24870000000.0,3808000000.0,12031000000.0,3389000000.0,NVDA
2023-05-03,27.745073318481445,383387000,24870000000.0,3808000000.0,12031000000.0,3389000000.0,NVDA
2023-05-04,27.50556373596191,321850000,24870000000.0,3808000000.0,12031000000.0,3389000000.0,NVDA
2023-05-05,28.621274948120117,361494000,24870000000.0,3808000000.0,12031000000.0,3389000000.0,NVDA
2023-05-08,29.091310501098633,344979000,24870000000.0,3808000000.0,12031000000.0,3389000000.0,NVDA
2023-05-09,28.512500762939453,314869000,24870000000.0,3808000000.0,12031000000.0,3389000000.0,NVDA
2023-05-10,28.825855255126953,369350000,24870000000.0,3808000000.0,12031000000.0,3389000000.0,NVDA
2023-05-11,28.51948356628418,322149000,24870000000.0,3808000000.0,12031000000.0,3389000000.0,NVDA
2023-05-12,28.281970977783203,274222000,24870000000.0,3808000000.0,12031000000.0,3389000000.0,NVDA
2023-05-15,28.89371681213379,293926000,24870000000.0,3808000000.0,12031000000.0,3389000000.0,NVDA
2023-05-16,29.15318298339844,449405000,24870000000.0,3808000000.0,12031000000.0,3389000000.0,NVDA
2023-05-17,30.116207122802734,432535000,24870000000.0,3808000000.0,12031000000.0,3389000000.0,NVDA
2023-05-18,31.613134384155273,748725000,24870000000.0,3808000000.0,12031000000.0,3389000000.0,NVDA
2023-05-19,31.199981689453125,473908000,24870000000.0,3808000000.0,12031000000.0,3389000000.0,NVDA
2023-05-22,31.11216735839844,372000000,24870000000.0,3808000000.0,12031000000.0,3389000000.0,NVDA
2023-05-23,30.625167846679688,356253000,24870000000.0,3808000000.0,12031000000.0,3389000000.0,NVDA
2023-05-24,30.47547149658203,721419000,24870000000.0,3808000000.0,12031000000.0,3389000000.0,NVDA
2023-05-25,37.9022331237793,1543911000,24870000000.0,3808000000.0,12031000000.0,3389000000.0,NVDA
2023-05-26,38.86626434326172,714397000,24870000000.0,3808000000.0,12031000000.0,3389000000.0,NVDA
2023-05-30,40.02887344360352,923401000,24870000000.0,3808000000.0,12031000000.0,3389000000.0,NVDA
2023-05-31,37.756534576416016,1002580000,24870000000.0,3808000000.0,12031000000.0,3389000000.0,NVDA
2023-06-01,39.688568115234375,635873000,24870000000.0,3808000000.0,12031000000.0,3389000000.0,NVDA
2023-06-02,39.246463775634766,482731000,24870000000.0,3808000000.0,12031000000.0,3389000000.0,NVDA
2023-06-05,39.090789794921875,396094000,24870000000.0,3808000000.0,12031000000.0,3389000000.0,NVDA
2023-06-06,38.57485580444336,388729000,24870000000.0,3808000000.0,12031000000.0,3389000000.0,NVDA
2023-06-07,37.402130126953125,511998000,24870000000.0,3808000000.0,12031000000.0,3389000000.0,NVDA
2023-06-08,38.43512344360352,417772000,24870000000.0,3808000000.0,12031000000.0,3389000000.0,NVDA
2023-06-09,38.69461441040039,427717000,24870000000.0,3808000000.0,12031000000.0,3389000000.0,NVDA
2023-06-12,39.405235290527344,388701000,24870000000.0,3808000000.0,12031000000.0,3389000000.0,NVDA
2023-06-13,40.94223403930664,613208000,24870000000.0,3808000000.0,12031000000.0,3389000000.0,NVDA
2023-06-14,42.91340255737305,740465000,24870000000.0,3808000000.0,12031000000.0,3389000000.0,NVDA
2023-06-15,42.570072174072266,568622000,24870000000.0,3808000000.0,12031000000.0,3389000000.0,NVDA
2023-06-16,42.60898971557617,655709000,24870000000.0,3808000000.0,12031000000.0,3389000000.0,NVDA
2023-06-20,43.72282409667969,451153000,24870000000.0,3808000000.0,12031000000.0,3389000000.0,NVDA
2023-06-21,42.961307525634766,551603000,24870000000.0,3808000000.0,12031000000.0,3389000000.0,NVDA
2023-06-22,42.94134521484375,417737000,24870000000.0,3808000000.0,12031000000.0,3389000000.0,NVDA
2023-06-23,42.126930236816406,358140000,24870000000.0,3808000000.0,12031000000.0,3389000000.0,NVDA
2023-06-26,40.553001403808594,594322000,24870000000.0,3808000000.0,12031000000.0,3389000000.0,NVDA
2023-06-27,41.794578552246094,462175000,24870000000.0,3808000000.0,12031000000.0,3389000000.0,NVDA
2023-06-28,41.03705596923828,582639000,24870000000.0,3808000000.0,12031000000.0,3389000000.0,NVDA
2023-06-29,40.74262619018555,380514000,24870000000.0,3808000000.0,12031000000.0,3389000000.0,NVDA
2023-06-30,42.219749450683594,501148000,24870000000.0,3808000000.0,12031000000.0,3389000000.0,NVDA
2023-07-03,42.330528259277344,198209000,24870000000.0,3808000000.0,12031000000.0,3389000000.0,NVDA
2023-07-05,42.2347297668457,323618000,24870000000.0,3808000000.0,12031000000.0,3389000000.0,NVDA
2023-07-06,42.021141052246094,303582000,24870000000.0,3808000000.0,12031000000.0,3389000000.0,NVDA
2023-07-07,42.42036056518555,355881000,24870000000.0,3808000000.0,12031000000.0,3389000000.0,NVDA
2023-07-10,42.09799575805664,353908000,24870000000.0,3808000000.0,12031000000.0,3389000000.0,NVDA
2023-07-11,42.32254409790039,298244000,24870000000.0,3808000000.0,12031000000.0,3389000000.0,NVDA
2023-07-12,43.8166389465332,481277000,24870000000.0,3808000000.0,12031000000.0,3389000000.0,NVDA
2023-07-13,45.887603759765625,478204000,24870000000.0,3808000000.0,12031000000.0,3389000000.0,NVDA
2023-07-14,45.38059616088867,772075000,24870000000.0,3808000000.0,12031000000.0,3389000000.0,NVDA
2023-07-17,46.370662689208984,510488000,24870000000.0,3808000000.0,12031000000.0,3389000000.0,NVDA
2023-07-18,47.40165328979492,569164000,24870000000.0,3808000000.0,12031000000.0,3389000000.0,NVDA
2023-07-19,46.98546600341797,427502000,24870000000.0,3808000000.0,12031000000.0,3389000000.0,NVDA
2023-07-20,45.43149185180664,537865000,24870000000.0,3808000000.0,12031000000.0,3389000000.0,NVDA
2023-07-21,44.22285079956055,963769000,24870000000.0,3808000000.0,12031000000.0,3389000000.0,NVDA
2023-07-24,44.52526092529297,382516000,24870000000.0,3808000000.0,12031000000.0,3389000000.0,NVDA
2023-07-25,45.59018325805664,348081000,24870000000.0,3808000000.0,12031000000.0,3389000000.0,NVDA
2023-07-26,45.363624572753906,364237000,24870000000.0,3808000000.0,12031000000.0,3389000000.0,NVDA
2023-07-27,45.810760498046875,455976000,24870000000.0,3808000000.0,12031000000.0,3389000000.0,NVDA
2023-07-28,46.65910339355469,331194000,24870000000.0,3808000000.0,12031000000.0,3389000000.0,NVDA
2023-07-31,46.638145446777344,251055000,24870000000.0,3808000000.0,12031000000.0,3389000000.0,NVDA
2023-08-01,46.41657638549805,237858000,24870000000.0,3808000000.0,12031000000.0,3389000000.0,NVDA
2023-08-02,44.18292617797851,530142000,24870000000.0,3808000000.0,12031000000.0,3389000000.0,NVDA
2023-08-03,44.42844772338867,324176000,24870000000.0,3808000000.0,12031000000.0,3389000000.0,NVDA
2023-08-04,44.59312438964844,362666000,24870000000.0,3808000000.0,12031000000.0,3389000000.0,NVDA
2023-08-07,45.32869338989258,322154000,24870000000.0,3808000000.0,12031000000.0,3389000000.0,NVDA
2023-08-08,44.5771598815918,353843000,24870000000.0,3808000000.0,12031000000.0,3389000000.0,NVDA
2023-08-09,42.47126388549805,586449000,24870000000.0,3808000000.0,12031000000.0,3389000000.0,NVDA
2023-08-10,42.30559158325195,492705000,24870000000.0,3808000000.0,12031000000.0,3389000000.0,NVDA
2023-08-11,40.77556228637695,533085000,24870000000.0,3808000000.0,12031000000.0,3389000000.0,NVDA
2023-08-14,43.667930603027344,690286000,24870000000.0,3808000000.0,12031000000.0,3389000000.0,NVDA
2023-08-15,43.85456848144531,676512000,24870000000.0,3808000000.0,12031000000.0,3389000000.0,NVDA
2023-08-16,43.40145111083984,527451000,24870000000.0,3808000000.0,12031000000.0,3389000000.0,NVDA
2023-08-17,43.25973129272461,452395000,24870000000.0,3808000000.0,12031000000.0,3389000000.0,NVDA
2023-08-18,43.21480941772461,583768000,24870000000.0,3808000000.0,12031000000.0,3389000000.0,NVDA
2023-08-21,46.87567901611328,692573000,24870000000.0,3808000000.0,12031000000.0,3389000000.0,NVDA
2023-08-22,45.57920837402344,755293000,24870000000.0,3808000000.0,12031000000.0,3389000000.0,NVDA
2023-08-23,47.0244026184082,779046000,24870000000.0,3808000000.0,12031000000.0,3389000000.0,NVDA
2023-08-24,47.0713005065918,1156044000,24870000000.0,3808000000.0,12031000000.0,3389000000.0,NVDA
2023-08-25,45.928524017333984,925341000,24870000000.0,3808000000.0,12031000000.0,3389000000.0,NVDA
2023-08-28,46.74394607543945,685192000,24870000000.0,3808000000.0,12031000000.0,3389000000.0,NVDA
2023-08-29,48.68914413452149,701397000,24870000000.0,3808000000.0,12031000000.0,3389000000.0,NVDA
2023-08-30,49.168216705322266,735206000,24870000000.0,3808000000.0,12031000000.0,3389000000.0,NVDA
2023-08-31,49.25904083251953,528570000,24870000000.0,3808000000.0,12031000000.0,3389000000.0,NVDA
2023-09-01,48.4146728515625,463830000,24870000000.0,3808000000.0,12031000000.0,3389000000.0,NVDA
2023-09-05,48.453609466552734,382653000,24870000000.0,3808000000.0,12031000000.0,3389000000.0,NVDA
2023-09-06,46.973365783691406,468670000,24870000000.0,3808000000.0,12031000000.0,3389000000.0,NVDA
2023-09-07,46.1548957824707,433330000,24870000000.0,3808000000.0,12031000000.0,3389000000.0,NVDA
2023-09-08,45.48714447021485,473069000,24870000000.0,3808000000.0,12031000000.0,3389000000.0,NVDA
2023-09-11,45.093868255615234,473966000,24870000000.0,3808000000.0,12031000000.0,3389000000.0,NVDA
2023-09-12,44.78644943237305,349256000,24870000000.0,3808000000.0,12031000000.0,3389000000.0,NVDA
2023-09-13,45.40030288696289,398355000,24870000000.0,3808000000.0,12031000000.0,3389000000.0,NVDA
2023-09-14,45.496124267578125,370097000,24870000000.0,3808000000.0,12031000000.0,3389000000.0,NVDA
2023-09-15,43.8182487487793,506831000,24870000000.0,3808000000.0,12031000000.0,3389000000.0,NVDA
2023-09-18,43.88412857055664,500271000,24870000000.0,3808000000.0,12031000000.0,3389000000.0,NVDA
2023-09-19,43.438961029052734,373064000,24870000000.0,3808000000.0,12031000000.0,3389000000.0,NVDA
2023-09-20,42.16034698486328,367108000,24870000000.0,3808000000.0,12031000000.0,3389000000.0,NVDA
2023-09-21,40.940616607666016,450736000,24870000000.0,3808000000.0,12031000000.0,3389000000.0,NVDA
2023-09-22,41.53251647949219,479236000,24870000000.0,3808000000.0,12031000000.0,3389000000.0,NVDA
2023-09-25,42.14338302612305,419091000,24870000000.0,3808000000.0,12031000000.0,3389000000.0,NVDA
2023-09-26,41.83295440673828,402282000,24870000000.0,3808000000.0,12031000000.0,3389000000.0,NVDA
2023-09-27,42.388919830322266,444935000,24870000000.0,3808000000.0,12031000000.0,3389000000.0,NVDA
2023-09-28,43.00876235961914,424663000,24870000000.0,3808000000.0,12031000000.0,3389000000.0,NVDA
2023-09-29,43.417999267578125,397830000,24870000000.0,3808000000.0,12031000000.0,3389000000.0,NVDA
2023-10-02,44.69861602783203,433298000,24870000000.0,3808000000.0,12031000000.0,3389000000.0,NVDA
2023-10-03,43.43596267700195,470850000,24870000000.0,3808000000.0,12031000000.0,3389000000.0,NVDA
2023-10-04,43.95899200439453,361821000,24870000000.0,3808000000.0,12031000000.0,3389000000.0,NVDA
2023-10-05,44.60478210449219,393483000,24870000000.0,3808000000.0,12031000000.0,3389000000.0,NVDA
2023-10-06,45.67678451538086,434436000,24870000000.0,3808000000.0,12031000000.0,3389000000.0,NVDA
2023-10-09,45.18869400024414,409675000,24870000000.0,3808000000.0,12031000000.0,3389000000.0,NVDA
2023-10-10,45.71271896362305,368582000,24870000000.0,3808000000.0,12031000000.0,3389000000.0,NVDA
2023-10-11,46.71883392333984,378137000,24870000000.0,3808000000.0,12031000000.0,3389000000.0,NVDA
2023-10-12,46.85758209228515,481325000,24870000000.0,3808000000.0,12031000000.0,3389000000.0,NVDA
2023-10-13,45.376346588134766,474115000,24870000000.0,3808000000.0,12031000000.0,3389000000.0,NVDA
2023-10-16,46.0091667175293,375099000,24870000000.0,3808000000.0,12031000000.0,3389000000.0,NVDA
2023-10-17,43.85618209838867,812333000,24870000000.0,3808000000.0,12031000000.0,3389000000.0,NVDA
2023-10-18,42.11742401123047,627294000,24870000000.0,3808000000.0,12031000000.0,3389000000.0,NVDA
2023-10-19,42.022613525390625,501233000,24870000000.0,3808000000.0,12031000000.0,3389000000.0,NVDA
2023-10-20,41.309932708740234,477266000,24870000000.0,3808000000.0,12031000000.0,3389000000.0,NVDA
2023-10-23,42.89497375488281,478530000,24870000000.0,3808000000.0,12031000000.0,3389000000.0,NVDA
2023-10-24,43.581695556640625,401463000,24870000000.0,3808000000.0,12031000000.0,3389000000.0,NVDA
2023-10-25,41.701202392578125,398379000,24870000000.0,3808000000.0,12031000000.0,3389000000.0,NVDA
2023-10-26,40.25091171264648,541001000,24870000000.0,3808000000.0,12031000000.0,3389000000.0,NVDA
2023-10-27,40.424591064453125,416784000,24870000000.0,3808000000.0,12031000000.0,3389000000.0,NVDA
2023-10-30,41.0843505859375,388028000,24870000000.0,3808000000.0,12031000000.0,3389000000.0,NVDA
2023-10-31,40.704063415527344,517969000,24870000000.0,3808000000.0,12031000000.0,3389000000.0,NVDA
2023-11-01,42.24618911743164,437593000,24870000000.0,3808000000.0,12031000000.0,3389000000.0,NVDA
2023-11-02,43.42498779296875,409172000,24870000000.0,3808000000.0,12031000000.0,3389000000.0,NVDA
2023-11-03,44.92120361328125,424610000,24870000000.0,3808000000.0,12031000000.0,3389000000.0,NVDA
2023-11-06,45.66580581665039,400733000,24870000000.0,3808000000.0,12031000000.0,3389000000.0,NVDA
2023-11-07,45.86943435668945,343165000,24870000000.0,3808000000.0,12031000000.0,3389000000.0,NVDA
2023-11-08,46.487274169921875,346719000,24870000000.0,3808000000.0,12031000000.0,3389000000.0,NVDA
2023-11-09,46.862571716308594,540496000,24870000000.0,3808000000.0,12031000000.0,3389000000.0,NVDA
2023-11-10,48.2449951171875,421245000,24870000000.0,3808000000.0,12031000000.0,3389000000.0,NVDA
2023-11-13,48.52946090698242,384136000,24870000000.0,3808000000.0,12031000000.0,3389000000.0,NVDA
2023-11-14,49.56354141235352,416954000,24870000000.0,3808000000.0,12031000000.0,3389000000.0,NVDA
2023-11-15,48.796974182128906,475497000,24870000000.0,3808000000.0,12031000000.0,3389000000.0,NVDA
2023-11-16,49.38787078857422,339756000,24870000000.0,3808000000.0,12031000000.0,3389000000.0,NVDA
2023-11-17,49.206207275390625,325205000,24870000000.0,3808000000.0,12031000000.0,3389000000.0,NVDA
2023-11-20,50.31513595581055,414120000,24870000000.0,3808000000.0,12031000000.0,3389000000.0,NVDA
2023-11-21,49.85100173950195,565747000,24870000000.0,3808000000.0,12031000000.0,3389000000.0,NVDA
2023-11-22,48.62528610229492,899420000,24870000000.0,3808000000.0,12031000000.0,3389000000.0,NVDA
2023-11-24,47.68703842163086,294645000,24870000000.0,3808000000.0,12031000000.0,3389000000.0,NVDA
2023-11-27,48.15216445922851,395662000,24870000000.0,3808000000.0,12031000000.0,3389000000.0,NVDA
2023-11-28,47.731956481933594,401491000,24870000000.0,3808000000.0,12031000000.0,3389000000.0,NVDA
2023-11-29,48.05036163330078,382005000,24870000000.0,3808000000.0,12031000000.0,3389000000.0,NVDA
2023-11-30,46.68291091918945,526247000,24870000000.0,3808000000.0,12031000000.0,3389000000.0,NVDA
2023-12-01,46.677921295166016,369317000,24870000000.0,3808000000.0,12031000000.0,3389000000.0,NVDA
2023-12-04,45.42525100708008,437543000,24870000000.0,3808000000.0,12031000000.0,3389000000.0,NVDA
2023-12-05,46.483375549316406,371718000,24870000000.0,3808000000.0,12031000000.0,3389000000.0,NVDA
2023-12-06,45.42226791381836,380590000,24870000000.0,3808000000.0,12031000000.0,3389000000.0,NVDA
2023-12-07,46.51332092285156,350823000,24870000000.0,3808000000.0,12031000000.0,3389000000.0,NVDA
2023-12-08,47.42171096801758,359224000,24870000000.0,3808000000.0,12031000000.0,3389000000.0,NVDA
2023-12-11,46.54427337646485,509728000,24870000000.0,3808000000.0,12031000000.0,3389000000.0,NVDA
2023-12-12,47.57244491577149,372387000,24870000000.0,3808000000.0,12031000000.0,3389000000.0,NVDA
2023-12-13,48.00267791748047,447792000,24870000000.0,3808000000.0,12031000000.0,3389000000.0,NVDA
2023-12-14,48.26420593261719,391232000,24870000000.0,3808000000.0,12031000000.0,3389000000.0,NVDA
2023-12-15,48.80324935913086,479948000,24870000000.0,3808000000.0,12031000000.0,3389000000.0,NVDA
2023-12-18,49.98814392089844,412587000,24870000000.0,3808000000.0,12031000000.0,3389000000.0,NVDA
2023-12-19,49.51598358154297,464444000,24870000000.0,3808000000.0,12031000000.0,3389000000.0,NVDA
2023-12-20,48.025634765625,397894000,24870000000.0,3808000000.0,12031000000.0,3389000000.0,NVDA
2023-12-21,48.90308380126953,300425000,24870000000.0,3808000000.0,12031000000.0,3389000000.0,NVDA
2023-12-22,48.74336624145508,252507000,24870000000.0,3808000000.0,12031000000.0,3389000000.0,NVDA
2023-12-26,49.19156265258789,244200000,24870000000.0,3808000000.0,12031000000.0,3389000000.0,NVDA
2023-12-27,49.32931900024414,233648000,24870000000.0,3808000000.0,12031000000.0,3389000000.0,NVDA
2023-12-28,49.43413162231445,246587000,24870000000.0,3808000000.0,12031000000.0,3389000000.0,NVDA
2023-12-29,49.43413162231445,389293000,24870000000.0,3808000000.0,12031000000.0,3389000000.0,NVDA
2024-01-02,48.08253479003906,411254000,24870000000.0,3808000000.0,12031000000.0,3389000000.0,NVDA
2024-01-03,47.48459243774414,320896000,24870000000.0,3808000000.0,12031000000.0,3389000000.0,NVDA
2024-01-04,47.912841796875,306535000,24870000000.0,3808000000.0,12031000000.0,3389000000.0,NVDA
2024-01-05,49.0098876953125,415039000,24870000000.0,3808000000.0,12031000000.0,3389000000.0,NVDA
2024-01-08,52.160282135009766,642510000,24870000000.0,3808000000.0,12031000000.0,3389000000.0,NVDA
2024-01-09,53.04571914672851,773100000,24870000000.0,3808000000.0,12031000000.0,3389000000.0,NVDA
2024-01-10,54.25356674194336,533796000,24870000000.0,3808000000.0,12031000000.0,3389000000.0,NVDA
2024-01-11,54.724727630615234,596759000,24870000000.0,3808000000.0,12031000000.0,3389000000.0,NVDA
2024-01-12,54.61292266845703,352994000,24870000000.0,3808000000.0,12031000000.0,3389000000.0,NVDA
2024-01-16,56.28196334838867,449580000,24870000000.0,3808000000.0,12031000000.0,3389000000.0,NVDA
2024-01-17,55.95354461669922,474394000,24870000000.0,3808000000.0,12031000000.0,3389000000.0,NVDA
2024-01-18,57.005672454833984,491650000,24870000000.0,3808000000.0,12031000000.0,3389000000.0,NVDA
2024-01-19,59.38544464111328,543501000,24870000000.0,3808000000.0,12031000000.0,3389000000.0,NVDA
2024-01-22,59.548152923583984,452955000,24870000000.0,3808000000.0,12031000000.0,3389000000.0,NVDA
2024-01-23,59.76677322387695,294654000,24870000000.0,3808000000.0,12031000000.0,3389000000.0,NVDA
2024-01-24,61.25312805175781,560271000,24870000000.0,3808000000.0,12031000000.0,3389000000.0,NVDA
2024-01-25,61.507667541503906,482777000,24870000000.0,3808000000.0,12031000000.0,3389000000.0,NVDA
2024-01-26,60.92271423339844,390309000,24870000000.0,3808000000.0,12031000000.0,3389000000.0,NVDA
2024-01-29,62.35416793823242,348733000,24690000000.0,27021000000.0,11056000000.0,7280000000.0,NVDA
2024-01-30,62.66261291503906,410735000,24690000000.0,27021000000.0,11056000000.0,7280000000.0,NVDA
2024-01-31,61.4178352355957,453795000,24690000000.0,27021000000.0,11056000000.0,7280000000.0,NVDA
2024-02-01,62.9151725769043,369146000,24690000000.0,27021000000.0,11056000000.0,7280000000.0,NVDA
2024-02-02,66.0426254272461,476578000,24690000000.0,27021000000.0,11056000000.0,7280000000.0,NVDA
2024-02-05,69.208984375,680078000,24690000000.0,27021000000.0,11056000000.0,7280000000.0,NVDA
2024-02-06,68.1019515991211,683111000,24690000000.0,27021000000.0,11056000000.0,7280000000.0,NVDA
2024-02-07,69.97461700439453,495575000,24690000000.0,27021000000.0,11056000000.0,7280000000.0,NVDA
2024-02-08,69.5174331665039,414422000,24690000000.0,27021000000.0,11056000000.0,7280000000.0,NVDA
2024-02-09,72.00502014160156,436637000,24690000000.0,27021000000.0,11056000000.0,7280000000.0,NVDA
2024-02-12,72.11980438232422,613710000,24690000000.0,27021000000.0,11056000000.0,7280000000.0,NVDA
2024-02-13,72.0000228881836,602580000,24690000000.0,27021000000.0,11056000000.0,7280000000.0,NVDA
2024-02-14,73.76887512207031,504917000,24690000000.0,27021000000.0,11056000000.0,7280000000.0,NVDA
2024-02-15,72.5290756225586,420122000,24690000000.0,27021000000.0,11056000000.0,7280000000.0,NVDA
2024-02-16,72.48414611816406,495327000,24690000000.0,27021000000.0,11056000000.0,7280000000.0,NVDA
2024-02-20,69.32877349853516,704833000,24690000000.0,27021000000.0,11056000000.0,7280000000.0,NVDA
2024-02-21,67.35228729248047,673755000,24690000000.0,27021000000.0,11056000000.0,7280000000.0,NVDA
2024-02-22,78.39866638183594,865100000,24690000000.0,27021000000.0,11056000000.0,7280000000.0,NVDA
2024-02-23,78.67715454101562,829388000,24690000000.0,27021000000.0,11056000000.0,7280000000.0,NVDA
2024-02-26,78.95166778564453,503973000,24690000000.0,27021000000.0,11056000000.0,7280000000.0,NVDA
2024-02-27,78.56136322021484,391705000,24690000000.0,27021000000.0,11056000000.0,7280000000.0,NVDA
2024-02-28,77.52519226074219,393110000,24690000000.0,27021000000.0,11056000000.0,7280000000.0,NVDA
2024-02-29,78.97162628173828,507289000,24690000000.0,27021000000.0,11056000000.0,7280000000.0,NVDA
2024-03-01,82.13301086425781,479135000,24690000000.0,27021000000.0,11056000000.0,7280000000.0,NVDA
2024-03-04,85.08575439453125,615616000,24690000000.0,27021000000.0,11056000000.0,7280000000.0,NVDA
2024-03-05,85.81549835205078,520639000,24690000000.0,27021000000.0,11056000000.0,7280000000.0,NVDA
2024-03-06,88.54676818847656,582520000,24690000000.0,27021000000.0,11056000000.0,7280000000.0,NVDA
2024-03-07,92.5089111328125,608119000,24690000000.0,27021000000.0,11056000000.0,7280000000.0,NVDA
2024-03-08,87.37679290771484,1142269000,24690000000.0,27021000000.0,11056000000.0,7280000000.0,NVDA
2024-03-11,85.62583923339844,678364000,24690000000.0,27021000000.0,11056000000.0,7280000000.0,NVDA
2024-03-12,91.75422668457033,668075000,24690000000.0,27021000000.0,11056000000.0,7280000000.0,NVDA
2024-03-13,90.73099517822266,635713000,24690000000.0,27021000000.0,11056000000.0,7280000000.0,NVDA
2024-03-14,87.79206848144531,602318000,24690000000.0,27021000000.0,11056000000.0,7280000000.0,NVDA
2024-03-15,87.68525695800781,642086000,24690000000.0,27021000000.0,11056000000.0,7280000000.0,NVDA
2024-03-18,88.30219268798828,668976000,24690000000.0,27021000000.0,11056000000.0,7280000000.0,NVDA
2024-03-19,89.24357604980469,672171000,24690000000.0,27021000000.0,11056000000.0,7280000000.0,NVDA
2024-03-20,90.21588134765624,479063000,24690000000.0,27021000000.0,11056000000.0,7280000000.0,NVDA
2024-03-21,91.27703857421876,480372000,24690000000.0,27021000000.0,11056000000.0,7280000000.0,NVDA
2024-03-22,94.12611389160156,586719000,24690000000.0,27021000000.0,11056000000.0,7280000000.0,NVDA
2024-03-25,94.83787536621094,552136000,24690000000.0,27021000000.0,11056000000.0,7280000000.0,NVDA
2024-03-26,92.4011001586914,513648000,24690000000.0,27021000000.0,11056000000.0,7280000000.0,NVDA
2024-03-27,90.0940933227539,586067000,24690000000.0,27021000000.0,11056000000.0,7280000000.0,NVDA
2024-03-28,90.1999053955078,435212000,24690000000.0,27021000000.0,11056000000.0,7280000000.0,NVDA
2024-04-01,90.20689392089844,452441000,24690000000.0,27021000000.0,11056000000.0,7280000000.0,NVDA
2024-04-02,89.29747009277344,433064000,24690000000.0,27021000000.0,11056000000.0,7280000000.0,NVDA
2024-04-03,88.81031799316406,370067000,24690000000.0,27021000000.0,11056000000.0,7280000000.0,NVDA
2024-04-04,85.756591796875,434965000,24690000000.0,27021000000.0,11056000000.0,7280000000.0,NVDA
2024-04-05,87.85597229003906,399678000,24690000000.0,27021000000.0,11056000000.0,7280000000.0,NVDA
2024-04-08,86.98246765136719,283220000,24690000000.0,27021000000.0,11056000000.0,7280000000.0,NVDA
2024-04-09,85.20654296875,501700000,24690000000.0,27021000000.0,11056000000.0,7280000000.0,NVDA
2024-04-10,86.88864135742188,431929000,24690000000.0,27021000000.0,11056000000.0,7280000000.0,NVDA
2024-04-11,90.45945739746094,431637000,24690000000.0,27021000000.0,11056000000.0,7280000000.0,NVDA
2024-04-12,88.03366088867188,426805000,24690000000.0,27021000000.0,11056000000.0,7280000000.0,NVDA
2024-04-15,85.85243225097656,443077000,24690000000.0,27021000000.0,11056000000.0,7280000000.0,NVDA
2024-04-16,87.26399230957031,370453000,24690000000.0,27021000000.0,11056000000.0,7280000000.0,NVDA
2024-04-17,83.88982391357422,495400000,24690000000.0,27021000000.0,11056000000.0,7280000000.0,NVDA
2024-04-18,84.52473449707031,447260000,24690000000.0,27021000000.0,11056000000.0,7280000000.0,NVDA
2024-04-19,76.06837463378906,875198000,24690000000.0,27021000000.0,11056000000.0,7280000000.0,NVDA
2024-04-22,79.38063049316406,596341000,24690000000.0,27021000000.0,11056000000.0,7280000000.0,NVDA
2024-04-23,82.2806167602539,438559000,24690000000.0,27021000000.0,11056000000.0,7280000000.0,NVDA
2024-04-24,79.53936767578125,512208000,24690000000.0,27021000000.0,11056000000.0,7280000000.0,NVDA
2024-04-25,82.48925018310547,424641000,24690000000.0,27021000000.0,11056000000.0,7280000000.0,NVDA
2024-04-26,87.58345031738281,551011000,24690000000.0,27021000000.0,11056000000.0,7280000000.0,NVDA
2024-04-29,87.60540771484375,388971000,24690000000.0,27021000000.0,11056000000.0,7280000000.0,NVDA
2024-04-30,86.25274658203125,363709000,24690000000.0,27021000000.0,11056000000.0,7280000000.0,NVDA
2024-05-01,82.89753723144531,559863000,24690000000.0,27021000000.0,11056000000.0,7280000000.0,NVDA
2024-05-02,85.66874694824219,377898000,24690000000.0,27021000000.0,11056000000.0,7280000000.0,NVDA
2024-05-03,88.63561248779297,398341000,24690000000.0,27021000000.0,11056000000.0,7280000000.0,NVDA
2024-05-06,91.98082733154295,376203000,24690000000.0,27021000000.0,11056000000.0,7280000000.0,NVDA
2024-05-07,90.39757537841795,437342000,24690000000.0,27021000000.0,11056000000.0,7280000000.0,NVDA
2024-05-08,90.2558135986328,325721000,24690000000.0,27021000000.0,11056000000.0,7280000000.0,NVDA
2024-05-09,88.59369659423828,378013000,24690000000.0,27021000000.0,11056000000.0,7280000000.0,NVDA
2024-05-10,89.72273254394531,335325000,24690000000.0,27021000000.0,11056000000.0,7280000000.0,NVDA
2024-05-13,90.24283599853516,289680000,24690000000.0,27021000000.0,11056000000.0,7280000000.0,NVDA
2024-05-14,91.19818115234376,296507000,24690000000.0,27021000000.0,11056000000.0,7280000000.0,NVDA
2024-05-15,94.4665298461914,417735000,24690000000.0,27021000000.0,11056000000.0,7280000000.0,NVDA
2024-05-16,94.1959991455078,323952000,24690000000.0,27021000000.0,11056000000.0,7280000000.0,NVDA
2024-05-17,92.3192367553711,359691000,24690000000.0,27021000000.0,11056000000.0,7280000000.0,NVDA
2024-05-20,94.61627197265624,318764000,24690000000.0,27021000000.0,11056000000.0,7280000000.0,NVDA
2024-05-21,95.2212142944336,328946000,24690000000.0,27021000000.0,11056000000.0,7280000000.0,NVDA
2024-05-22,94.78597259521484,548648000,24690000000.0,27021000000.0,11056000000.0,7280000000.0,NVDA
2024-05-23,103.61969757080078,835065000,24690000000.0,27021000000.0,11056000000.0,7280000000.0,NVDA
2024-05-24,106.28506469726562,429494000,24690000000.0,27021000000.0,11056000000.0,7280000000.0,NVDA
2024-05-28,113.70423126220705,652728000,24690000000.0,27021000000.0,11056000000.0,7280000000.0,NVDA
2024-05-29,114.62664794921876,557442000,24690000000.0,27021000000.0,11056000000.0,7280000000.0,NVDA
2024-05-30,110.30912017822266,484553000,24690000000.0,27021000000.0,11056000000.0,7280000000.0,NVDA
2024-05-31,109.44361114501952,613263000,24690000000.0,27021000000.0,11056000000.0,7280000000.0,NVDA
2024-06-03,114.80133056640624,438392000,24690000000.0,27021000000.0,11056000000.0,7280000000.0,NVDA
2024-06-04,116.23585510253906,403324000,24690000000.0,27021000000.0,11056000000.0,7280000000.0,NVDA
2024-06-05,122.22848510742188,528402000,24690000000.0,27021000000.0,11056000000.0,7280000000.0,NVDA
2024-06-06,120.78897857666016,664696000,24690000000.0,27021000000.0,11056000000.0,7280000000.0,NVDA
2024-06-07,120.67916870117188,412386000,24690000000.0,27021000000.0,11056000000.0,7280000000.0,NVDA
2024-06-10,121.5796127319336,313434100,24690000000.0,27021000000.0,11056000000.0,7280000000.0,NVDA
2024-06-11,120.7110366821289,222551200,24690000000.0,27021000000.0,11056000000.0,7280000000.0,NVDA
2024-06-12,124.99398040771484,299595000,24690000000.0,27021000000.0,11056000000.0,7280000000.0,NVDA
2024-06-13,129.396728515625,260704500,24690000000.0,27021000000.0,11056000000.0,7280000000.0,NVDA
2024-06-14,131.66299438476562,309320400,24690000000.0,27021000000.0,11056000000.0,7280000000.0,NVDA
2024-06-17,130.76446533203125,288504400,24690000000.0,27021000000.0,11056000000.0,7280000000.0,NVDA
2024-06-18,135.35690307617188,294335100,24690000000.0,27021000000.0,11056000000.0,7280000000.0,NVDA
2024-06-20,130.56480407714844,517768400,24690000000.0,27021000000.0,11056000000.0,7280000000.0,NVDA
2024-06-21,126.36173248291016,649445800,24690000000.0,27021000000.0,11056000000.0,7280000000.0,NVDA
2024-06-24,117.9156494140625,476060900,24690000000.0,27021000000.0,11056000000.0,7280000000.0,NVDA
2024-06-25,125.88250732421876,414192600,24690000000.0,27021000000.0,11056000000.0,7280000000.0,NVDA
2024-06-26,126.19200134277344,362975900,24690000000.0,27021000000.0,11056000000.0,7280000000.0,NVDA
2024-06-27,123.78598022460938,252571700,24690000000.0,27021000000.0,11056000000.0,7280000000.0,NVDA
2024-06-28,123.3367156982422,315516700,24690000000.0,27021000000.0,11056000000.0,7280000000.0,NVDA
2024-07-01,124.09545135498048,284885500,24690000000.0,27021000000.0,11056000000.0,7280000000.0,NVDA
2024-07-02,122.46814727783205,218374000,24690000000.0,27021000000.0,11056000000.0,7280000000.0,NVDA
2024-07-03,128.0689239501953,215749000,24690000000.0,27021000000.0,11056000000.0,7280000000.0,NVDA
2024-07-05,125.62293243408205,214176700,24690000000.0,27021000000.0,11056000000.0,7280000000.0,NVDA
2024-07-08,127.989013671875,237677300,24690000000.0,27021000000.0,11056000000.0,7280000000.0,NVDA
2024-07-09,131.16383361816406,285366600,24690000000.0,27021000000.0,11056000000.0,7280000000.0,NVDA
2024-07-10,134.6880340576172,248978600,24690000000.0,27021000000.0,11056000000.0,7280000000.0,NVDA
2024-07-11,127.19036102294922,374782700,24690000000.0,27021000000.0,11056000000.0,7280000000.0,NVDA
2024-07-12,129.02734375,252680500,24690000000.0,27021000000.0,11056000000.0,7280000000.0,NVDA
2024-07-15,128.2286376953125,208326200,24690000000.0,27021000000.0,11056000000.0,7280000000.0,NVDA
2024-07-16,126.1520767211914,214769500,24690000000.0,27021000000.0,11056000000.0,7280000000.0,NVDA
2024-07-17,117.79584503173828,390086200,24690000000.0,27021000000.0,11056000000.0,7280000000.0,NVDA
2024-07-18,120.89073181152344,320979500,24690000000.0,27021000000.0,11056000000.0,7280000000.0,NVDA
2024-07-19,117.73595428466795,217223800,24690000000.0,27021000000.0,11056000000.0,7280000000.0,NVDA
2024-07-22,123.3367156982422,258068900,24690000000.0,27021000000.0,11056000000.0,7280000000.0,NVDA
2024-07-23,122.38827514648438,173911000,24690000000.0,27021000000.0,11056000000.0,7280000000.0,NVDA
2024-07-24,114.06201171875,327776900,24690000000.0,27021000000.0,11056000000.0,7280000000.0,NVDA
2024-07-25,112.09524536132812,460067000,24690000000.0,27021000000.0,11056000000.0,7280000000.0,NVDA
2024-07-26,112.87395477294922,293399100,24690000000.0,27021000000.0,11056000000.0,7280000000.0,NVDA
2024-07-29,111.4063720703125,248152100,24690000000.0,27021000000.0,11056000000.0,7280000000.0,NVDA
2024-07-30,103.5593032836914,486833300,24690000000.0,27021000000.0,11056000000.0,7280000000.0,NVDA
2024-07-31,116.82743072509766,473174200,24690000000.0,27021000000.0,11056000000.0,7280000000.0,NVDA
2024-08-01,109.03028106689452,523462300,24690000000.0,27021000000.0,11056000000.0,7280000000.0,NVDA
2024-08-02,107.09347534179688,482027500,24690000000.0,27021000000.0,11056000000.0,7280000000.0,NVDA
2024-08-05,100.28470611572266,552842400,24690000000.0,27021000000.0,11056000000.0,7280000000.0,NVDA
2024-08-06,104.07846069335938,409012100,24690000000.0,27021000000.0,11056000000.0,7280000000.0,NVDA
2024-08-07,98.74723815917967,411440400,24690000000.0,27021000000.0,11056000000.0,7280000000.0,NVDA
2024-08-08,104.79725646972656,391910000,24690000000.0,27021000000.0,11056000000.0,7280000000.0,NVDA
2024-08-09,104.57763671875,290844200,24690000000.0,27021000000.0,11056000000.0,7280000000.0,NVDA
2024-08-12,108.84060668945312,325559900,24690000000.0,27021000000.0,11056000000.0,7280000000.0,NVDA
2024-08-13,115.94889068603516,312646700,24690000000.0,27021000000.0,11056000000.0,7280000000.0,NVDA
2024-08-14,117.8856964111328,339246400,24690000000.0,27021000000.0,11056000000.0,7280000000.0,NVDA
2024-08-15,122.6578369140625,318086700,24690000000.0,27021000000.0,11056000000.0,7280000000.0,NVDA
2024-08-16,124.375,302589900,24690000000.0,27021000000.0,11056000000.0,7280000000.0,NVDA
2024-08-19,129.7860870361328,318333600,24690000000.0,27021000000.0,11056000000.0,7280000000.0,NVDA
2024-08-20,127.04061126708984,300087400,24690000000.0,27021000000.0,11056000000.0,7280000000.0,NVDA
2024-08-21,128.28855895996094,257883600,24690000000.0,27021000000.0,11056000000.0,7280000000.0,NVDA
2024-08-22,123.536376953125,376189100,24690000000.0,27021000000.0,11056000000.0,7280000000.0,NVDA
2024-08-23,129.15711975097656,323230300,24690000000.0,27021000000.0,11056000000.0,7280000000.0,NVDA
2024-08-26,126.25192260742188,331964700,24690000000.0,27021000000.0,11056000000.0,7280000000.0,NVDA
2024-08-27,128.0889129638672,303134600,24690000000.0,27021000000.0,11056000000.0,7280000000.0,NVDA
2024-08-28,125.40330505371094,448101100,24690000000.0,27021000000.0,11056000000.0,7280000000.0,NVDA
2024-08-29,117.39649963378906,453023300,24690000000.0,27021000000.0,11056000000.0,7280000000.0,NVDA
2024-08-30,119.17357635498048,333751600,24690000000.0,27021000000.0,11056000000.0,7280000000.0,NVDA
2024-09-03,107.82228088378906,477155100,24690000000.0,27021000000.0,11056000000.0,7280000000.0,NVDA
2024-09-04,106.03522491455078,372470300,24690000000.0,27021000000.0,11056000000.0,7280000000.0,NVDA
2024-09-05,107.03358459472656,306850700,24690000000.0,27021000000.0,11056000000.0,7280000000.0,NVDA
2024-09-06,102.66079711914062,413638100,24690000000.0,27021000000.0,11056000000.0,7280000000.0,NVDA
2024-09-09,106.29479217529295,273912000,24690000000.0,27021000000.0,11056000000.0,7280000000.0,NVDA
2024-09-10,107.922119140625,268283700,24690000000.0,27021000000.0,11056000000.0,7280000000.0,NVDA
2024-09-11,116.7176284790039,441422400,24690000000.0,27021000000.0,11056000000.0,7280000000.0,NVDA
2024-09-12,118.95413970947266,366052700,24690000000.0,27021000000.0,11056000000.0,7280000000.0,NVDA
2024-09-13,118.9141845703125,238358300,24690000000.0,27021000000.0,11056000000.0,7280000000.0,NVDA
2024-09-16,116.59781646728516,248772300,24690000000.0,27021000000.0,11056000000.0,7280000000.0,NVDA
2024-09-17,115.40966796875,231925900,24690000000.0,27021000000.0,11056000000.0,7280000000.0,NVDA
2024-09-18,113.1931381225586,310318900,24690000000.0,27021000000.0,11056000000.0,7280000000.0,NVDA
2024-09-19,117.68611907958984,293506400,24690000000.0,27021000000.0,11056000000.0,7280000000.0,NVDA
2024-09-20,115.81903076171876,382462400,24690000000.0,27021000000.0,11056000000.0,7280000000.0,NVDA
2024-09-23,116.07862091064452,206228500,24690000000.0,27021000000.0,11056000000.0,7280000000.0,NVDA
2024-09-24,120.68143463134766,354966800,24690000000.0,27021000000.0,11056000000.0,7280000000.0,NVDA
2024-09-25,123.31730651855467,284692900,24690000000.0,27021000000.0,11056000000.0,7280000000.0,NVDA
2024-09-26,123.8464813232422,302582900,24690000000.0,27021000000.0,11056000000.0,7280000000.0,NVDA
2024-09-27,121.21060180664062,271009200,24690000000.0,27021000000.0,11056000000.0,7280000000.0,NVDA
2024-09-30,121.25054931640624,226553700,24690000000.0,27021000000.0,11056000000.0,7280000000.0,NVDA
2024-10-01,116.81745910644533,302094500,24690000000.0,27021000000.0,11056000000.0,7280000000.0,NVDA
2024-10-02,118.66458129882812,221845900,24690000000.0,27021000000.0,11056000000.0,7280000000.0,NVDA
2024-10-03,122.65834045410156,277118000,24690000000.0,27021000000.0,11056000000.0,7280000000.0,NVDA
2024-10-04,124.72511291503906,243678100,24690000000.0,27021000000.0,11056000000.0,7280000000.0,NVDA
2024-10-07,127.52073669433594,346250200,24690000000.0,27021000000.0,11056000000.0,7280000000.0,NVDA
2024-10-08,132.6826934814453,285722500,24690000000.0,27021000000.0,11056000000.0,7280000000.0,NVDA
2024-10-09,132.44305419921875,246191600,24690000000.0,27021000000.0,11056000000.0,7280000000.0,NVDA
2024-10-10,134.59967041015625,242311300,24690000000.0,27021000000.0,11056000000.0,7280000000.0,NVDA
2024-10-11,134.58970642089844,170209500,24690000000.0,27021000000.0,11056000000.0,7280000000.0,NVDA
2024-10-14,137.85459899902344,232347700,24690000000.0,27021000000.0,11056000000.0,7280000000.0,NVDA
2024-10-15,131.39471435546875,377831000,24690000000.0,27021000000.0,11056000000.0,7280000000.0,NVDA
2024-10-16,135.50827026367188,264879700,24690000000.0,27021000000.0,11056000000.0,7280000000.0,NVDA
2024-10-17,136.71636962890625,306435900,24690000000.0,27021000000.0,11056000000.0,7280000000.0,NVDA
2024-10-18,137.7847137451172,176090200,24690000000.0,27021000000.0,11056000000.0,7280000000.0,NVDA
2024-10-21,143.4857940673828,264554500,24690000000.0,27021000000.0,11056000000.0,7280000000.0,NVDA
2024-10-22,143.36598205566406,226311600,24690000000.0,27021000000.0,11056000000.0,7280000000.0,NVDA
2024-10-23,139.34228515625,285930000,24690000000.0,27021000000.0,11056000000.0,7280000000.0,NVDA
2024-10-24,140.19094848632812,172354900,24690000000.0,27021000000.0,11056000000.0,7280000000.0,NVDA
2024-10-25,141.31918334960938,205122100,24690000000.0,27021000000.0,11056000000.0,7280000000.0,NVDA
2024-10-28,140.30076599121094,173586700,24690000000.0,27021000000.0,11056000000.0,7280000000.0,NVDA
2024-10-29,141.02963256835938,157593600,24690000000.0,27021000000.0,11056000000.0,7280000000.0,NVDA
2024-10-30,139.12261962890625,179418100,24690000000.0,27021000000.0,11056000000.0,7280000000.0,NVDA
2024-10-31,132.5528564453125,270039600,24690000000.0,27021000000.0,11056000000.0,7280000000.0,NVDA
2024-11-01,135.1887664794922,207127800,24690000000.0,27021000000.0,11056000000.0,7280000000.0,NVDA
2024-11-04,135.83773803710938,187528200,24690000000.0,27021000000.0,11056000000.0,7280000000.0,NVDA
2024-11-05,139.6917266845703,160537400,24690000000.0,27021000000.0,11056000000.0,7280000000.0,NVDA
2024-11-06,145.38282775878906,242043900,24690000000.0,27021000000.0,11056000000.0,7280000000.0,NVDA
2024-11-07,148.6477508544922,207323300,24690000000.0,27021000000.0,11056000000.0,7280000000.0,NVDA
2024-11-08,147.399658203125,175665800,24690000000.0,27021000000.0,11056000000.0,7280000000.0,NVDA
2024-11-11,145.03338623046875,182325600,24690000000.0,27021000000.0,11056000000.0,7280000000.0,NVDA
2024-11-12,148.0586395263672,198634700,24690000000.0,27021000000.0,11056000000.0,7280000000.0,NVDA
2024-11-13,146.04180908203125,191903300,24690000000.0,27021000000.0,11056000000.0,7280000000.0,NVDA
2024-11-14,146.53102111816406,194463300,24690000000.0,27021000000.0,11056000000.0,7280000000.0,NVDA
2024-11-15,141.75848388671875,250132900,24690000000.0,27021000000.0,11056000000.0,7280000000.0,NVDA
2024-11-18,139.93133544921875,221205300,24690000000.0,27021000000.0,11056000000.0,7280000000.0,NVDA
2024-11-19,146.7806396484375,227834900,24690000000.0,27021000000.0,11056000000.0,7280000000.0,NVDA
2024-11-20,145.6623992919922,309871700,24690000000.0,27021000000.0,11056000000.0,7280000000.0,NVDA
2024-11-21,146.44117736816406,400946600,24690000000.0,27021000000.0,11056000000.0,7280000000.0,NVDA
2024-11-22,141.72854614257812,236406200,24690000000.0,27021000000.0,11056000000.0,7280000000.0,NVDA
2024-11-25,135.80780029296875,344941900,24690000000.0,27021000000.0,11056000000.0,7280000000.0,NVDA
2024-11-26,136.70639038085938,190287700,24690000000.0,27021000000.0,11056000000.0,7280000000.0,NVDA
2024-11-27,135.1288604736328,226370900,24690000000.0,27021000000.0,11056000000.0,7280000000.0,NVDA
2024-11-29,138.03433227539062,141863200,24690000000.0,27021000000.0,11056000000.0,7280000000.0,NVDA
2024-12-02,138.41372680664062,171682800,24690000000.0,27021000000.0,11056000000.0,7280000000.0,NVDA
2024-12-03,140.04119873046875,164414000,24690000000.0,27021000000.0,11056000000.0,7280000000.0,NVDA
2024-12-04,144.91355895996094,231224300,24690000000.0,27021000000.0,11056000000.0,7280000000.0,NVDA
2024-12-05,144.8436737060547,172621200,24690000000.0,27021000000.0,11056000000.0,7280000000.0,NVDA
2024-12-06,142.22760009765625,188505600,24690000000.0,27021000000.0,11056000000.0,7280000000.0,NVDA
2024-12-09,138.6029815673828,189308600,24690000000.0,27021000000.0,11056000000.0,7280000000.0,NVDA
2024-12-10,134.8685760498047,210020900,24690000000.0,27021000000.0,11056000000.0,7280000000.0,NVDA
2024-12-11,139.10223388671875,184905200,24690000000.0,27021000000.0,11056000000.0,7280000000.0,NVDA
2024-12-12,137.13519287109375,159211400,24690000000.0,27021000000.0,11056000000.0,7280000000.0,NVDA
2024-12-13,134.0498046875,231514900,24690000000.0,27021000000.0,11056000000.0,7280000000.0,NVDA
2024-12-16,131.80313110351562,237951100,24690000000.0,27021000000.0,11056000000.0,7280000000.0,NVDA
2024-12-17,130.19554138183594,259410300,24690000000.0,27021000000.0,11056000000.0,7280000000.0,NVDA
2024-12-18,128.71775817871094,277444500,24690000000.0,27021000000.0,11056000000.0,7280000000.0,NVDA
2024-12-19,130.48509216308594,209719200,24690000000.0,27021000000.0,11056000000.0,7280000000.0,NVDA
2024-12-20,134.4990997314453,306528600,24690000000.0,27021000000.0,11056000000.0,7280000000.0,NVDA
2024-12-23,139.46170043945312,176053500,24690000000.0,27021000000.0,11056000000.0,7280000000.0,NVDA
2024-12-24,140.01089477539062,105157000,24690000000.0,27021000000.0,11056000000.0,7280000000.0,NVDA
2024-12-26,139.72132873535156,116205600,24690000000.0,27021000000.0,11056000000.0,7280000000.0,NVDA
2024-12-27,136.8056640625,170582600,24690000000.0,27021000000.0,11056000000.0,7280000000.0,NVDA
2024-12-30,137.2849578857422,167734700,24690000000.0,27021000000.0,11056000000.0,7280000000.0,NVDA
2024-12-31,134.08975219726562,155659200,24690000000.0,27021000000.0,11056000000.0,7280000000.0,NVDA
2025-01-02,138.1037139892578,198247200,24690000000.0,27021000000.0,11056000000.0,7280000000.0,NVDA
2025-01-03,144.25454711914062,229322500,24690000000.0,27021000000.0,11056000000.0,7280000000.0,NVDA
2025-01-06,149.2071533203125,265377400,24690000000.0,27021000000.0,11056000000.0,7280000000.0,NVDA
2025-01-07,139.9309844970703,351782200,24690000000.0,27021000000.0,11056000000.0,7280000000.0,NVDA
2025-01-08,139.90106201171875,227349900,24690000000.0,27021000000.0,11056000000.0,7280000000.0,NVDA
2025-01-10,135.7073211669922,207602500,24690000000.0,27021000000.0,11056000000.0,7280000000.0,NVDA
2025-01-13,133.0313262939453,204808900,24690000000.0,27021000000.0,11056000000.0,7280000000.0,NVDA
2025-01-14,131.56350708007812,195590500,24690000000.0,27021000000.0,11056000000.0,7280000000.0,NVDA
2025-01-15,136.03684997558594,185217300,24690000000.0,27021000000.0,11056000000.0,7280000000.0,NVDA
2025-01-16,133.3708038330078,209235600,24690000000.0,27021000000.0,11056000000.0,7280000000.0,NVDA
2025-01-17,137.504638671875,201188800,24690000000.0,27021000000.0,11056000000.0,7280000000.0,NVDA
2025-01-21,140.61997985839844,197749000,24690000000.0,27021000000.0,11056000000.0,7280000000.0,NVDA
2025-01-22,146.85069274902344,237651400,24690000000.0,27021000000.0,11056000000.0,7280000000.0,NVDA
2025-01-23,147.00045776367188,155915500,24690000000.0,27021000000.0,11056000000.0,7280000000.0,NVDA
2025-01-24,142.40728759765625,234657600,24690000000.0,27021000000.0,11056000000.0,7280000000.0,NVDA
2025-01-27,118.24340057373048,818830900,24555000000.0,60853000000.0,10270000000.0,8589000000.0,NVDA
2025-01-28,128.79763793945312,579666400,24555000000.0,60853000000.0,10270000000.0,8589000000.0,NVDA
2025-01-29,123.51553344726562,467120600,24555000000.0,60853000000.0,10270000000.0,8589000000.0,NVDA
2025-01-30,124.464111328125,392925500,24555000000.0,60853000000.0,10270000000.0,8589000000.0,NVDA
2025-01-31,119.89093780517578,388161100,24555000000.0,60853000000.0,10270000000.0,8589000000.0,NVDA
2025-02-03,116.48602294921876,371235700,24555000000.0,60853000000.0,10270000000.0,8589000000.0,NVDA
2025-02-04,118.47306060791016,256550000,24555000000.0,60853000000.0,10270000000.0,8589000000.0,NVDA
2025-02-05,124.64382934570312,262230800,24555000000.0,60853000000.0,10270000000.0,8589000000.0,NVDA
2025-02-06,128.48809814453125,251483600,24555000000.0,60853000000.0,10270000000.0,8589000000.0,NVDA
2025-02-07,129.64634704589844,228186300,24555000000.0,60853000000.0,10270000000.0,8589000000.0,NVDA
2025-02-10,133.3708038330078,216989100,24555000000.0,60853000000.0,10270000000.0,8589000000.0,NVDA
2025-02-11,132.60194396972656,178902400,24555000000.0,60853000000.0,10270000000.0,8589000000.0,NVDA
2025-02-12,130.94442749023438,160278600,24555000000.0,60853000000.0,10270000000.0,8589000000.0,NVDA
2025-02-13,135.08822631835938,197430000,24555000000.0,60853000000.0,10270000000.0,8589000000.0,NVDA
2025-02-14,138.6429443359375,195479600,24555000000.0,60853000000.0,10270000000.0,8589000000.0,NVDA
2025-02-18,139.19210815429688,219176600,24555000000.0,60853000000.0,10270000000.0,8589000000.0,NVDA
2025-02-19,139.02236938476562,167536000,24555000000.0,60853000000.0,10270000000.0,8589000000.0,NVDA
2025-02-20,139.90106201171875,143903600,24555000000.0,60853000000.0,10270000000.0,8589000000.0,NVDA
2025-02-21,134.22950744628906,228217600,24555000000.0,60853000000.0,10270000000.0,8589000000.0,NVDA
2025-02-24,130.08572387695312,251381100,24555000000.0,60853000000.0,10270000000.0,8589000000.0,NVDA
2025-02-25,126.44114685058594,271428700,24555000000.0,60853000000.0,10270000000.0,8589000000.0,NVDA
2025-02-26,131.08421325683594,322553800,24555000000.0,60853000000.0,10270000000.0,8589000000.0,NVDA
2025-02-27,119.9708251953125,443175800,24555000000.0,60853000000.0,10270000000.0,8589000000.0,NVDA
2025-02-28,124.73371124267578,389091100,24555000000.0,60853000000.0,10270000000.0,8589000000.0,NVDA
2025-03-03,113.88990020751952,411381400,24555000000.0,60853000000.0,10270000000.0,8589000000.0,NVDA
2025-03-04,115.81703186035156,398163300,24555000000.0,60853000000.0,10270000000.0,8589000000.0,NVDA
2025-03-05,117.12507629394533,284337900,24555000000.0,60853000000.0,10270000000.0,8589000000.0,NVDA
2025-03-06,110.40510559082033,321181900,24555000000.0,60853000000.0,10270000000.0,8589000000.0,NVDA
2025-03-07,112.5219497680664,341755500,24555000000.0,60853000000.0,10270000000.0,8589000000.0,NVDA
2025-03-10,106.82046508789062,366487400,24555000000.0,60853000000.0,10270000000.0,8589000000.0,NVDA
2025-03-11,108.59780883789062,354865700,24555000000.0,60853000000.0,10270000000.0,8589000000.0,NVDA
2025-03-12,115.57803344726562,323857500,24555000000.0,60853000000.0,10270000000.0,8589000000.0,NVDA
2025-03-13,115.41825103759766,299033100,24555000000.0,60853000000.0,10270000000.0,8589000000.0,NVDA
2025-03-14,121.49972534179688,277593500,24555000000.0,60853000000.0,10270000000.0,8589000000.0,NVDA
2025-03-17,119.36271667480467,255501500,24555000000.0,60853000000.0,10270000000.0,8589000000.0,NVDA
2025-03-18,115.26846313476562,299686900,24555000000.0,60853000000.0,10270000000.0,8589000000.0,NVDA
2025-03-19,117.35553741455078,273426200,24555000000.0,60853000000.0,10270000000.0,8589000000.0,NVDA
2025-03-20,118.36412048339844,248829700,24555000000.0,60853000000.0,10270000000.0,8589000000.0,NVDA
2025-03-21,117.5352783203125,266498500,24555000000.0,60853000000.0,10270000000.0,8589000000.0,NVDA
2025-03-24,121.24009704589844,228452500,24555000000.0,60853000000.0,10270000000.0,8589000000.0,NVDA
2025-03-25,120.52110290527344,167447200,24555000000.0,60853000000.0,10270000000.0,8589000000.0,NVDA
2025-03-26,113.60079956054688,293463300,24555000000.0,60853000000.0,10270000000.0,8589000000.0,NVDA
2025-03-27,111.27406311035156,236902100,24555000000.0,60853000000.0,10270000000.0,8589000000.0,NVDA
2025-03-28,109.51652526855467,229872500,24555000000.0,60853000000.0,10270000000.0,8589000000.0,NVDA
2025-03-31,108.22832489013672,299212700,24555000000.0,60853000000.0,10270000000.0,8589000000.0,NVDA
2025-04-01,109.99585723876952,222614000,24555000000.0,60853000000.0,10270000000.0,8589000000.0,NVDA
2025-04-02,110.26546478271484,220601200,24555000000.0,60853000000.0,10270000000.0,8589000000.0,NVDA
2025-04-03,101.65753936767578,338769400,24555000000.0,60853000000.0,10270000000.0,8589000000.0,NVDA
2025-04-04,94.17801666259766,532273800,24555000000.0,60853000000.0,10270000000.0,8589000000.0,NVDA
2025-04-07,97.50334167480467,611041300,24555000000.0,60853000000.0,10270000000.0,8589000000.0,NVDA
2025-04-08,96.1652374267578,476243400,24555000000.0,60853000000.0,10270000000.0,8589000000.0,NVDA
2025-04-09,114.17000579833984,612918300,24555000000.0,60853000000.0,10270000000.0,8589000000.0,NVDA
2025-04-10,107.4194564819336,437812400,24555000000.0,60853000000.0,10270000000.0,8589000000.0,NVDA
2025-04-11,110.77476501464844,313417300,24555000000.0,60853000000.0,10270000000.0,8589000000.0,NVDA
2025-04-14,110.55506896972656,264705000,24555000000.0,60853000000.0,10270000000.0,8589000000.0,NVDA
2025-04-15,112.04297637939452,228966900,24555000000.0,60853000000.0,10270000000.0,8589000000.0,NVDA
2025-04-16,104.3437728881836,397016900,24555000000.0,60853000000.0,10270000000.0,8589000000.0,NVDA
2025-04-17,101.34796142578124,292517500,24555000000.0,60853000000.0,10270000000.0,8589000000.0,NVDA
2025-04-21,96.7743911743164,288501100,24555000000.0,60853000000.0,10270000000.0,8589000000.0,NVDA
2025-04-22,98.75159454345705,241004800,24555000000.0,60853000000.0,10270000000.0,8589000000.0,NVDA
2025-04-23,102.5662612915039,247526000,24555000000.0,60853000000.0,10270000000.0,8589000000.0,NVDA
2025-04-24,106.2810516357422,220815000,24555000000.0,60853000000.0,10270000000.0,8589000000.0,NVDA
2025-04-25,110.85465240478516,251064700,24555000000.0,60853000000.0,10270000000.0,8589000000.0,NVDA
2025-04-28,108.57784271240234,207708500,24555000000.0,60853000000.0,10270000000.0,8589000000.0,NVDA
2025-04-29,108.867431640625,170444300,24555000000.0,60853000000.0,10270000000.0,8589000000.0,NVDA
2025-04-30,108.76756286621094,235044600,24555000000.0,60853000000.0,10270000000.0,8589000000.0,NVDA
2025-05-01,111.45380401611328,236121500,24555000000.0,60853000000.0,10270000000.0,8589000000.0,NVDA
2025-05-02,114.33976745605467,190194800,24555000000.0,60853000000.0,10270000000.0,8589000000.0,NVDA
2025-05-05,113.66072082519533,133163200,24555000000.0,60853000000.0,10270000000.0,8589000000.0,NVDA
2025-05-06,113.38111114501952,158525600,24555000000.0,60853000000.0,10270000000.0,8589000000.0,NVDA
2025-05-07,116.89617919921876,206758800,24555000000.0,60853000000.0,10270000000.0,8589000000.0,NVDA
2025-05-08,117.20574951171876,198428100,24555000000.0,60853000000.0,10270000000.0,8589000000.0,NVDA
2025-05-09,116.48676300048828,132972200,24555000000.0,60853000000.0,10270000000.0,8589000000.0,NVDA
2025-05-12,122.82786560058594,225023300,24555000000.0,60853000000.0,10270000000.0,8589000000.0,NVDA
2025-05-13,129.74815368652344,330430100,24555000000.0,60853000000.0,10270000000.0,8589000000.0,NVDA
2025-05-14,135.15060424804688,281180800,24555000000.0,60853000000.0,10270000000.0,8589000000.0,NVDA
2025-05-15,134.64132690429688,226632600,24555000000.0,60853000000.0,10270000000.0,8589000000.0,NVDA
2025-05-16,135.2105255126953,226542500,24555000000.0,60853000000.0,10270000000.0,8589000000.0,NVDA
2025-05-19,135.38027954101562,193154600,24555000000.0,60853000000.0,10270000000.0,8589000000.0,NVDA
2025-05-20,134.19192504882812,161514200,24555000000.0,60853000000.0,10270000000.0,8589000000.0,NVDA
2025-05-21,131.61557006835938,270608700,24555000000.0,60853000000.0,10270000000.0,8589000000.0,NVDA
2025-05-22,132.64410400390625,187344000,24555000000.0,60853000000.0,10270000000.0,8589000000.0,NVDA
2025-05-23,131.10626220703125,198821300,24555000000.0,60853000000.0,10270000000.0,8589000000.0,NVDA
2025-05-27,135.3103485107422,192953600,24555000000.0,60853000000.0,10270000000.0,8589000000.0,NVDA
2025-05-28,134.621337890625,304021100,24555000000.0,60853000000.0,10270000000.0,8589000000.0,NVDA
2025-05-29,138.99520874023438,369241900,24555000000.0,60853000000.0,10270000000.0,8589000000.0,NVDA
2025-05-30,134.94091796875,333170900,24555000000.0,60853000000.0,10270000000.0,8589000000.0,NVDA
2025-06-02,137.187744140625,197663100,24555000000.0,60853000000.0,10270000000.0,8589000000.0,NVDA
2025-06-03,141.02235412597656,225578800,24555000000.0,60853000000.0,10270000000.0,8589000000.0,NVDA
2025-06-04,141.72140502929688,167120800,24555000000.0,60853000000.0,10270000000.0,8589000000.0,NVDA
2025-06-05,139.79409790039062,231397900,24555000000.0,60853000000.0,10270000000.0,8589000000.0,NVDA
2025-06-06,141.52166748046875,153986200,24555000000.0,60853000000.0,10270000000.0,8589000000.0,NVDA
2025-06-09,142.43040466308594,185114500,24555000000.0,60853000000.0,10270000000.0,8589000000.0,NVDA
2025-06-10,143.75852966308594,155881900,24555000000.0,60853000000.0,10270000000.0,8589000000.0,NVDA
2025-06-11,142.6400146484375,167694000,24555000000.0,60853000000.0,10270000000.0,8589000000.0,NVDA
2025-06-12,144.80714416503906,162365000,24555000000.0,60853000000.0,10270000000.0,8589000000.0,NVDA
2025-06-13,141.78115844726562,180820600,24555000000.0,60853000000.0,10270000000.0,8589000000.0,NVDA
2025-06-16,144.49754333496094,183133700,24555000000.0,60853000000.0,10270000000.0,8589000000.0,NVDA
2025-06-17,143.9282989501953,139108000,24555000000.0,60853000000.0,10270000000.0,8589000000.0,NVDA
2025-06-18,145.28648376464844,161494100,24555000000.0,60853000000.0,10270000000.0,8589000000.0,NVDA
2025-06-20,143.65866088867188,242956200,24555000000.0,60853000000.0,10270000000.0,8589000000.0,NVDA
2025-06-23,143.97824096679688,154308900,24555000000.0,60853000000.0,10270000000.0,8589000000.0,NVDA
2025-06-24,147.70326232910156,187566100,24555000000.0,60853000000.0,10270000000.0,8589000000.0,NVDA
2025-06-25,154.10476684570312,269146500,24555000000.0,60853000000.0,10270000000.0,8589000000.0,NVDA
2025-06-26,154.8137969970703,198145700,24555000000.0,60853000000.0,10270000000.0,8589000000.0,NVDA
2025-06-27,157.5401611328125,263234500,24555000000.0,60853000000.0,10270000000.0,8589000000.0,NVDA
2025-06-30,157.7798614501953,194580300,24555000000.0,60853000000.0,10270000000.0,8589000000.0,NVDA
2025-07-01,153.09609985351562,213143600,24555000000.0,60853000000.0,10270000000.0,8589000000.0,NVDA
2025-07-02,157.04083251953125,171224100,24555000000.0,60853000000.0,10270000000.0,8589000000.0,NVDA
2025-07-03,159.1280517578125,143716100,24555000000.0,60853000000.0,10270000000.0,8589000000.0,NVDA
2025-07-07,158.02952575683594,140139000,24555000000.0,60853000000.0,10270000000.0,8589000000.0,NVDA
2025-07-08,159.78717041015625,138133000,24555000000.0,60853000000.0,10270000000.0,8589000000.0,NVDA
2025-07-09,162.66334533691406,183656400,24555000000.0,60853000000.0,10270000000.0,8589000000.0,NVDA
2025-07-10,163.88174438476562,167704100,24555000000.0,60853000000.0,10270000000.0,8589000000.0,NVDA
2025-07-11,164.7006378173828,193633300,24555000000.0,60853000000.0,10270000000.0,8589000000.0,NVDA
2025-07-14,163.85177612304688,136975800,24555000000.0,60853000000.0,10270000000.0,8589000000.0,NVDA
2025-07-15,170.4729461669922,230627400,24555000000.0,60853000000.0,10270000000.0,8589000000.0,NVDA
2025-07-16,171.14205932617188,158831500,24555000000.0,60853000000.0,10270000000.0,8589000000.0,NVDA
2025-07-17,172.7698974609375,160841100,24555000000.0,60853000000.0,10270000000.0,8589000000.0,NVDA
2025-07-18,172.18067932128906,146456400,24555000000.0,60853000000.0,10270000000.0,8589000000.0,NVDA
2025-07-21,171.1520538330078,123126100,24555000000.0,60853000000.0,10270000000.0,8589000000.0,NVDA
2025-07-22,166.80783081054688,193114300,24555000000.0,60853000000.0,10270000000.0,8589000000.0,NVDA
2025-07-23,170.55284118652344,154082200,24555000000.0,60853000000.0,10270000000.0,8589000000.0,NVDA
2025-07-24,173.5089111328125,128984600,24555000000.0,60853000000.0,10270000000.0,8589000000.0,NVDA
2025-07-25,173.2692413330078,122316800,24555000000.0,60853000000.0,10270000000.0,8589000000.0,NVDA
2025-07-28,176.51490783691406,140023500,24555000000.0,60853000000.0,10270000000.0,8589000000.0,NVDA
2025-07-29,175.27651977539062,154077500,24555000000.0,60853000000.0,10270000000.0,8589000000.0,NVDA
2025-07-30,179.03155517578125,174312200,24555000000.0,60853000000.0,10270000000.0,8589000000.0,NVDA
2025-07-31,177.63340759277344,221685400,24555000000.0,60853000000.0,10270000000.0,8589000000.0,NVDA
2025-08-01,173.4889373779297,204529000,24555000000.0,60853000000.0,10270000000.0,8589000000.0,NVDA
2025-08-04,179.76058959960938,148174600,24555000000.0,60853000000.0,10270000000.0,8589000000.0,NVDA
2025-08-05,178.02288818359375,156407600,24555000000.0,60853000000.0,10270000000.0,8589000000.0,NVDA
2025-08-06,179.1813507080078,137192300,24555000000.0,60853000000.0,10270000000.0,8589000000.0,NVDA
2025-08-07,180.5295562744141,151878400,24555000000.0,60853000000.0,10270000000.0,8589000000.0,NVDA
2025-08-08,182.4569854736328,123396700,24555000000.0,60853000000.0,10270000000.0,8589000000.0,NVDA
2025-08-11,181.81784057617188,138323200,24555000000.0,60853000000.0,10270000000.0,8589000000.0,NVDA
2025-08-12,182.9163818359375,145485700,24555000000.0,60853000000.0,10270000000.0,8589000000.0,NVDA
2025-08-13,181.34844970703125,179871700,24555000000.0,60853000000.0,10270000000.0,8589000000.0,NVDA
2025-08-14,181.77789306640625,129554000,24555000000.0,60853000000.0,10270000000.0,8589000000.0,NVDA
2025-08-15,180.2099609375,156602200,24555000000.0,60853000000.0,10270000000.0,8589000000.0,NVDA
2025-08-18,181.76788330078125,132008000,24555000000.0,60853000000.0,10270000000.0,8589000000.0,NVDA
2025-08-19,175.4063720703125,185229200,24555000000.0,60853000000.0,10270000000.0,8589000000.0,NVDA
2025-08-20,175.1667022705078,215142700,24555000000.0,60853000000.0,10270000000.0,8589000000.0,NVDA
2025-08-21,174.7472381591797,140040900,24555000000.0,60853000000.0,10270000000.0,8589000000.0,NVDA
2025-08-22,177.7532501220703,172789400,24555000000.0,60853000000.0,10270000000.0,8589000000.0,NVDA
2025-08-25,179.57083129882812,163012800,24555000000.0,60853000000.0,10270000000.0,8589000000.0,NVDA
2025-08-26,181.5282287597656,168688200,24555000000.0,60853000000.0,10270000000.0,8589000000.0,NVDA
2025-08-27,181.35845947265625,235518900,24555000000.0,60853000000.0,10270000000.0,8589000000.0,NVDA
2025-08-28,179.9303436279297,281787800,24555000000.0,60853000000.0,10270000000.0,8589000000.0,NVDA
2025-08-29,173.94830322265625,243257900,24555000000.0,60853000000.0,10270000000.0,8589000000.0,NVDA
2025-09-02,170.55284118652344,231164900,24555000000.0,60853000000.0,10270000000.0,8589000000.0,NVDA
2025-09-03,170.39305114746094,164424900,24555000000.0,60853000000.0,10270000000.0,8589000000.0,NVDA
2025-09-04,171.4316864013672,141670100,24555000000.0,60853000000.0,10270000000.0,8589000000.0,NVDA
2025-09-05,166.7978515625,224441400,24555000000.0,60853000000.0,10270000000.0,8589000000.0,NVDA
2025-09-08,168.0861358642578,163769100,24555000000.0,60853000000.0,10270000000.0,8589000000.0,NVDA
2025-09-09,170.53286743164062,157548400,24555000000.0,60853000000.0,10270000000.0,8589000000.0,NVDA
2025-09-10,177.09413146972656,226852000,24555000000.0,60853000000.0,10270000000.0,8589000000.0,NVDA
2025-09-11,176.94432067871094,151159300,24555000000.0,60853000000.0,10270000000.0,8589000000.0,NVDA
2025-09-12,177.59349060058594,124911000,24555000000.0,60853000000.0,10270000000.0,8589000000.0,NVDA
2025-09-15,177.52359008789062,147061600,24555000000.0,60853000000.0,10270000000.0,8589000000.0,NVDA
2025-09-16,174.65725708007812,140737800,24555000000.0,60853000000.0,10270000000.0,8589000000.0,NVDA
2025-09-17,170.0730743408203,211843800,24555000000.0,60853000000.0,10270000000.0,8589000000.0,NVDA
2025-09-18,176.01551818847656,191763300,24555000000.0,60853000000.0,10270000000.0,8589000000.0,NVDA
2025-09-19,176.4449462890625,237182100,24555000000.0,60853000000.0,10270000000.0,8589000000.0,NVDA
2025-09-22,183.37612915039065,269637000,24555000000.0,60853000000.0,10270000000.0,8589000000.0,NVDA
2025-09-23,178.2027130126953,192559600,24555000000.0,60853000000.0,10270000000.0,8589000000.0,NVDA
2025-09-24,176.74456787109375,143564100,24555000000.0,60853000000.0,10270000000.0,8589000000.0,NVDA
2025-09-25,177.46365356445312,191586700,24555000000.0,60853000000.0,10270000000.0,8589000000.0,NVDA
2025-09-26,177.96302795410156,148573700,24555000000.0,60853000000.0,10270000000.0,8589000000.0,NVDA
2025-09-29,181.6183624267578,193063500,24555000000.0,60853000000.0,10270000000.0,8589000000.0,NVDA
2025-09-30,186.3423309326172,236981000,24555000000.0,60853000000.0,10270000000.0,8589000000.0,NVDA
2025-10-01,187.0015106201172,173844900,24555000000.0,60853000000.0,10270000000.0,8589000000.0,NVDA
2025-10-02,188.64939880371097,136805800,24555000000.0,60853000000.0,10270000000.0,8589000000.0,NVDA
2025-10-03,187.38101196289065,137596900,24555000000.0,60853000000.0,10270000000.0,8589000000.0,NVDA
2025-10-06,185.30364990234375,157678100,24555000000.0,60853000000.0,10270000000.0,8589000000.0,NVDA
2025-10-07,184.80430603027344,140088000,24555000000.0,60853000000.0,10270000000.0,8589000000.0,NVDA
2025-10-08,188.86911010742188,130168900,24555000000.0,60853000000.0,10270000000.0,8589000000.0,NVDA
2025-10-09,192.32470703125,182997200,24555000000.0,60853000000.0,10270000000.0,8589000000.0,NVDA
2025-10-10,182.92669677734375,268774400,24555000000.0,60853000000.0,10270000000.0,8589000000.0,NVDA
2025-10-13,188.0801239013672,153482800,24555000000.0,60853000000.0,10270000000.0,8589000000.0,NVDA
2025-10-14,179.80067443847656,205641400,24555000000.0,60853000000.0,10270000000.0,8589000000.0,NVDA
2025-10-15,179.60093688964844,214450500,24555000000.0,60853000000.0,10270000000.0,8589000000.0,NVDA
2025-10-16,181.57839965820312,179723300,24555000000.0,60853000000.0,10270000000.0,8589000000.0,NVDA
2025-10-17,182.98660278320312,173135200,24555000000.0,60853000000.0,10270000000.0,8589000000.0,NVDA
2025-10-20,182.4073486328125,128544700,24555000000.0,60853000000.0,10270000000.0,8589000000.0,NVDA
2025-10-21,180.9292449951172,124240200,24555000000.0,60853000000.0,10270000000.0,8589000000.0,NVDA
2025-10-22,180.0503692626953,162249600,24555000000.0,60853000000.0,10270000000.0,8589000000.0,NVDA
2025-10-23,181.9279632568359,111363700,24555000000.0,60853000000.0,10270000000.0,8589000000.0,NVDA
2025-10-24,186.0227203369141,131296700,24555000000.0,60853000000.0,10270000000.0,8589000000.0,NVDA
2025-10-27,191.24607849121097,153452700,24555000000.0,60853000000.0,10270000000.0,8589000000.0,NVDA
2025-10-28,200.77392578125,297986200,24555000000.0,60853000000.0,10270000000.0,8589000000.0,NVDA
2025-10-29,206.7762756347656,308829600,24555000000.0,60853000000.0,10270000000.0,8589000000.0,NVDA
2025-10-30,202.63156127929688,178864400,24555000000.0,60853000000.0,10270000000.0,8589000000.0,NVDA
2025-10-31,202.23207092285156,179802200,24555000000.0,60853000000.0,10270000000.0,8589000000.0,NVDA
2025-11-03,206.6164703369141,180267300,24555000000.0,60853000000.0,10270000000.0,8589000000.0,NVDA
2025-11-04,198.43690490722656,188919300,24555000000.0,60853000000.0,10270000000.0,8589000000.0,NVDA
2025-11-05,194.96136474609375,171350300,24555000000.0,60853000000.0,10270000000.0,8589000000.0,NVDA
2025-11-06,187.84043884277344,223029800,24555000000.0,60853000000.0,10270000000.0,8589000000.0,NVDA
2025-11-07,187.9103240966797,264942300,24555000000.0,60853000000.0,10270000000.0,8589000000.0,NVDA
2025-11-10,198.7964630126953,198897100,24555000000.0,60853000000.0,10270000000.0,8589000000.0,NVDA
2025-11-11,192.91395568847656,176483300,24555000000.0,60853000000.0,10270000000.0,8589000000.0,NVDA
2025-11-12,193.5531463623047,154935300,24555000000.0,60853000000.0,10270000000.0,8589000000.0,NVDA
2025-11-13,186.6219787597656,207423100,24555000000.0,60853000000.0,10270000000.0,8589000000.0,NVDA
2025-11-14,189.92774963378903,186591900,24555000000.0,60853000000.0,10270000000.0,8589000000.0,NVDA
2025-11-17,186.36231994628903,173628900,24555000000.0,60853000000.0,10270000000.0,8589000000.0,NVDA
2025-11-18,181.1289825439453,213598900,24555000000.0,60853000000.0,10270000000.0,8589000000.0,NVDA
2025-11-19,186.28240966796875,247246400,24555000000.0,60853000000.0,10270000000.0,8589000000.0,NVDA
2025-11-20,180.4098968505859,343504800,24555000000.0,60853000000.0,10270000000.0,8589000000.0,NVDA
2025-11-21,178.6521453857422,346926200,24555000000.0,60853000000.0,10270000000.0,8589000000.0,NVDA
2025-11-24,182.3174743652344,256618300,24555000000.0,60853000000.0,10270000000.0,8589000000.0,NVDA
2025-11-25,177.59349060058594,320600300,24555000000.0,60853000000.0,10270000000.0,8589000000.0,NVDA
2025-11-26,180.03038024902344,183852000,24555000000.0,60853000000.0,10270000000.0,8589000000.0,NVDA
2025-11-28,176.7745361328125,121332800,24555000000.0,60853000000.0,10270000000.0,8589000000.0,NVDA
2025-12-01,179.69081115722656,188131000,24555000000.0,60853000000.0,10270000000.0,8589000000.0,NVDA
2025-12-02,181.22886657714844,182632200,24555000000.0,60853000000.0,10270000000.0,8589000000.0,NVDA
2025-12-03,179.36123657226562,165138000,24555000000.0,60853000000.0,10270000000.0,8589000000.0,NVDA
2025-12-04,183.1566162109375,167364900,24555000000.0,60853000000.0,10270000000.0,8589000000.0,NVDA
2025-12-05,182.1877899169922,143971100,24555000000.0,60853000000.0,10270000000.0,8589000000.0,NVDA
2025-12-08,185.323974609375,204378100,24555000000.0,60853000000.0,10270000000.0,8589000000.0,NVDA
2025-12-09,184.7446746826172,144719700,24555000000.0,60853000000.0,10270000000.0,8589000000.0,NVDA
2025-12-10,183.55612182617188,162785400,24555000000.0,60853000000.0,10270000000.0,8589000000.0,NVDA
2025-12-11,180.70957946777344,182136600,24555000000.0,60853000000.0,10270000000.0,8589000000.0,NVDA
2025-12-12,174.80679321289062,204274900,24555000000.0,60853000000.0,10270000000.0,8589000000.0,NVDA
2025-12-15,176.0752410888672,164775600,24555000000.0,60853000000.0,10270000000.0,8589000000.0,NVDA
2025-12-16,177.50350952148438,148588100,24555000000.0,60853000000.0,10270000000.0,8589000000.0,NVDA
2025-12-17,170.7317657470703,222775500,24555000000.0,60853000000.0,10270000000.0,8589000000.0,NVDA
2025-12-18,173.9278564453125,176096000,24555000000.0,60853000000.0,10270000000.0,8589000000.0,NVDA
2025-12-19,180.76951599121097,324925900,24555000000.0,60853000000.0,10270000000.0,8589000000.0,NVDA
2025-12-22,183.4662322998047,129064400,24555000000.0,60853000000.0,10270000000.0,8589000000.0,NVDA
2025-12-23,188.97950744628903,174873600,24555000000.0,60853000000.0,10270000000.0,8589000000.0,NVDA
2025-12-24,188.38023376464844,65528500,24555000000.0,60853000000.0,10270000000.0,8589000000.0,NVDA
2025-12-26,190.2978973388672,139740300,24555000000.0,60853000000.0,10270000000.0,8589000000.0,NVDA
2025-12-29,187.99070739746097,120006100,24555000000.0,60853000000.0,10270000000.0,8589000000.0,NVDA
2025-12-30,187.31153869628903,97687300,24555000000.0,60853000000.0,10270000000.0,8589000000.0,NVDA
2025-12-31,186.27281188964844,120100500,24555000000.0,60853000000.0,10270000000.0,8589000000.0,NVDA
2026-01-02,188.6199493408203,148240500,24555000000.0,60853000000.0,10270000000.0,8589000000.0,NVDA
2026-01-05,187.89083862304688,183529700,24555000000.0,60853000000.0,10270000000.0,8589000000.0,NVDA
2026-01-06,187.0119171142578,176862600,24555000000.0,60853000000.0,10270000000.0,8589000000.0,NVDA
2026-01-07,188.8796234130859,153543200,24555000000.0,60853000000.0,10270000000.0,8589000000.0,NVDA
2026-01-08,184.81459045410156,172457000,24555000000.0,60853000000.0,10270000000.0,8589000000.0,NVDA
2026-01-09,184.63479614257812,131327500,24555000000.0,60853000000.0,10270000000.0,8589000000.0,NVDA
2026-01-12,184.71470642089844,137968500,24555000000.0,60853000000.0,10270000000.0,8589000000.0,NVDA
2026-01-13,185.58364868164065,160128900,24555000000.0,60853000000.0,10270000000.0,8589000000.0,NVDA
2026-01-14,182.91688537597656,159586100,24555000000.0,60853000000.0,10270000000.0,8589000000.0,NVDA
2026-01-15,186.8221435546875,206188600,24555000000.0,60853000000.0,10270000000.0,8589000000.0,NVDA
2026-01-16,186.0031280517578,187967200,24555000000.0,60853000000.0,10270000000.0,8589000000.0,NVDA
2026-01-20,177.8530731201172,223345300,24555000000.0,60853000000.0,10270000000.0,8589000000.0,NVDA
2026-01-21,183.09669494628903,200381000,24555000000.0,60853000000.0,10270000000.0,8589000000.0,NVDA
2026-01-22,184.6148223876953,139636600,24555000000.0,60853000000.0,10270000000.0,8589000000.0,NVDA
2026-01-23,187.44137573242188,142748100,24555000000.0,60853000000.0,10270000000.0,8589000000.0,NVDA
2026-01-26,186.2428436279297,124799600,24359000000.0,96676000000.0,11412000000.0,10605000000.0,NVDA
2026-01-27,188.29034423828125,143711600,24359000000.0,96676000000.0,11412000000.0,10605000000.0,NVDA
2026-01-28,191.2866973876953,148552700,24359000000.0,96676000000.0,11412000000.0,10605000000.0,NVDA
2026-01-29,192.2754821777344,171764400,24359000000.0,96676000000.0,11412000000.0,10605000000.0,NVDA
2026-01-30,190.8971710205078,179489500,24359000000.0,96676000000.0,11412000000.0,10605000000.0,NVDA
2026-02-02,185.38389587402344,165794100,24359000000.0,96676000000.0,11412000000.0,10605000000.0,NVDA
2026-02-03,180.12030029296875,204019600,24359000000.0,96676000000.0,11412000000.0,10605000000.0,NVDA
2026-02-04,173.97779846191406,207014100,24359000000.0,96676000000.0,11412000000.0,10605000000.0,NVDA
2026-02-05,171.6706085205078,206312900,24359000000.0,96676000000.0,11412000000.0,10605000000.0,NVDA
2026-02-06,185.1841278076172,231346200,24359000000.0,96676000000.0,11412000000.0,10605000000.0,NVDA
2026-02-09,189.80848693847656,196387400,24359000000.0,96676000000.0,11412000000.0,10605000000.0,NVDA
2026-02-10,188.3103179931641,136764800,24359000000.0,96676000000.0,11412000000.0,10605000000.0,NVDA
2026-02-11,189.8184814453125,144192700,24359000000.0,96676000000.0,11412000000.0,10605000000.0,NVDA
2026-02-12,186.7122802734375,189932500,24359000000.0,96676000000.0,11412000000.0,10605000000.0,NVDA
2026-02-13,182.5873107910156,161888000,24359000000.0,96676000000.0,11412000000.0,10605000000.0,NVDA
2026-02-17,184.7446746826172,162276900,24359000000.0,96676000000.0,11412000000.0,10605000000.0,NVDA
2026-02-18,187.75099182128903,164749100,24359000000.0,96676000000.0,11412000000.0,10605000000.0,NVDA
2026-02-19,187.6710968017578,126554500,24359000000.0,96676000000.0,11412000000.0,10605000000.0,NVDA
2026-02-20,189.5887756347656,178422300,24359000000.0,96676000000.0,11412000000.0,10605000000.0,NVDA
2026-02-23,191.3166656494141,171584800,24359000000.0,96676000000.0,11412000000.0,10605000000.0,NVDA
2026-02-24,192.61508178710935,175123600,24359000000.0,96676000000.0,11412000000.0,10605000000.0,NVDA
2026-02-25,195.32176208496097,250637100,24359000000.0,96676000000.0,11412000000.0,10605000000.0,NVDA
2026-02-26,184.66476440429688,360807900,24359000000.0,96676000000.0,11412000000.0,10605000000.0,NVDA
2026-02-27,176.97415161132812,311636500,24359000000.0,96676000000.0,11412000000.0,10605000000.0,NVDA
2026-03-02,182.25770568847656,209095300,24359000000.0,96676000000.0,11412000000.0,10605000000.0,NVDA
2026-03-03,179.83065795898438,178099400,24359000000.0,96676000000.0,11412000000.0,10605000000.0,NVDA
2026-03-04,182.8170166015625,177731200,24359000000.0,96676000000.0,11412000000.0,10605000000.0,NVDA
2026-03-05,183.1166534423828,198779700,24359000000.0,96676000000.0,11412000000.0,10605000000.0,NVDA
2026-03-06,177.60337829589844,189021900,24359000000.0,96676000000.0,11412000000.0,10605000000.0,NVDA
2026-03-09,182.427490234375,177213600,24359000000.0,96676000000.0,11412000000.0,10605000000.0,NVDA
2026-03-10,184.544921875,179118500,24359000000.0,96676000000.0,11412000000.0,10605000000.0,NVDA
2026-03-11,185.8134307861328,145280400,24359000000.0,96676000000.0,11412000000.0,10605000000.0,NVDA
2026-03-12,182.9268035888672,155762700,24359000000.0,96676000000.0,11412000000.0,10605000000.0,NVDA
2026-03-13,180.0401611328125,160988400,24359000000.0,96676000000.0,11412000000.0,10605000000.0,NVDA
2026-03-16,183.0067138671875,217307400,24359000000.0,96676000000.0,11412000000.0,10605000000.0,NVDA
2026-03-17,181.71820068359375,182497800,24359000000.0,96676000000.0,11412000000.0,10605000000.0,NVDA
2026-03-18,180.1899871826172,156683100,24359000000.0,96676000000.0,11412000000.0,10605000000.0,NVDA
2026-03-19,178.3521270751953,170968500,24359000000.0,96676000000.0,11412000000.0,10605000000.0,NVDA
2026-03-20,172.4989471435547,241323500,24359000000.0,96676000000.0,11412000000.0,10605000000.0,NVDA
2026-03-23,175.43553161621094,182836300,24359000000.0,96676000000.0,11412000000.0,10605000000.0,NVDA
2026-03-24,174.99603271484375,147667800,24359000000.0,96676000000.0,11412000000.0,10605000000.0,NVDA
2026-03-25,178.47198486328125,162602100,24359000000.0,96676000000.0,11412000000.0,10605000000.0,NVDA
2026-03-26,171.04066467285156,186152200,24359000000.0,96676000000.0,11412000000.0,10605000000.0,NVDA
2026-03-27,167.32498168945312,196212700,24359000000.0,96676000000.0,11412000000.0,10605000000.0,NVDA
2026-03-30,164.97772216796875,185627000,24359000000.0,96676000000.0,11412000000.0,10605000000.0,NVDA
2026-03-31,174.1969757080078,226181300,24359000000.0,96676000000.0,11412000000.0,10605000000.0,NVDA
2026-04-01,175.54541015625,168132000,24359000000.0,96676000000.0,11412000000.0,10605000000.0,NVDA
2026-04-02,177.18348693847656,143143200,24359000000.0,96676000000.0,11412000000.0,10605000000.0,NVDA
2026-04-06,177.43319702148438,107564300,24359000000.0,96676000000.0,11412000000.0,10605000000.0,NVDA
2026-04-07,177.89266967773438,132534900,24359000000.0,96676000000.0,11412000000.0,10605000000.0,NVDA
2026-04-08,181.8680419921875,147732700,24359000000.0,96676000000.0,11412000000.0,10605000000.0,NVDA
2026-04-09,183.69590759277344,116428500,24359000000.0,96676000000.0,11412000000.0,10605000000.0,NVDA
2026-04-10,188.4104156494141,160459500,24359000000.0,96676000000.0,11412000000.0,10605000000.0,NVDA
2026-04-13,189.0896148681641,133648200,24359000000.0,96676000000.0,11412000000.0,10605000000.0,NVDA
2026-04-14,196.28123474121097,161307000,24359000000.0,96676000000.0,11412000000.0,10605000000.0,NVDA
2026-04-15,198.63848876953125,185338400,24359000000.0,96676000000.0,11412000000.0,10605000000.0,NVDA
2026-04-16,198.1190948486328,134012900,24359000000.0,96676000000.0,11412000000.0,10605000000.0,NVDA
2026-04-17,201.44520568847656,160324400,24359000000.0,96676000000.0,11412000000.0,10605000000.0,NVDA
2026-04-20,201.82476806640625,119381400,24359000000.0,96676000000.0,11412000000.0,10605000000.0,NVDA
2026-04-21,199.64732360839844,107945300,24359000000.0,96676000000.0,11412000000.0,10605000000.0,NVDA
2026-04-22,202.26426696777344,107501000,24359000000.0,96676000000.0,11412000000.0,10605000000.0,NVDA
2026-04-23,199.4075927734375,113561800,24359000000.0,96676000000.0,11412000000.0,10605000000.0,NVDA
2026-04-24,208.0275421142578,214134400,24359000000.0,96676000000.0,11412000000.0,10605000000.0,NVDA
2026-04-27,216.3578338623047,187172400,24359000000.0,96676000000.0,11412000000.0,10605000000.0,NVDA
2026-04-28,212.92184448242188,180275400,24359000000.0,96676000000.0,11412000000.0,10605000000.0,NVDA
2026-04-29,209.00640869140625,123711800,24359000000.0,96676000000.0,11412000000.0,10605000000.0,NVDA
2026-04-30,199.33767700195312,225239200,24359000000.0,96676000000.0,11412000000.0,10605000000.0,NVDA
2026-05-01,198.2189788818359,128647000,24359000000.0,96676000000.0,11412000000.0,10605000000.0,NVDA
2026-05-04,198.2489318847656,125368100,24359000000.0,96676000000.0,11412000000.0,10605000000.0,NVDA
2026-05-05,196.271240234375,113406600,24359000000.0,96676000000.0,11412000000.0,10605000000.0,NVDA
2026-05-06,207.5880584716797,188362800,24359000000.0,96676000000.0,11412000000.0,10605000000.0,NVDA
2026-05-07,211.2537841796875,168307900,24359000000.0,96676000000.0,11412000000.0,10605000000.0,NVDA
2026-05-08,214.9494781494141,136421400,24359000000.0,96676000000.0,11412000000.0,10605000000.0,NVDA
2026-05-11,219.18453979492188,160685800,24359000000.0,96676000000.0,11412000000.0,10605000000.0,NVDA
2026-05-12,220.52297973632812,159176600,24359000000.0,96676000000.0,11412000000.0,10605000000.0,NVDA
2026-05-13,225.56710815429688,150405400,24359000000.0,96676000000.0,11412000000.0,10605000000.0,NVDA
2026-05-14,235.465576171875,180782900,24359000000.0,96676000000.0,11412000000.0,10605000000.0,NVDA
2026-05-15,225.0577087402344,180977600,24359000000.0,96676000000.0,11412000000.0,10605000000.0,NVDA
2026-05-18,222.0612030029297,146280900,24359000000.0,96676000000.0,11412000000.0,10605000000.0,NVDA
2026-05-19,220.35317993164065,140948200,24359000000.0,96676000000.0,11412000000.0,10605000000.0,NVDA
2026-05-20,223.20985412597656,184201600,24359000000.0,96676000000.0,11412000000.0,10605000000.0,NVDA
2026-05-21,219.25445556640625,203381800,24359000000.0,96676000000.0,11412000000.0,10605000000.0,NVDA
2026-05-22,215.0793304443359,169275700,24359000000.0,96676000000.0,11412000000.0,10605000000.0,NVDA
2026-05-26,214.60987854003903,187202600,24359000000.0,96676000000.0,11412000000.0,10605000000.0,NVDA
2026-05-27,212.35250854492188,167601200,24359000000.0,96676000000.0,11412000000.0,10605000000.0,NVDA
2026-05-28,214.0005798339844,143996000,24359000000.0,96676000000.0,11412000000.0,10605000000.0,NVDA
2026-05-29,210.8942108154297,289410600,24359000000.0,96676000000.0,11412000000.0,10605000000.0,NVDA
2026-06-01,224.09881591796875,212850700,24359000000.0,96676000000.0,11412000000.0,10605000000.0,NVDA
2026-06-02,222.56060791015625,193362900,24359000000.0,96676000000.0,11412000000.0,10605000000.0,NVDA
2026-06-03,214.5,160907000,24359000000.0,96676000000.0,11412000000.0,10605000000.0,NVDA
2026-06-04,218.66000366210935,169022200,24359000000.0,96676000000.0,11412000000.0,10605000000.0,NVDA
2026-06-05,205.1000061035156,219655500,24359000000.0,96676000000.0,11412000000.0,10605000000.0,NVDA
2026-06-08,208.63999938964844,138372800,24359000000.0,96676000000.0,11412000000.0,10605000000.0,NVDA
2026-06-09,208.19000244140625,180962500,24359000000.0,96676000000.0,11412000000.0,10605000000.0,NVDA
2026-06-10,200.4199981689453,161746600,24359000000.0,96676000000.0,11412000000.0,10605000000.0,NVDA
2026-06-11,204.8699951171875,158643200,24359000000.0,96676000000.0,11412000000.0,10605000000.0,NVDA
2026-06-12,205.19000244140625,112001800,24359000000.0,96676000000.0,11412000000.0,10605000000.0,NVDA
2026-06-15,212.4499969482422,149936700,24359000000.0,96676000000.0,11412000000.0,10605000000.0,NVDA
2026-06-16,207.41000366210935,125694100,24359000000.0,96676000000.0,11412000000.0,10605000000.0,NVDA
2026-06-17,204.6499938964844,128363500,24359000000.0,96676000000.0,11412000000.0,10605000000.0,NVDA
2026-06-18,210.69000244140625,241272000,24359000000.0,96676000000.0,11412000000.0,10605000000.0,NVDA
2026-06-22,208.6499938964844,122041400,24359000000.0,96676000000.0,11412000000.0,10605000000.0,NVDA
2026-06-23,200.0399932861328,153496200,24359000000.0,96676000000.0,11412000000.0,10605000000.0,NVDA
2026-06-24,199.0,151810700,24359000000.0,96676000000.0,11412000000.0,10605000000.0,NVDA
2026-06-25,195.7400054931641,149550000,24359000000.0,96676000000.0,11412000000.0,10605000000.0,NVDA
2026-06-26,192.52999877929688,179304100,24359000000.0,96676000000.0,11412000000.0,10605000000.0,NVDA
2026-06-29,194.97000122070312,148835700,24359000000.0,96676000000.0,11412000000.0,10605000000.0,NVDA
2026-06-30,200.08999633789065,166476700,24359000000.0,96676000000.0,11412000000.0,10605000000.0,NVDA
2026-07-01,197.5800018310547,146147600,24359000000.0,96676000000.0,11412000000.0,10605000000.0,NVDA
2026-07-02,194.8300018310547,142068700,24359000000.0,96676000000.0,11412000000.0,10605000000.0,NVDA
2026-07-06,195.5500030517578,108999000,24359000000.0,96676000000.0,11412000000.0,10605000000.0,NVDA
2026-07-07,196.92999267578125,124154600,24359000000.0,96676000000.0,11412000000.0,10605000000.0,NVDA
2026-07-08,204.1199951171875,147419100,24359000000.0,96676000000.0,11412000000.0,10605000000.0,NVDA
2026-07-09,202.77999877929688,132037400,24359000000.0,96676000000.0,11412000000.0,10605000000.0,NVDA
2026-07-10,210.9600067138672,148421000,24359000000.0,96676000000.0,11412000000.0,10605000000.0,NVDA
2026-07-13,203.52999877929688,121411000,24359000000.0,96676000000.0,11412000000.0,10605000000.0,NVDA
2026-07-14,211.8000030517578,124379600,24359000000.0,96676000000.0,11412000000.0,10605000000.0,NVDA
2026-07-15,212.5,124797200,24359000000.0,96676000000.0,11412000000.0,10605000000.0,NVDA
2026-07-16,207.3999938964844,122986100,24359000000.0,96676000000.0,11412000000.0,10605000000.0,NVDA
2026-07-17,202.80999755859375,144281900,24359000000.0,96676000000.0,11412000000.0,10605000000.0,NVDA
2026-07-20,203.27999877929688,88701500,24359000000.0,96676000000.0,11412000000.0,10605000000.0,NVDA
2026-07-21,207.2899932861328,108685600,24359000000.0,96676000000.0,11412000000.0,10605000000.0,NVDA
2026-07-22,212.05999755859375,137645600,24359000000.0,96676000000.0,11412000000.0,10605000000.0,NVDA
2026-07-23,208.7599945068359,110505300,24359000000.0,96676000000.0,11412000000.0,10605000000.0,NVDA
2026-07-24,206.83999633789065,114836800,24359000000.0,96676000000.0,11412000000.0,10605000000.0,NVDA
2026-07-27,196.5099945068359,154353700,24359000000.0,96676000000.0,11412000000.0,10605000000.0,NVDA
2026-07-28,197.0099945068359,134111500,24359000000.0,96676000000.0,11412000000.0,10605000000.0,NVDA
2026-07-29,190.0099945068359,147680800,24359000000.0,96676000000.0,11412000000.0,10605000000.0,NVDA
2026-07-30,195.0399932861328,129010200,24359000000.0,96676000000.0,11412000000.0,10605000000.0,NVDA
2026-07-31,200.75,139961200,24359000000.0,96676000000.0,11412000000.0,10605000000.0,NVDA
2026-08-03,206.63999938964844,128406900,24359000000.0,96676000000.0,11412000000.0,10605000000.0,NVDA
2026-08-04,211.94000244140625,134922000,24359000000.0,96676000000.0,11412000000.0,10605000000.0,NVDA
2026-08-05,219.22000122070312,158187400,24359000000.0,96676000000.0,11412000000.0,10605000000.0,NVDA
2026-08-06,218.9900054931641,113940600,24359000000.0,96676000000.0,11412000000.0,10605000000.0,NVDA
2026-08-07,223.9600067138672,105669400,24359000000.0,96676000000.0,11412000000.0,10605000000.0,NVDA
2026-08-10,217.5500030517578,115846600,24359000000.0,96676000000.0,11412000000.0,10605000000.0,NVDA
2026-08-11,217.5,101273100,24359000000.0,96676000000.0,11412000000.0,10605000000.0,NVDA
2026-08-12,224.08999633789065,108783600,24359000000.0,96676000000.0,11412000000.0,10605000000.0,NVDA
2026-08-13,225.3000030517578,98867200,24359000000.0,96676000000.0,11412000000.0,10605000000.0,NVDA
2026-08-14,225.16000366210935,75680900,24359000000.0,96676000000.0,11412000000.0,10605000000.0,NVDA
2026-08-17,225.0099945068359,93678700,24359000000.0,96676000000.0,11412000000.0,10605000000.0,NVDA
2026-08-18,219.7400054931641,103128200,24359000000.0,96676000000.0,11412000000.0,10605000000.0,NVDA
2026-08-19,217.55999755859375,96797300,24359000000.0,96676000000.0,11412000000.0,10605000000.0,NVDA
2026-08-20,216.8500061035156,92457000,24359000000.0,96676000000.0,11412000000.0,10605000000.0,NVDA
2026-08-21,214.72000122070312,98869300,24359000000.0,96676000000.0,11412000000.0,10605000000.0,NVDA
2026-08-24,208.47999572753903,135187300,24359000000.0,96676000000.0,11412000000.0,10605000000.0,NVDA
2026-08-25,213.0500030517578,122309000,24359000000.0,96676000000.0,11412000000.0,10605000000.0,NVDA
2026-08-26,209.66000366210935,179900000,24359000000.0,96676000000.0,11412000000.0,10605000000.0,NVDA
2026-08-27,227.97999572753903,298909800,24359000000.0,96676000000.0,11412000000.0,10605000000.0,NVDA
2026-08-28,217.5500030517578,195116400,24359000000.0,96676000000.0,11412000000.0,10605000000.0,NVDA
2026-08-31,220.77999877929688,124702700,24359000000.0,96676000000.0,11412000000.0,10605000000.0,NVDA
2026-09-01,217.44000244140625,109756200,24359000000.0,96676000000.0,11412000000.0,10605000000.0,NVDA
2026-09-02,224.41000366210935,156676500,24359000000.0,96676000000.0,11412000000.0,10605000000.0,NVDA
