date,close,volume,sharesOutstanding,freeCashFlow,totalDebt,cashAndCashEquivalents,symbol
2021-12-31,352.260009765625,40733700,2959000000.0,3483000000.0,8873000000.0,17576000000.0,TSLA
2022-01-03,399.9266662597656,103931400,2959000000.0,3483000000.0,8873000000.0,17576000000.0,TSLA
2022-01-04,383.1966552734375,100248300,2959000000.0,3483000000.0,8873000000.0,17576000000.0,TSLA
2022-01-05,362.7066650390625,80119800,2959000000.0,3483000000.0,8873000000.0,17576000000.0,TSLA
2022-01-06,354.8999938964844,90336600,2959000000.0,3483000000.0,8873000000.0,17576000000.0,TSLA
2022-01-07,342.32000732421875,84164700,2959000000.0,3483000000.0,8873000000.0,17576000000.0,TSLA
2022-01-10,352.7066650390625,91815000,2959000000.0,3483000000.0,8873000000.0,17576000000.0,TSLA
2022-01-11,354.79998779296875,66063300,2959000000.0,3483000000.0,8873000000.0,17576000000.0,TSLA
2022-01-12,368.739990234375,83739000,2959000000.0,3483000000.0,8873000000.0,17576000000.0,TSLA
2022-01-13,343.85333251953125,97209900,2959000000.0,3483000000.0,8873000000.0,17576000000.0,TSLA
2022-01-14,349.8699951171875,72924300,2959000000.0,3483000000.0,8873000000.0,17576000000.0,TSLA
2022-01-18,343.5033264160156,66743400,2959000000.0,3483000000.0,8873000000.0,17576000000.0,TSLA
2022-01-19,331.8833312988281,75442500,2959000000.0,3483000000.0,8873000000.0,17576000000.0,TSLA
2022-01-20,332.0899963378906,70488600,2959000000.0,3483000000.0,8873000000.0,17576000000.0,TSLA
2022-01-21,314.6333312988281,103416000,2959000000.0,3483000000.0,8873000000.0,17576000000.0,TSLA
2022-01-24,310.0,151565700,2959000000.0,3483000000.0,8873000000.0,17576000000.0,TSLA
2022-01-25,306.1333312988281,86595900,2959000000.0,3483000000.0,8873000000.0,17576000000.0,TSLA
2022-01-26,312.4700012207031,104867400,2959000000.0,3483000000.0,8873000000.0,17576000000.0,TSLA
2022-01-27,276.3666687011719,147109500,2959000000.0,3483000000.0,8873000000.0,17576000000.0,TSLA
2022-01-28,282.1166687011719,134789100,2959000000.0,3483000000.0,8873000000.0,17576000000.0,TSLA
2022-01-31,312.239990234375,104436000,2959000000.0,3483000000.0,8873000000.0,17576000000.0,TSLA
2022-02-01,310.4166564941406,73138200,2959000000.0,3483000000.0,8873000000.0,17576000000.0,TSLA
2022-02-02,301.88665771484375,66792900,2959000000.0,3483000000.0,8873000000.0,17576000000.0,TSLA
2022-02-03,297.0466613769531,78855600,2959000000.0,3483000000.0,8873000000.0,17576000000.0,TSLA
2022-02-04,307.7733459472656,73625400,2959000000.0,3483000000.0,8873000000.0,17576000000.0,TSLA
2022-02-07,302.4466552734375,60994500,2959000000.0,3483000000.0,8873000000.0,17576000000.0,TSLA
2022-02-08,307.3333435058594,50729100,2959000000.0,3483000000.0,8873000000.0,17576000000.0,TSLA
2022-02-09,310.6666564941406,52259400,2959000000.0,3483000000.0,8873000000.0,17576000000.0,TSLA
2022-02-10,301.51666259765625,66126900,2959000000.0,3483000000.0,8873000000.0,17576000000.0,TSLA
2022-02-11,286.6666564941406,79645800,2959000000.0,3483000000.0,8873000000.0,17576000000.0,TSLA
2022-02-14,291.9200134277344,67756500,2959000000.0,3483000000.0,8873000000.0,17576000000.0,TSLA
2022-02-15,307.4766540527344,57286200,2959000000.0,3483000000.0,8873000000.0,17576000000.0,TSLA
2022-02-16,307.7966613769531,51294300,2959000000.0,3483000000.0,8873000000.0,17576000000.0,TSLA
2022-02-17,292.1166687011719,55178400,2959000000.0,3483000000.0,8873000000.0,17576000000.0,TSLA
2022-02-18,285.6600036621094,68501700,2959000000.0,3483000000.0,8873000000.0,17576000000.0,TSLA
2022-02-22,273.84332275390625,83288100,2959000000.0,3483000000.0,8873000000.0,17576000000.0,TSLA
2022-02-23,254.67999267578125,95256900,2959000000.0,3483000000.0,8873000000.0,17576000000.0,TSLA
2022-02-24,266.92333984375,135322200,2959000000.0,3483000000.0,8873000000.0,17576000000.0,TSLA
2022-02-25,269.9566650390625,76067700,2959000000.0,3483000000.0,8873000000.0,17576000000.0,TSLA
2022-02-28,290.1433410644531,99006900,2959000000.0,3483000000.0,8873000000.0,17576000000.0,TSLA
2022-03-01,288.1233215332031,74766900,2959000000.0,3483000000.0,8873000000.0,17576000000.0,TSLA
2022-03-02,293.2966613769531,74643300,2959000000.0,3483000000.0,8873000000.0,17576000000.0,TSLA
2022-03-03,279.7633361816406,61623600,2959000000.0,3483000000.0,8873000000.0,17576000000.0,TSLA
2022-03-04,279.42999267578125,66999600,2959000000.0,3483000000.0,8873000000.0,17576000000.0,TSLA
2022-03-07,268.1933288574219,72494100,2959000000.0,3483000000.0,8873000000.0,17576000000.0,TSLA
2022-03-08,274.79998779296875,80399100,2959000000.0,3483000000.0,8873000000.0,17576000000.0,TSLA
2022-03-09,286.3233337402344,59184000,2959000000.0,3483000000.0,8873000000.0,17576000000.0,TSLA
2022-03-10,279.4333190917969,58648500,2959000000.0,3483000000.0,8873000000.0,17576000000.0,TSLA
2022-03-11,265.1166687011719,67037100,2959000000.0,3483000000.0,8873000000.0,17576000000.0,TSLA
2022-03-14,255.4566650390625,71152200,2959000000.0,3483000000.0,8873000000.0,17576000000.0,TSLA
2022-03-15,267.2966613769531,66841200,2959000000.0,3483000000.0,8873000000.0,17576000000.0,TSLA
2022-03-16,280.07666015625,84028800,2959000000.0,3483000000.0,8873000000.0,17576000000.0,TSLA
2022-03-17,290.5333251953125,66582900,2959000000.0,3483000000.0,8873000000.0,17576000000.0,TSLA
2022-03-18,301.7966613769531,100414200,2959000000.0,3483000000.0,8873000000.0,17576000000.0,TSLA
2022-03-21,307.0533447265625,81981600,2959000000.0,3483000000.0,8873000000.0,17576000000.0,TSLA
2022-03-22,331.32666015625,105868500,2959000000.0,3483000000.0,8873000000.0,17576000000.0,TSLA
2022-03-23,333.03668212890625,120676200,2959000000.0,3483000000.0,8873000000.0,17576000000.0,TSLA
2022-03-24,337.97332763671875,68920800,2959000000.0,3483000000.0,8873000000.0,17576000000.0,TSLA
2022-03-25,336.8800048828125,62031600,2959000000.0,3483000000.0,8873000000.0,17576000000.0,TSLA
2022-03-28,363.9466552734375,102506100,2959000000.0,3483000000.0,8873000000.0,17576000000.0,TSLA
2022-03-29,366.5233459472656,73614900,2959000000.0,3483000000.0,8873000000.0,17576000000.0,TSLA
2022-03-30,364.663330078125,59865000,2959000000.0,3483000000.0,8873000000.0,17576000000.0,TSLA
2022-03-31,359.20001220703125,48992700,2959000000.0,3483000000.0,8873000000.0,17576000000.0,TSLA
2022-04-01,361.5299987792969,54263100,2959000000.0,3483000000.0,8873000000.0,17576000000.0,TSLA
2022-04-04,381.8166809082031,82035900,2959000000.0,3483000000.0,8873000000.0,17576000000.0,TSLA
2022-04-05,363.7533264160156,80075100,2959000000.0,3483000000.0,8873000000.0,17576000000.0,TSLA
2022-04-06,348.586669921875,89348400,2959000000.0,3483000000.0,8873000000.0,17576000000.0,TSLA
2022-04-07,352.4200134277344,79447200,2959000000.0,3483000000.0,8873000000.0,17576000000.0,TSLA
2022-04-08,341.8299865722656,55013700,2959000000.0,3483000000.0,8873000000.0,17576000000.0,TSLA
2022-04-11,325.30999755859375,59357100,2959000000.0,3483000000.0,8873000000.0,17576000000.0,TSLA
2022-04-12,328.98333740234375,65976000,2959000000.0,3483000000.0,8873000000.0,17576000000.0,TSLA
2022-04-13,340.7900085449219,55121100,2959000000.0,3483000000.0,8873000000.0,17576000000.0,TSLA
2022-04-14,328.3333435058594,58422300,2959000000.0,3483000000.0,8873000000.0,17576000000.0,TSLA
2022-04-18,334.7633361816406,51715200,2959000000.0,3483000000.0,8873000000.0,17576000000.0,TSLA
2022-04-19,342.7166748046875,49847700,2959000000.0,3483000000.0,8873000000.0,17576000000.0,TSLA
2022-04-20,325.73333740234375,70711200,2959000000.0,3483000000.0,8873000000.0,17576000000.0,TSLA
2022-04-21,336.260009765625,105416400,2959000000.0,3483000000.0,8873000000.0,17576000000.0,TSLA
2022-04-22,335.01666259765625,69696600,2959000000.0,3483000000.0,8873000000.0,17576000000.0,TSLA
2022-04-25,332.67333984375,68341200,2959000000.0,3483000000.0,8873000000.0,17576000000.0,TSLA
2022-04-26,292.1400146484375,136133700,2959000000.0,3483000000.0,8873000000.0,17576000000.0,TSLA
2022-04-27,293.836669921875,76956300,2959000000.0,3483000000.0,8873000000.0,17576000000.0,TSLA
2022-04-28,292.5033264160156,124948500,2959000000.0,3483000000.0,8873000000.0,17576000000.0,TSLA
2022-04-29,290.2533264160156,88133100,2959000000.0,3483000000.0,8873000000.0,17576000000.0,TSLA
2022-05-02,300.9800109863281,75781500,2959000000.0,3483000000.0,8873000000.0,17576000000.0,TSLA
2022-05-03,303.0833435058594,63709500,2959000000.0,3483000000.0,8873000000.0,17576000000.0,TSLA
2022-05-04,317.5400085449219,81643800,2959000000.0,3483000000.0,8873000000.0,17576000000.0,TSLA
2022-05-05,291.09332275390625,92519100,2959000000.0,3483000000.0,8873000000.0,17576000000.0,TSLA
2022-05-06,288.54998779296875,72903000,2959000000.0,3483000000.0,8873000000.0,17576000000.0,TSLA
2022-05-09,262.3699951171875,90810300,2959000000.0,3483000000.0,8873000000.0,17576000000.0,TSLA
2022-05-10,266.67999267578125,84401700,2959000000.0,3483000000.0,8873000000.0,17576000000.0,TSLA
2022-05-11,244.6666717529297,97224600,2959000000.0,3483000000.0,8873000000.0,17576000000.0,TSLA
2022-05-12,242.6666717529297,140313000,2959000000.0,3483000000.0,8873000000.0,17576000000.0,TSLA
2022-05-13,256.5299987792969,92150700,2959000000.0,3483000000.0,8873000000.0,17576000000.0,TSLA
2022-05-16,241.4566650390625,86098500,2959000000.0,3483000000.0,8873000000.0,17576000000.0,TSLA
2022-05-17,253.8699951171875,80236200,2959000000.0,3483000000.0,8873000000.0,17576000000.0,TSLA
2022-05-18,236.60333251953125,87811800,2959000000.0,3483000000.0,8873000000.0,17576000000.0,TSLA
2022-05-19,236.47332763671875,90296700,2959000000.0,3483000000.0,8873000000.0,17576000000.0,TSLA
2022-05-20,221.3000030517578,144973200,2959000000.0,3483000000.0,8873000000.0,17576000000.0,TSLA
2022-05-23,224.96665954589844,88903500,2959000000.0,3483000000.0,8873000000.0,17576000000.0,TSLA
2022-05-24,209.3866729736328,89092500,2959000000.0,3483000000.0,8873000000.0,17576000000.0,TSLA
2022-05-25,219.6000061035156,92139300,2959000000.0,3483000000.0,8873000000.0,17576000000.0,TSLA
2022-05-26,235.91000366210935,106003200,2959000000.0,3483000000.0,8873000000.0,17576000000.0,TSLA
2022-05-27,253.2100067138672,89295000,2959000000.0,3483000000.0,8873000000.0,17576000000.0,TSLA
2022-05-31,252.7533264160156,101914500,2959000000.0,3483000000.0,8873000000.0,17576000000.0,TSLA
2022-06-01,246.7899932861328,77247900,2959000000.0,3483000000.0,8873000000.0,17576000000.0,TSLA
2022-06-02,258.3333435058594,93473100,2959000000.0,3483000000.0,8873000000.0,17576000000.0,TSLA
2022-06-03,234.51666259765625,112393800,2959000000.0,3483000000.0,8873000000.0,17576000000.0,TSLA
2022-06-06,238.27999877929688,84204600,2959000000.0,3483000000.0,8873000000.0,17576000000.0,TSLA
2022-06-07,238.8866729736328,72808500,2959000000.0,3483000000.0,8873000000.0,17576000000.0,TSLA
2022-06-08,241.86666870117188,76210500,2959000000.0,3483000000.0,8873000000.0,17576000000.0,TSLA
2022-06-09,239.7066650390625,96491400,2959000000.0,3483000000.0,8873000000.0,17576000000.0,TSLA
2022-06-10,232.22999572753903,97536600,2959000000.0,3483000000.0,8873000000.0,17576000000.0,TSLA
2022-06-13,215.73666381835935,102767400,2959000000.0,3483000000.0,8873000000.0,17576000000.0,TSLA
2022-06-14,220.88999938964844,97988700,2959000000.0,3483000000.0,8873000000.0,17576000000.0,TSLA
2022-06-15,233.0,119131800,2959000000.0,3483000000.0,8873000000.0,17576000000.0,TSLA
2022-06-16,213.1000061035156,107390700,2959000000.0,3483000000.0,8873000000.0,17576000000.0,TSLA
2022-06-17,216.7599945068359,92641800,2959000000.0,3483000000.0,8873000000.0,17576000000.0,TSLA
2022-06-21,237.0366668701172,122793000,2959000000.0,3483000000.0,8873000000.0,17576000000.0,TSLA
2022-06-22,236.086669921875,101107500,2959000000.0,3483000000.0,8873000000.0,17576000000.0,TSLA
2022-06-23,235.07000732421875,104202600,2959000000.0,3483000000.0,8873000000.0,17576000000.0,TSLA
2022-06-24,245.7066650390625,95770800,2959000000.0,3483000000.0,8873000000.0,17576000000.0,TSLA
2022-06-27,244.9199981689453,89178300,2959000000.0,3483000000.0,8873000000.0,17576000000.0,TSLA
2022-06-28,232.663330078125,90391200,2959000000.0,3483000000.0,8873000000.0,17576000000.0,TSLA
2022-06-29,228.4900054931641,82897200,2959000000.0,3483000000.0,8873000000.0,17576000000.0,TSLA
2022-06-30,224.47332763671875,94600500,2959000000.0,3483000000.0,8873000000.0,17576000000.0,TSLA
2022-07-01,227.26333618164065,74460300,2959000000.0,3483000000.0,8873000000.0,17576000000.0,TSLA
2022-07-05,233.0666656494141,84581100,2959000000.0,3483000000.0,8873000000.0,17576000000.0,TSLA
2022-07-06,231.73333740234375,71853600,2959000000.0,3483000000.0,8873000000.0,17576000000.0,TSLA
2022-07-07,244.5433349609375,81930600,2959000000.0,3483000000.0,8873000000.0,17576000000.0,TSLA
2022-07-08,250.76333618164065,101854200,2959000000.0,3483000000.0,8873000000.0,17576000000.0,TSLA
2022-07-11,234.3433380126953,99241200,2959000000.0,3483000000.0,8873000000.0,17576000000.0,TSLA
2022-07-12,233.07000732421875,87930900,2959000000.0,3483000000.0,8873000000.0,17576000000.0,TSLA
2022-07-13,237.0399932861328,97954500,2959000000.0,3483000000.0,8873000000.0,17576000000.0,TSLA
2022-07-14,238.31333923339844,78557400,2959000000.0,3483000000.0,8873000000.0,17576000000.0,TSLA
2022-07-15,240.0666656494141,69683100,2959000000.0,3483000000.0,8873000000.0,17576000000.0,TSLA
2022-07-18,240.54666137695312,82537500,2959000000.0,3483000000.0,8873000000.0,17576000000.0,TSLA
2022-07-19,245.52999877929688,80890200,2959000000.0,3483000000.0,8873000000.0,17576000000.0,TSLA
2022-07-20,247.5,88864200,2959000000.0,3483000000.0,8873000000.0,17576000000.0,TSLA
2022-07-21,271.7066650390625,142032300,2959000000.0,3483000000.0,8873000000.0,17576000000.0,TSLA
2022-07-22,272.24334716796875,103472700,2959000000.0,3483000000.0,8873000000.0,17576000000.0,TSLA
2022-07-25,268.4333190917969,64073400,2959000000.0,3483000000.0,8873000000.0,17576000000.0,TSLA
2022-07-26,258.8599853515625,66820800,2959000000.0,3483000000.0,8873000000.0,17576000000.0,TSLA
2022-07-27,274.82000732421875,88110000,2959000000.0,3483000000.0,8873000000.0,17576000000.0,TSLA
2022-07-28,280.8999938964844,84723000,2959000000.0,3483000000.0,8873000000.0,17576000000.0,TSLA
2022-07-29,297.1499938964844,95313000,2959000000.0,3483000000.0,8873000000.0,17576000000.0,TSLA
2022-08-01,297.27667236328125,117042900,2959000000.0,3483000000.0,8873000000.0,17576000000.0,TSLA
2022-08-02,300.586669921875,95577600,2959000000.0,3483000000.0,8873000000.0,17576000000.0,TSLA
2022-08-03,307.39666748046875,80091000,2959000000.0,3483000000.0,8873000000.0,17576000000.0,TSLA
2022-08-04,308.6333312988281,72256200,2959000000.0,3483000000.0,8873000000.0,17576000000.0,TSLA
2022-08-05,288.1700134277344,113172900,2959000000.0,3483000000.0,8873000000.0,17576000000.0,TSLA
2022-08-08,290.42333984375,98994000,2959000000.0,3483000000.0,8873000000.0,17576000000.0,TSLA
2022-08-09,283.3333435058594,86244600,2959000000.0,3483000000.0,8873000000.0,17576000000.0,TSLA
2022-08-10,294.3566589355469,94918800,2959000000.0,3483000000.0,8873000000.0,17576000000.0,TSLA
2022-08-11,286.6300048828125,70155000,2959000000.0,3483000000.0,8873000000.0,17576000000.0,TSLA
2022-08-12,300.0299987792969,79657200,2959000000.0,3483000000.0,8873000000.0,17576000000.0,TSLA
2022-08-15,309.32000732421875,89359200,2959000000.0,3483000000.0,8873000000.0,17576000000.0,TSLA
2022-08-16,306.5633239746094,88136400,2959000000.0,3483000000.0,8873000000.0,17576000000.0,TSLA
2022-08-17,303.9966735839844,68766000,2959000000.0,3483000000.0,8873000000.0,17576000000.0,TSLA
2022-08-18,302.8699951171875,47500500,2959000000.0,3483000000.0,8873000000.0,17576000000.0,TSLA
2022-08-19,296.6666564941406,61395300,2959000000.0,3483000000.0,8873000000.0,17576000000.0,TSLA
2022-08-22,289.913330078125,55843200,2959000000.0,3483000000.0,8873000000.0,17576000000.0,TSLA
2022-08-23,296.4533386230469,63984900,2959000000.0,3483000000.0,8873000000.0,17576000000.0,TSLA
2022-08-24,297.0966796875,57259800,2959000000.0,3483000000.0,8873000000.0,17576000000.0,TSLA
2022-08-25,296.07000732421875,53230000,2959000000.0,3483000000.0,8873000000.0,17576000000.0,TSLA
2022-08-26,288.0899963378906,57163900,2959000000.0,3483000000.0,8873000000.0,17576000000.0,TSLA
2022-08-29,284.82000732421875,41864700,2959000000.0,3483000000.0,8873000000.0,17576000000.0,TSLA
2022-08-30,277.70001220703125,50541800,2959000000.0,3483000000.0,8873000000.0,17576000000.0,TSLA
2022-08-31,275.6099853515625,52107300,2959000000.0,3483000000.0,8873000000.0,17576000000.0,TSLA
2022-09-01,277.1600036621094,54287000,2959000000.0,3483000000.0,8873000000.0,17576000000.0,TSLA
2022-09-02,270.2099914550781,50890100,2959000000.0,3483000000.0,8873000000.0,17576000000.0,TSLA
2022-09-06,274.4200134277344,55860000,2959000000.0,3483000000.0,8873000000.0,17576000000.0,TSLA
2022-09-07,283.70001220703125,50028900,2959000000.0,3483000000.0,8873000000.0,17576000000.0,TSLA
2022-09-08,289.260009765625,53713100,2959000000.0,3483000000.0,8873000000.0,17576000000.0,TSLA
2022-09-09,299.67999267578125,54338100,2959000000.0,3483000000.0,8873000000.0,17576000000.0,TSLA
2022-09-12,304.4200134277344,48674600,2959000000.0,3483000000.0,8873000000.0,17576000000.0,TSLA
2022-09-13,292.1300048828125,68229600,2959000000.0,3483000000.0,8873000000.0,17576000000.0,TSLA
2022-09-14,302.6099853515625,72628700,2959000000.0,3483000000.0,8873000000.0,17576000000.0,TSLA
2022-09-15,303.75,64795500,2959000000.0,3483000000.0,8873000000.0,17576000000.0,TSLA
2022-09-16,303.3500061035156,87087800,2959000000.0,3483000000.0,8873000000.0,17576000000.0,TSLA
2022-09-19,309.07000732421875,60231200,2959000000.0,3483000000.0,8873000000.0,17576000000.0,TSLA
2022-09-20,308.7300109863281,61642800,2959000000.0,3483000000.0,8873000000.0,17576000000.0,TSLA
2022-09-21,300.79998779296875,62555700,2959000000.0,3483000000.0,8873000000.0,17576000000.0,TSLA
2022-09-22,288.5899963378906,70545400,2959000000.0,3483000000.0,8873000000.0,17576000000.0,TSLA
2022-09-23,275.3299865722656,63748400,2959000000.0,3483000000.0,8873000000.0,17576000000.0,TSLA
2022-09-26,276.010009765625,58076900,2959000000.0,3483000000.0,8873000000.0,17576000000.0,TSLA
2022-09-27,282.94000244140625,61925200,2959000000.0,3483000000.0,8873000000.0,17576000000.0,TSLA
2022-09-28,287.80999755859375,54664800,2959000000.0,3483000000.0,8873000000.0,17576000000.0,TSLA
2022-09-29,268.2099914550781,77620600,2959000000.0,3483000000.0,8873000000.0,17576000000.0,TSLA
2022-09-30,265.25,67726600,2959000000.0,3483000000.0,8873000000.0,17576000000.0,TSLA
2022-10-03,242.3999938964844,98363500,2959000000.0,3483000000.0,8873000000.0,17576000000.0,TSLA
2022-10-04,249.44000244140625,109578500,2959000000.0,3483000000.0,8873000000.0,17576000000.0,TSLA
2022-10-05,240.80999755859375,86982700,2959000000.0,3483000000.0,8873000000.0,17576000000.0,TSLA
2022-10-06,238.1300048828125,69298400,2959000000.0,3483000000.0,8873000000.0,17576000000.0,TSLA
2022-10-07,223.07000732421875,83916800,2959000000.0,3483000000.0,8873000000.0,17576000000.0,TSLA
2022-10-10,222.9600067138672,67925000,2959000000.0,3483000000.0,8873000000.0,17576000000.0,TSLA
2022-10-11,216.5,77013200,2959000000.0,3483000000.0,8873000000.0,17576000000.0,TSLA
2022-10-12,217.2400054931641,66860700,2959000000.0,3483000000.0,8873000000.0,17576000000.0,TSLA
2022-10-13,221.72000122070312,91483000,2959000000.0,3483000000.0,8873000000.0,17576000000.0,TSLA
2022-10-14,204.9900054931641,94124500,2959000000.0,3483000000.0,8873000000.0,17576000000.0,TSLA
2022-10-17,219.3500061035156,79428800,2959000000.0,3483000000.0,8873000000.0,17576000000.0,TSLA
2022-10-18,220.19000244140625,75891900,2959000000.0,3483000000.0,8873000000.0,17576000000.0,TSLA
2022-10-19,222.0399932861328,66571500,2959000000.0,3483000000.0,8873000000.0,17576000000.0,TSLA
2022-10-20,207.27999877929688,117798100,2959000000.0,3483000000.0,8873000000.0,17576000000.0,TSLA
2022-10-21,214.44000244140625,75713800,2959000000.0,3483000000.0,8873000000.0,17576000000.0,TSLA
2022-10-24,211.25,100446800,2959000000.0,3483000000.0,8873000000.0,17576000000.0,TSLA
2022-10-25,222.4199981689453,96507900,2959000000.0,3483000000.0,8873000000.0,17576000000.0,TSLA
2022-10-26,224.63999938964844,85012500,2959000000.0,3483000000.0,8873000000.0,17576000000.0,TSLA
2022-10-27,225.08999633789065,61638800,2959000000.0,3483000000.0,8873000000.0,17576000000.0,TSLA
2022-10-28,228.52000427246097,69152400,2959000000.0,3483000000.0,8873000000.0,17576000000.0,TSLA
2022-10-31,227.5399932861328,61554300,2959000000.0,3483000000.0,8873000000.0,17576000000.0,TSLA
2022-11-01,227.82000732421875,62688800,2959000000.0,3483000000.0,8873000000.0,17576000000.0,TSLA
2022-11-02,214.97999572753903,63070300,2959000000.0,3483000000.0,8873000000.0,17576000000.0,TSLA
2022-11-03,215.30999755859375,56538800,2959000000.0,3483000000.0,8873000000.0,17576000000.0,TSLA
2022-11-04,207.47000122070312,98622200,2959000000.0,3483000000.0,8873000000.0,17576000000.0,TSLA
2022-11-07,197.0800018310547,93916500,2959000000.0,3483000000.0,8873000000.0,17576000000.0,TSLA
2022-11-08,191.3000030517578,128803400,2959000000.0,3483000000.0,8873000000.0,17576000000.0,TSLA
2022-11-09,177.58999633789062,127062700,2959000000.0,3483000000.0,8873000000.0,17576000000.0,TSLA
2022-11-10,190.72000122070312,132703000,2959000000.0,3483000000.0,8873000000.0,17576000000.0,TSLA
2022-11-11,195.97000122070312,114403600,2959000000.0,3483000000.0,8873000000.0,17576000000.0,TSLA
2022-11-14,190.9499969482422,92226600,2959000000.0,3483000000.0,8873000000.0,17576000000.0,TSLA
2022-11-15,194.4199981689453,91293800,2959000000.0,3483000000.0,8873000000.0,17576000000.0,TSLA
2022-11-16,186.9199981689453,66567600,2959000000.0,3483000000.0,8873000000.0,17576000000.0,TSLA
2022-11-17,183.1699981689453,64336000,2959000000.0,3483000000.0,8873000000.0,17576000000.0,TSLA
2022-11-18,180.19000244140625,76048900,2959000000.0,3483000000.0,8873000000.0,17576000000.0,TSLA
2022-11-21,167.8699951171875,92882700,2959000000.0,3483000000.0,8873000000.0,17576000000.0,TSLA
2022-11-22,169.91000366210938,78452300,2959000000.0,3483000000.0,8873000000.0,17576000000.0,TSLA
2022-11-23,183.1999969482422,109536700,2959000000.0,3483000000.0,8873000000.0,17576000000.0,TSLA
2022-11-25,182.86000061035156,50672700,2959000000.0,3483000000.0,8873000000.0,17576000000.0,TSLA
2022-11-28,182.9199981689453,92905200,2959000000.0,3483000000.0,8873000000.0,17576000000.0,TSLA
2022-11-29,180.8300018310547,83357100,2959000000.0,3483000000.0,8873000000.0,17576000000.0,TSLA
2022-11-30,194.6999969482422,109186400,2959000000.0,3483000000.0,8873000000.0,17576000000.0,TSLA
2022-12-01,194.6999969482422,80046200,2959000000.0,3483000000.0,8873000000.0,17576000000.0,TSLA
2022-12-02,194.86000061035156,73645900,2959000000.0,3483000000.0,8873000000.0,17576000000.0,TSLA
2022-12-05,182.4499969482422,93122700,2959000000.0,3483000000.0,8873000000.0,17576000000.0,TSLA
2022-12-06,179.82000732421875,92150800,2959000000.0,3483000000.0,8873000000.0,17576000000.0,TSLA
2022-12-07,174.0399932861328,84213300,2959000000.0,3483000000.0,8873000000.0,17576000000.0,TSLA
2022-12-08,173.44000244140625,97624500,2959000000.0,3483000000.0,8873000000.0,17576000000.0,TSLA
2022-12-09,179.0500030517578,104872300,2959000000.0,3483000000.0,8873000000.0,17576000000.0,TSLA
2022-12-12,167.82000732421875,109794500,2959000000.0,3483000000.0,8873000000.0,17576000000.0,TSLA
2022-12-13,160.9499969482422,175862700,2959000000.0,3483000000.0,8873000000.0,17576000000.0,TSLA
2022-12-14,156.8000030517578,140682300,2959000000.0,3483000000.0,8873000000.0,17576000000.0,TSLA
2022-12-15,157.6699981689453,122334500,2959000000.0,3483000000.0,8873000000.0,17576000000.0,TSLA
2022-12-16,150.22999572753906,139032200,2959000000.0,3483000000.0,8873000000.0,17576000000.0,TSLA
2022-12-19,149.8699951171875,139390600,2959000000.0,3483000000.0,8873000000.0,17576000000.0,TSLA
2022-12-20,137.8000030517578,159563300,2959000000.0,3483000000.0,8873000000.0,17576000000.0,TSLA
2022-12-21,137.57000732421875,145417400,2959000000.0,3483000000.0,8873000000.0,17576000000.0,TSLA
2022-12-22,125.3499984741211,210090300,2959000000.0,3483000000.0,8873000000.0,17576000000.0,TSLA
2022-12-23,123.1500015258789,166989700,2959000000.0,3483000000.0,8873000000.0,17576000000.0,TSLA
2022-12-27,109.0999984741211,208643400,2959000000.0,3483000000.0,8873000000.0,17576000000.0,TSLA
2022-12-28,112.70999908447266,221070500,2959000000.0,3483000000.0,8873000000.0,17576000000.0,TSLA
2022-12-29,121.81999969482422,221923300,2959000000.0,3483000000.0,8873000000.0,17576000000.0,TSLA
2022-12-30,123.18000030517578,157777300,2959000000.0,3483000000.0,8873000000.0,17576000000.0,TSLA
2023-01-03,108.0999984741211,231402800,3130000000.0,7552000000.0,5748000000.0,16253000000.0,TSLA
2023-01-04,113.63999938964844,180389000,3130000000.0,7552000000.0,5748000000.0,16253000000.0,TSLA
2023-01-05,110.33999633789062,157986300,3130000000.0,7552000000.0,5748000000.0,16253000000.0,TSLA
2023-01-06,113.05999755859376,220911100,3130000000.0,7552000000.0,5748000000.0,16253000000.0,TSLA
2023-01-09,119.7699966430664,190284000,3130000000.0,7552000000.0,5748000000.0,16253000000.0,TSLA
2023-01-10,118.8499984741211,167642500,3130000000.0,7552000000.0,5748000000.0,16253000000.0,TSLA
2023-01-11,123.22000122070312,183810800,3130000000.0,7552000000.0,5748000000.0,16253000000.0,TSLA
2023-01-12,123.55999755859376,169400900,3130000000.0,7552000000.0,5748000000.0,16253000000.0,TSLA
2023-01-13,122.4000015258789,180714100,3130000000.0,7552000000.0,5748000000.0,16253000000.0,TSLA
2023-01-17,131.49000549316406,186477000,3130000000.0,7552000000.0,5748000000.0,16253000000.0,TSLA
2023-01-18,128.77999877929688,195680300,3130000000.0,7552000000.0,5748000000.0,16253000000.0,TSLA
2023-01-19,127.16999816894533,170291900,3130000000.0,7552000000.0,5748000000.0,16253000000.0,TSLA
2023-01-20,133.4199981689453,138858100,3130000000.0,7552000000.0,5748000000.0,16253000000.0,TSLA
2023-01-23,143.75,203119200,3130000000.0,7552000000.0,5748000000.0,16253000000.0,TSLA
2023-01-24,143.88999938964844,158699100,3130000000.0,7552000000.0,5748000000.0,16253000000.0,TSLA
2023-01-25,144.42999267578125,192734300,3130000000.0,7552000000.0,5748000000.0,16253000000.0,TSLA
2023-01-26,160.27000427246094,234815100,3130000000.0,7552000000.0,5748000000.0,16253000000.0,TSLA
2023-01-27,177.89999389648438,306590600,3130000000.0,7552000000.0,5748000000.0,16253000000.0,TSLA
2023-01-30,166.66000366210938,230878800,3130000000.0,7552000000.0,5748000000.0,16253000000.0,TSLA
2023-01-31,173.22000122070312,196813500,3130000000.0,7552000000.0,5748000000.0,16253000000.0,TSLA
2023-02-01,181.41000366210935,213806300,3130000000.0,7552000000.0,5748000000.0,16253000000.0,TSLA
2023-02-02,188.27000427246097,217448300,3130000000.0,7552000000.0,5748000000.0,16253000000.0,TSLA
2023-02-03,189.97999572753903,232662000,3130000000.0,7552000000.0,5748000000.0,16253000000.0,TSLA
2023-02-06,194.7599945068359,186188100,3130000000.0,7552000000.0,5748000000.0,16253000000.0,TSLA
2023-02-07,196.80999755859375,186010300,3130000000.0,7552000000.0,5748000000.0,16253000000.0,TSLA
2023-02-08,201.2899932861328,180673600,3130000000.0,7552000000.0,5748000000.0,16253000000.0,TSLA
2023-02-09,207.32000732421875,215431400,3130000000.0,7552000000.0,5748000000.0,16253000000.0,TSLA
2023-02-10,196.88999938964844,204754100,3130000000.0,7552000000.0,5748000000.0,16253000000.0,TSLA
2023-02-13,194.63999938964844,172475500,3130000000.0,7552000000.0,5748000000.0,16253000000.0,TSLA
2023-02-14,209.25,216455700,3130000000.0,7552000000.0,5748000000.0,16253000000.0,TSLA
2023-02-15,214.2400054931641,181006400,3130000000.0,7552000000.0,5748000000.0,16253000000.0,TSLA
2023-02-16,202.0399932861328,229586500,3130000000.0,7552000000.0,5748000000.0,16253000000.0,TSLA
2023-02-17,208.30999755859375,213738500,3130000000.0,7552000000.0,5748000000.0,16253000000.0,TSLA
2023-02-21,197.3699951171875,180018600,3130000000.0,7552000000.0,5748000000.0,16253000000.0,TSLA
2023-02-22,200.86000061035156,191828500,3130000000.0,7552000000.0,5748000000.0,16253000000.0,TSLA
2023-02-23,202.07000732421875,146360000,3130000000.0,7552000000.0,5748000000.0,16253000000.0,TSLA
2023-02-24,196.8800048828125,142228100,3130000000.0,7552000000.0,5748000000.0,16253000000.0,TSLA
2023-02-27,207.6300048828125,161028300,3130000000.0,7552000000.0,5748000000.0,16253000000.0,TSLA
2023-02-28,205.7100067138672,153144900,3130000000.0,7552000000.0,5748000000.0,16253000000.0,TSLA
2023-03-01,202.77000427246097,156852800,3130000000.0,7552000000.0,5748000000.0,16253000000.0,TSLA
2023-03-02,190.8999938964844,181500700,3130000000.0,7552000000.0,5748000000.0,16253000000.0,TSLA
2023-03-03,197.7899932861328,154193300,3130000000.0,7552000000.0,5748000000.0,16253000000.0,TSLA
2023-03-06,193.80999755859375,128100100,3130000000.0,7552000000.0,5748000000.0,16253000000.0,TSLA
2023-03-07,187.7100067138672,148125800,3130000000.0,7552000000.0,5748000000.0,16253000000.0,TSLA
2023-03-08,182.0,151897800,3130000000.0,7552000000.0,5748000000.0,16253000000.0,TSLA
2023-03-09,172.9199981689453,170023800,3130000000.0,7552000000.0,5748000000.0,16253000000.0,TSLA
2023-03-10,173.44000244140625,191488900,3130000000.0,7552000000.0,5748000000.0,16253000000.0,TSLA
2023-03-13,174.47999572753906,167790300,3130000000.0,7552000000.0,5748000000.0,16253000000.0,TSLA
2023-03-14,183.2599945068359,143717900,3130000000.0,7552000000.0,5748000000.0,16253000000.0,TSLA
2023-03-15,180.4499969482422,145995600,3130000000.0,7552000000.0,5748000000.0,16253000000.0,TSLA
2023-03-16,184.1300048828125,121136800,3130000000.0,7552000000.0,5748000000.0,16253000000.0,TSLA
2023-03-17,180.1300048828125,133197100,3130000000.0,7552000000.0,5748000000.0,16253000000.0,TSLA
2023-03-20,183.25,129684400,3130000000.0,7552000000.0,5748000000.0,16253000000.0,TSLA
2023-03-21,197.5800018310547,153391400,3130000000.0,7552000000.0,5748000000.0,16253000000.0,TSLA
2023-03-22,191.1499938964844,150376400,3130000000.0,7552000000.0,5748000000.0,16253000000.0,TSLA
2023-03-23,192.22000122070312,144193900,3130000000.0,7552000000.0,5748000000.0,16253000000.0,TSLA
2023-03-24,190.41000366210935,116312400,3130000000.0,7552000000.0,5748000000.0,16253000000.0,TSLA
2023-03-27,191.80999755859375,120851600,3130000000.0,7552000000.0,5748000000.0,16253000000.0,TSLA
2023-03-28,189.19000244140625,98654600,3130000000.0,7552000000.0,5748000000.0,16253000000.0,TSLA
2023-03-29,193.8800048828125,123660000,3130000000.0,7552000000.0,5748000000.0,16253000000.0,TSLA
2023-03-30,195.27999877929688,110252200,3130000000.0,7552000000.0,5748000000.0,16253000000.0,TSLA
2023-03-31,207.4600067138672,170222100,3130000000.0,7552000000.0,5748000000.0,16253000000.0,TSLA
2023-04-03,194.77000427246097,169545900,3130000000.0,7552000000.0,5748000000.0,16253000000.0,TSLA
2023-04-04,192.5800018310547,126463800,3130000000.0,7552000000.0,5748000000.0,16253000000.0,TSLA
2023-04-05,185.52000427246097,133882500,3130000000.0,7552000000.0,5748000000.0,16253000000.0,TSLA
2023-04-06,185.05999755859375,123857900,3130000000.0,7552000000.0,5748000000.0,16253000000.0,TSLA
2023-04-10,184.5099945068359,142154600,3130000000.0,7552000000.0,5748000000.0,16253000000.0,TSLA
2023-04-11,186.7899932861328,115770900,3130000000.0,7552000000.0,5748000000.0,16253000000.0,TSLA
2023-04-12,180.5399932861328,150256300,3130000000.0,7552000000.0,5748000000.0,16253000000.0,TSLA
2023-04-13,185.8999938964844,112933000,3130000000.0,7552000000.0,5748000000.0,16253000000.0,TSLA
2023-04-14,185.0,96438700,3130000000.0,7552000000.0,5748000000.0,16253000000.0,TSLA
2023-04-17,187.0399932861328,116662200,3130000000.0,7552000000.0,5748000000.0,16253000000.0,TSLA
2023-04-18,184.30999755859375,92067000,3130000000.0,7552000000.0,5748000000.0,16253000000.0,TSLA
2023-04-19,180.58999633789065,125732700,3130000000.0,7552000000.0,5748000000.0,16253000000.0,TSLA
2023-04-20,162.99000549316406,210970800,3130000000.0,7552000000.0,5748000000.0,16253000000.0,TSLA
2023-04-21,165.0800018310547,123539000,3130000000.0,7552000000.0,5748000000.0,16253000000.0,TSLA
2023-04-24,162.5500030517578,140006600,3130000000.0,7552000000.0,5748000000.0,16253000000.0,TSLA
2023-04-25,160.6699981689453,121999300,3130000000.0,7552000000.0,5748000000.0,16253000000.0,TSLA
2023-04-26,153.75,153364100,3130000000.0,7552000000.0,5748000000.0,16253000000.0,TSLA
2023-04-27,160.19000244140625,127015200,3130000000.0,7552000000.0,5748000000.0,16253000000.0,TSLA
2023-04-28,164.30999755859375,122515800,3130000000.0,7552000000.0,5748000000.0,16253000000.0,TSLA
2023-05-01,161.8300018310547,109015000,3130000000.0,7552000000.0,5748000000.0,16253000000.0,TSLA
2023-05-02,160.30999755859375,128259700,3130000000.0,7552000000.0,5748000000.0,16253000000.0,TSLA
2023-05-03,160.61000061035156,119728000,3130000000.0,7552000000.0,5748000000.0,16253000000.0,TSLA
2023-05-04,161.1999969482422,95108500,3130000000.0,7552000000.0,5748000000.0,16253000000.0,TSLA
2023-05-05,170.05999755859375,107607300,3130000000.0,7552000000.0,5748000000.0,16253000000.0,TSLA
2023-05-08,171.7899932861328,112249400,3130000000.0,7552000000.0,5748000000.0,16253000000.0,TSLA
2023-05-09,169.14999389648438,88965000,3130000000.0,7552000000.0,5748000000.0,16253000000.0,TSLA
2023-05-10,168.5399932861328,119840700,3130000000.0,7552000000.0,5748000000.0,16253000000.0,TSLA
2023-05-11,172.0800018310547,103889900,3130000000.0,7552000000.0,5748000000.0,16253000000.0,TSLA
2023-05-12,167.97999572753906,157849600,3130000000.0,7552000000.0,5748000000.0,16253000000.0,TSLA
2023-05-15,166.35000610351562,105592500,3130000000.0,7552000000.0,5748000000.0,16253000000.0,TSLA
2023-05-16,166.52000427246094,98288800,3130000000.0,7552000000.0,5748000000.0,16253000000.0,TSLA
2023-05-17,173.86000061035156,125473600,3130000000.0,7552000000.0,5748000000.0,16253000000.0,TSLA
2023-05-18,176.88999938964844,109520300,3130000000.0,7552000000.0,5748000000.0,16253000000.0,TSLA
2023-05-19,180.13999938964844,136196700,3130000000.0,7552000000.0,5748000000.0,16253000000.0,TSLA
2023-05-22,188.8699951171875,132001400,3130000000.0,7552000000.0,5748000000.0,16253000000.0,TSLA
2023-05-23,185.77000427246097,156952100,3130000000.0,7552000000.0,5748000000.0,16253000000.0,TSLA
2023-05-24,182.8999938964844,137605100,3130000000.0,7552000000.0,5748000000.0,16253000000.0,TSLA
2023-05-25,184.47000122070312,96870700,3130000000.0,7552000000.0,5748000000.0,16253000000.0,TSLA
2023-05-26,193.1699981689453,162061500,3130000000.0,7552000000.0,5748000000.0,16253000000.0,TSLA
2023-05-30,201.16000366210935,128818700,3130000000.0,7552000000.0,5748000000.0,16253000000.0,TSLA
2023-05-31,203.92999267578125,150711700,3130000000.0,7552000000.0,5748000000.0,16253000000.0,TSLA
2023-06-01,207.52000427246097,148029900,3130000000.0,7552000000.0,5748000000.0,16253000000.0,TSLA
2023-06-02,213.97000122070312,164398400,3130000000.0,7552000000.0,5748000000.0,16253000000.0,TSLA
2023-06-05,217.61000061035156,151143100,3130000000.0,7552000000.0,5748000000.0,16253000000.0,TSLA
2023-06-06,221.30999755859375,146911600,3130000000.0,7552000000.0,5748000000.0,16253000000.0,TSLA
2023-06-07,224.57000732421875,185710800,3130000000.0,7552000000.0,5748000000.0,16253000000.0,TSLA
2023-06-08,234.86000061035156,164489700,3130000000.0,7552000000.0,5748000000.0,16253000000.0,TSLA
2023-06-09,244.3999938964844,200242400,3130000000.0,7552000000.0,5748000000.0,16253000000.0,TSLA
2023-06-12,249.8300018310547,150337900,3130000000.0,7552000000.0,5748000000.0,16253000000.0,TSLA
2023-06-13,258.7099914550781,162384300,3130000000.0,7552000000.0,5748000000.0,16253000000.0,TSLA
2023-06-14,256.7900085449219,170575500,3130000000.0,7552000000.0,5748000000.0,16253000000.0,TSLA
2023-06-15,255.8999938964844,160171200,3130000000.0,7552000000.0,5748000000.0,16253000000.0,TSLA
2023-06-16,260.5400085449219,167915600,3130000000.0,7552000000.0,5748000000.0,16253000000.0,TSLA
2023-06-20,274.45001220703125,165611200,3130000000.0,7552000000.0,5748000000.0,16253000000.0,TSLA
2023-06-21,259.4599914550781,211797100,3130000000.0,7552000000.0,5748000000.0,16253000000.0,TSLA
2023-06-22,264.6099853515625,166875900,3130000000.0,7552000000.0,5748000000.0,16253000000.0,TSLA
2023-06-23,256.6000061035156,177460800,3130000000.0,7552000000.0,5748000000.0,16253000000.0,TSLA
2023-06-26,241.0500030517578,179990600,3130000000.0,7552000000.0,5748000000.0,16253000000.0,TSLA
2023-06-27,250.2100067138672,164968200,3130000000.0,7552000000.0,5748000000.0,16253000000.0,TSLA
2023-06-28,256.239990234375,159770800,3130000000.0,7552000000.0,5748000000.0,16253000000.0,TSLA
2023-06-29,257.5,131283400,3130000000.0,7552000000.0,5748000000.0,16253000000.0,TSLA
2023-06-30,261.7699890136719,112620800,3130000000.0,7552000000.0,5748000000.0,16253000000.0,TSLA
2023-07-03,279.82000732421875,119685900,3130000000.0,7552000000.0,5748000000.0,16253000000.0,TSLA
2023-07-05,282.4800109863281,131530900,3130000000.0,7552000000.0,5748000000.0,16253000000.0,TSLA
2023-07-06,276.5400085449219,120332100,3130000000.0,7552000000.0,5748000000.0,16253000000.0,TSLA
2023-07-07,274.42999267578125,113879200,3130000000.0,7552000000.0,5748000000.0,16253000000.0,TSLA
2023-07-10,269.6099853515625,119425400,3130000000.0,7552000000.0,5748000000.0,16253000000.0,TSLA
2023-07-11,269.7900085449219,91972400,3130000000.0,7552000000.0,5748000000.0,16253000000.0,TSLA
2023-07-12,271.989990234375,95672100,3130000000.0,7552000000.0,5748000000.0,16253000000.0,TSLA
2023-07-13,277.8999938964844,112681500,3130000000.0,7552000000.0,5748000000.0,16253000000.0,TSLA
2023-07-14,281.3800048828125,120062400,3130000000.0,7552000000.0,5748000000.0,16253000000.0,TSLA
2023-07-17,290.3800048828125,131569600,3130000000.0,7552000000.0,5748000000.0,16253000000.0,TSLA
2023-07-18,293.3399963378906,112120300,3130000000.0,7552000000.0,5748000000.0,16253000000.0,TSLA
2023-07-19,291.260009765625,142355400,3130000000.0,7552000000.0,5748000000.0,16253000000.0,TSLA
2023-07-20,262.8999938964844,175158300,3130000000.0,7552000000.0,5748000000.0,16253000000.0,TSLA
2023-07-21,260.0199890136719,161796100,3130000000.0,7552000000.0,5748000000.0,16253000000.0,TSLA
2023-07-24,269.05999755859375,136508500,3130000000.0,7552000000.0,5748000000.0,16253000000.0,TSLA
2023-07-25,265.2799987792969,112757300,3130000000.0,7552000000.0,5748000000.0,16253000000.0,TSLA
2023-07-26,264.3500061035156,95856200,3130000000.0,7552000000.0,5748000000.0,16253000000.0,TSLA
2023-07-27,255.7100067138672,103697300,3130000000.0,7552000000.0,5748000000.0,16253000000.0,TSLA
2023-07-28,266.44000244140625,111446000,3130000000.0,7552000000.0,5748000000.0,16253000000.0,TSLA
2023-07-31,267.42999267578125,84582200,3130000000.0,7552000000.0,5748000000.0,16253000000.0,TSLA
2023-08-01,261.07000732421875,83166000,3130000000.0,7552000000.0,5748000000.0,16253000000.0,TSLA
2023-08-02,254.11000061035156,101752900,3130000000.0,7552000000.0,5748000000.0,16253000000.0,TSLA
2023-08-03,259.32000732421875,97569100,3130000000.0,7552000000.0,5748000000.0,16253000000.0,TSLA
2023-08-04,253.86000061035156,99539900,3130000000.0,7552000000.0,5748000000.0,16253000000.0,TSLA
2023-08-07,251.4499969482422,111097900,3130000000.0,7552000000.0,5748000000.0,16253000000.0,TSLA
2023-08-08,249.6999969482422,96642200,3130000000.0,7552000000.0,5748000000.0,16253000000.0,TSLA
2023-08-09,242.19000244140625,101596300,3130000000.0,7552000000.0,5748000000.0,16253000000.0,TSLA
2023-08-10,245.33999633789065,109498600,3130000000.0,7552000000.0,5748000000.0,16253000000.0,TSLA
2023-08-11,242.6499938964844,99038600,3130000000.0,7552000000.0,5748000000.0,16253000000.0,TSLA
2023-08-14,239.7599945068359,98595300,3130000000.0,7552000000.0,5748000000.0,16253000000.0,TSLA
2023-08-15,232.9600067138672,88197600,3130000000.0,7552000000.0,5748000000.0,16253000000.0,TSLA
2023-08-16,225.6000061035156,112484500,3130000000.0,7552000000.0,5748000000.0,16253000000.0,TSLA
2023-08-17,219.22000122070312,120718400,3130000000.0,7552000000.0,5748000000.0,16253000000.0,TSLA
2023-08-18,215.4900054931641,136276600,3130000000.0,7552000000.0,5748000000.0,16253000000.0,TSLA
2023-08-21,231.27999877929688,135702700,3130000000.0,7552000000.0,5748000000.0,16253000000.0,TSLA
2023-08-22,233.19000244140625,130442800,3130000000.0,7552000000.0,5748000000.0,16253000000.0,TSLA
2023-08-23,236.86000061035156,101077600,3130000000.0,7552000000.0,5748000000.0,16253000000.0,TSLA
2023-08-24,230.0399932861328,99777400,3130000000.0,7552000000.0,5748000000.0,16253000000.0,TSLA
2023-08-25,238.58999633789065,106612200,3130000000.0,7552000000.0,5748000000.0,16253000000.0,TSLA
2023-08-28,238.82000732421875,107673700,3130000000.0,7552000000.0,5748000000.0,16253000000.0,TSLA
2023-08-29,257.17999267578125,134047600,3130000000.0,7552000000.0,5748000000.0,16253000000.0,TSLA
2023-08-30,256.8999938964844,121988400,3130000000.0,7552000000.0,5748000000.0,16253000000.0,TSLA
2023-08-31,258.0799865722656,108861700,3130000000.0,7552000000.0,5748000000.0,16253000000.0,TSLA
2023-09-01,245.0099945068359,132541600,3130000000.0,7552000000.0,5748000000.0,16253000000.0,TSLA
2023-09-05,256.489990234375,129469600,3130000000.0,7552000000.0,5748000000.0,16253000000.0,TSLA
2023-09-06,251.9199981689453,116959800,3130000000.0,7552000000.0,5748000000.0,16253000000.0,TSLA
2023-09-07,251.4900054931641,115312900,3130000000.0,7552000000.0,5748000000.0,16253000000.0,TSLA
2023-09-08,248.5,118367700,3130000000.0,7552000000.0,5748000000.0,16253000000.0,TSLA
2023-09-11,273.5799865722656,174667900,3130000000.0,7552000000.0,5748000000.0,16253000000.0,TSLA
2023-09-12,267.4800109863281,135999900,3130000000.0,7552000000.0,5748000000.0,16253000000.0,TSLA
2023-09-13,271.29998779296875,111673700,3130000000.0,7552000000.0,5748000000.0,16253000000.0,TSLA
2023-09-14,276.0400085449219,107709800,3130000000.0,7552000000.0,5748000000.0,16253000000.0,TSLA
2023-09-15,274.3900146484375,133692300,3130000000.0,7552000000.0,5748000000.0,16253000000.0,TSLA
2023-09-18,265.2799987792969,101543300,3130000000.0,7552000000.0,5748000000.0,16253000000.0,TSLA
2023-09-19,266.5,103704000,3130000000.0,7552000000.0,5748000000.0,16253000000.0,TSLA
2023-09-20,262.5899963378906,122514600,3130000000.0,7552000000.0,5748000000.0,16253000000.0,TSLA
2023-09-21,255.6999969482422,119951500,3130000000.0,7552000000.0,5748000000.0,16253000000.0,TSLA
2023-09-22,244.8800048828125,127524100,3130000000.0,7552000000.0,5748000000.0,16253000000.0,TSLA
2023-09-25,246.9900054931641,104636600,3130000000.0,7552000000.0,5748000000.0,16253000000.0,TSLA
2023-09-26,244.1199951171875,101993600,3130000000.0,7552000000.0,5748000000.0,16253000000.0,TSLA
2023-09-27,240.5,136597200,3130000000.0,7552000000.0,5748000000.0,16253000000.0,TSLA
2023-09-28,246.3800048828125,117058900,3130000000.0,7552000000.0,5748000000.0,16253000000.0,TSLA
2023-09-29,250.22000122070312,128522700,3130000000.0,7552000000.0,5748000000.0,16253000000.0,TSLA
2023-10-02,251.6000061035156,123810400,3130000000.0,7552000000.0,5748000000.0,16253000000.0,TSLA
2023-10-03,246.52999877929688,101985300,3130000000.0,7552000000.0,5748000000.0,16253000000.0,TSLA
2023-10-04,261.1600036621094,129721600,3130000000.0,7552000000.0,5748000000.0,16253000000.0,TSLA
2023-10-05,260.04998779296875,119159200,3130000000.0,7552000000.0,5748000000.0,16253000000.0,TSLA
2023-10-06,260.5299987792969,118121800,3130000000.0,7552000000.0,5748000000.0,16253000000.0,TSLA
2023-10-09,259.6700134277344,101377900,3130000000.0,7552000000.0,5748000000.0,16253000000.0,TSLA
2023-10-10,263.6199951171875,122656000,3130000000.0,7552000000.0,5748000000.0,16253000000.0,TSLA
2023-10-11,262.989990234375,103706300,3130000000.0,7552000000.0,5748000000.0,16253000000.0,TSLA
2023-10-12,258.8699951171875,111508100,3130000000.0,7552000000.0,5748000000.0,16253000000.0,TSLA
2023-10-13,251.1199951171875,102073800,3130000000.0,7552000000.0,5748000000.0,16253000000.0,TSLA
2023-10-16,253.9199981689453,88917200,3130000000.0,7552000000.0,5748000000.0,16253000000.0,TSLA
2023-10-17,254.8500061035156,93562900,3130000000.0,7552000000.0,5748000000.0,16253000000.0,TSLA
2023-10-18,242.67999267578125,125147800,3130000000.0,7552000000.0,5748000000.0,16253000000.0,TSLA
2023-10-19,220.11000061035156,170772700,3130000000.0,7552000000.0,5748000000.0,16253000000.0,TSLA
2023-10-20,211.9900054931641,138010100,3130000000.0,7552000000.0,5748000000.0,16253000000.0,TSLA
2023-10-23,212.0800018310547,150683400,3130000000.0,7552000000.0,5748000000.0,16253000000.0,TSLA
2023-10-24,216.52000427246097,118231100,3130000000.0,7552000000.0,5748000000.0,16253000000.0,TSLA
2023-10-25,212.4199981689453,107065100,3130000000.0,7552000000.0,5748000000.0,16253000000.0,TSLA
2023-10-26,205.7599945068359,115112600,3130000000.0,7552000000.0,5748000000.0,16253000000.0,TSLA
2023-10-27,207.3000030517578,94881200,3130000000.0,7552000000.0,5748000000.0,16253000000.0,TSLA
2023-10-30,197.36000061035156,136448200,3130000000.0,7552000000.0,5748000000.0,16253000000.0,TSLA
2023-10-31,200.83999633789065,118068300,3130000000.0,7552000000.0,5748000000.0,16253000000.0,TSLA
2023-11-01,205.66000366210935,121661700,3130000000.0,7552000000.0,5748000000.0,16253000000.0,TSLA
2023-11-02,218.5099945068359,125987600,3130000000.0,7552000000.0,5748000000.0,16253000000.0,TSLA
2023-11-03,219.9600067138672,119534800,3130000000.0,7552000000.0,5748000000.0,16253000000.0,TSLA
2023-11-06,219.27000427246097,117335800,3130000000.0,7552000000.0,5748000000.0,16253000000.0,TSLA
2023-11-07,222.17999267578125,116900100,3130000000.0,7552000000.0,5748000000.0,16253000000.0,TSLA
2023-11-08,222.11000061035156,106584800,3130000000.0,7552000000.0,5748000000.0,16253000000.0,TSLA
2023-11-09,209.97999572753903,142110500,3130000000.0,7552000000.0,5748000000.0,16253000000.0,TSLA
2023-11-10,214.6499938964844,130994000,3130000000.0,7552000000.0,5748000000.0,16253000000.0,TSLA
2023-11-13,223.7100067138672,140447600,3130000000.0,7552000000.0,5748000000.0,16253000000.0,TSLA
2023-11-14,237.41000366210935,149771600,3130000000.0,7552000000.0,5748000000.0,16253000000.0,TSLA
2023-11-15,242.83999633789065,150354000,3130000000.0,7552000000.0,5748000000.0,16253000000.0,TSLA
2023-11-16,233.58999633789065,136816800,3130000000.0,7552000000.0,5748000000.0,16253000000.0,TSLA
2023-11-17,234.3000030517578,142532800,3130000000.0,7552000000.0,5748000000.0,16253000000.0,TSLA
2023-11-20,235.6000061035156,116320100,3130000000.0,7552000000.0,5748000000.0,16253000000.0,TSLA
2023-11-21,241.1999969482422,122288000,3130000000.0,7552000000.0,5748000000.0,16253000000.0,TSLA
2023-11-22,234.2100067138672,117950600,3130000000.0,7552000000.0,5748000000.0,16253000000.0,TSLA
2023-11-24,235.4499969482422,65125200,3130000000.0,7552000000.0,5748000000.0,16253000000.0,TSLA
2023-11-27,236.0800018310547,112031800,3130000000.0,7552000000.0,5748000000.0,16253000000.0,TSLA
2023-11-28,246.72000122070312,148549900,3130000000.0,7552000000.0,5748000000.0,16253000000.0,TSLA
2023-11-29,244.13999938964844,135401300,3130000000.0,7552000000.0,5748000000.0,16253000000.0,TSLA
2023-11-30,240.0800018310547,132353200,3130000000.0,7552000000.0,5748000000.0,16253000000.0,TSLA
2023-12-01,238.8300018310547,121331700,3130000000.0,7552000000.0,5748000000.0,16253000000.0,TSLA
2023-12-04,235.5800018310547,104099800,3130000000.0,7552000000.0,5748000000.0,16253000000.0,TSLA
2023-12-05,238.72000122070312,137971100,3130000000.0,7552000000.0,5748000000.0,16253000000.0,TSLA
2023-12-06,239.3699951171875,126436200,3130000000.0,7552000000.0,5748000000.0,16253000000.0,TSLA
2023-12-07,242.63999938964844,107142300,3130000000.0,7552000000.0,5748000000.0,16253000000.0,TSLA
2023-12-08,243.83999633789065,103126800,3130000000.0,7552000000.0,5748000000.0,16253000000.0,TSLA
2023-12-11,239.7400054931641,97913900,3130000000.0,7552000000.0,5748000000.0,16253000000.0,TSLA
2023-12-12,237.0099945068359,95328300,3130000000.0,7552000000.0,5748000000.0,16253000000.0,TSLA
2023-12-13,239.2899932861328,146286300,3130000000.0,7552000000.0,5748000000.0,16253000000.0,TSLA
2023-12-14,251.0500030517578,160829200,3130000000.0,7552000000.0,5748000000.0,16253000000.0,TSLA
2023-12-15,253.5,135932800,3130000000.0,7552000000.0,5748000000.0,16253000000.0,TSLA
2023-12-18,252.0800018310547,116416500,3130000000.0,7552000000.0,5748000000.0,16253000000.0,TSLA
2023-12-19,257.2200012207031,106737400,3130000000.0,7552000000.0,5748000000.0,16253000000.0,TSLA
2023-12-20,247.13999938964844,125097000,3130000000.0,7552000000.0,5748000000.0,16253000000.0,TSLA
2023-12-21,254.5,109594200,3130000000.0,7552000000.0,5748000000.0,16253000000.0,TSLA
2023-12-22,252.5399932861328,93370100,3130000000.0,7552000000.0,5748000000.0,16253000000.0,TSLA
2023-12-26,256.6099853515625,86892400,3130000000.0,7552000000.0,5748000000.0,16253000000.0,TSLA
2023-12-27,261.44000244140625,106494400,3130000000.0,7552000000.0,5748000000.0,16253000000.0,TSLA
2023-12-28,253.17999267578125,113619900,3130000000.0,7552000000.0,5748000000.0,16253000000.0,TSLA
2023-12-29,248.47999572753903,100891600,3130000000.0,7552000000.0,5748000000.0,16253000000.0,TSLA
2024-01-02,248.4199981689453,104654200,3173500000.0,4357000000.0,9573000000.0,16398000000.0,TSLA
2024-01-03,238.4499969482422,121082600,3173500000.0,4357000000.0,9573000000.0,16398000000.0,TSLA
2024-01-04,237.92999267578125,102629300,3173500000.0,4357000000.0,9573000000.0,16398000000.0,TSLA
2024-01-05,237.4900054931641,92488900,3173500000.0,4357000000.0,9573000000.0,16398000000.0,TSLA
2024-01-08,240.4499969482422,85166600,3173500000.0,4357000000.0,9573000000.0,16398000000.0,TSLA
2024-01-09,234.9600067138672,96705700,3173500000.0,4357000000.0,9573000000.0,16398000000.0,TSLA
2024-01-10,233.94000244140625,91628500,3173500000.0,4357000000.0,9573000000.0,16398000000.0,TSLA
2024-01-11,227.22000122070312,105873600,3173500000.0,4357000000.0,9573000000.0,16398000000.0,TSLA
2024-01-12,218.88999938964844,123043800,3173500000.0,4357000000.0,9573000000.0,16398000000.0,TSLA
2024-01-16,219.91000366210935,115355000,3173500000.0,4357000000.0,9573000000.0,16398000000.0,TSLA
2024-01-17,215.5500030517578,103164400,3173500000.0,4357000000.0,9573000000.0,16398000000.0,TSLA
2024-01-18,211.8800048828125,108595400,3173500000.0,4357000000.0,9573000000.0,16398000000.0,TSLA
2024-01-19,212.19000244140625,102260300,3173500000.0,4357000000.0,9573000000.0,16398000000.0,TSLA
2024-01-22,208.8000030517578,117952500,3173500000.0,4357000000.0,9573000000.0,16398000000.0,TSLA
2024-01-23,209.13999938964844,106605900,3173500000.0,4357000000.0,9573000000.0,16398000000.0,TSLA
2024-01-24,207.8300018310547,123369900,3173500000.0,4357000000.0,9573000000.0,16398000000.0,TSLA
2024-01-25,182.6300048828125,198076800,3173500000.0,4357000000.0,9573000000.0,16398000000.0,TSLA
2024-01-26,183.25,107343200,3173500000.0,4357000000.0,9573000000.0,16398000000.0,TSLA
2024-01-29,190.92999267578125,125013100,3173500000.0,4357000000.0,9573000000.0,16398000000.0,TSLA
2024-01-30,191.58999633789065,109982300,3173500000.0,4357000000.0,9573000000.0,16398000000.0,TSLA
2024-01-31,187.2899932861328,103221400,3173500000.0,4357000000.0,9573000000.0,16398000000.0,TSLA
2024-02-01,188.86000061035156,91843300,3173500000.0,4357000000.0,9573000000.0,16398000000.0,TSLA
2024-02-02,187.91000366210935,110612700,3173500000.0,4357000000.0,9573000000.0,16398000000.0,TSLA
2024-02-05,181.05999755859375,134294400,3173500000.0,4357000000.0,9573000000.0,16398000000.0,TSLA
2024-02-06,185.1000061035156,122676000,3173500000.0,4357000000.0,9573000000.0,16398000000.0,TSLA
2024-02-07,187.5800018310547,111535200,3173500000.0,4357000000.0,9573000000.0,16398000000.0,TSLA
2024-02-08,189.55999755859375,83034000,3173500000.0,4357000000.0,9573000000.0,16398000000.0,TSLA
2024-02-09,193.57000732421875,84476300,3173500000.0,4357000000.0,9573000000.0,16398000000.0,TSLA
2024-02-12,188.1300048828125,95498600,3173500000.0,4357000000.0,9573000000.0,16398000000.0,TSLA
2024-02-13,184.02000427246097,86759500,3173500000.0,4357000000.0,9573000000.0,16398000000.0,TSLA
2024-02-14,188.7100067138672,81203000,3173500000.0,4357000000.0,9573000000.0,16398000000.0,TSLA
2024-02-15,200.4499969482422,120831800,3173500000.0,4357000000.0,9573000000.0,16398000000.0,TSLA
2024-02-16,199.9499969482422,111346700,3173500000.0,4357000000.0,9573000000.0,16398000000.0,TSLA
2024-02-20,193.7599945068359,104545800,3173500000.0,4357000000.0,9573000000.0,16398000000.0,TSLA
2024-02-21,194.77000427246097,103500300,3173500000.0,4357000000.0,9573000000.0,16398000000.0,TSLA
2024-02-22,197.41000366210935,92739500,3173500000.0,4357000000.0,9573000000.0,16398000000.0,TSLA
2024-02-23,191.97000122070312,78841900,3173500000.0,4357000000.0,9573000000.0,16398000000.0,TSLA
2024-02-26,199.3999938964844,111747100,3173500000.0,4357000000.0,9573000000.0,16398000000.0,TSLA
2024-02-27,199.72999572753903,108645400,3173500000.0,4357000000.0,9573000000.0,16398000000.0,TSLA
2024-02-28,202.0399932861328,99806200,3173500000.0,4357000000.0,9573000000.0,16398000000.0,TSLA
2024-02-29,201.8800048828125,85907000,3173500000.0,4357000000.0,9573000000.0,16398000000.0,TSLA
2024-03-01,202.63999938964844,82243100,3173500000.0,4357000000.0,9573000000.0,16398000000.0,TSLA
2024-03-04,188.13999938964844,134334900,3173500000.0,4357000000.0,9573000000.0,16398000000.0,TSLA
2024-03-05,180.7400054931641,119660800,3173500000.0,4357000000.0,9573000000.0,16398000000.0,TSLA
2024-03-06,176.5399932861328,107920900,3173500000.0,4357000000.0,9573000000.0,16398000000.0,TSLA
2024-03-07,178.64999389648438,102129000,3173500000.0,4357000000.0,9573000000.0,16398000000.0,TSLA
2024-03-08,175.33999633789062,85544600,3173500000.0,4357000000.0,9573000000.0,16398000000.0,TSLA
2024-03-11,177.77000427246094,85391500,3173500000.0,4357000000.0,9573000000.0,16398000000.0,TSLA
2024-03-12,177.5399932861328,87391700,3173500000.0,4357000000.0,9573000000.0,16398000000.0,TSLA
2024-03-13,169.47999572753906,106524500,3173500000.0,4357000000.0,9573000000.0,16398000000.0,TSLA
2024-03-14,162.5,126325700,3173500000.0,4357000000.0,9573000000.0,16398000000.0,TSLA
2024-03-15,163.57000732421875,97146800,3173500000.0,4357000000.0,9573000000.0,16398000000.0,TSLA
2024-03-18,173.8000030517578,108214400,3173500000.0,4357000000.0,9573000000.0,16398000000.0,TSLA
2024-03-19,171.32000732421875,77271400,3173500000.0,4357000000.0,9573000000.0,16398000000.0,TSLA
2024-03-20,175.66000366210938,83846700,3173500000.0,4357000000.0,9573000000.0,16398000000.0,TSLA
2024-03-21,172.82000732421875,73178000,3173500000.0,4357000000.0,9573000000.0,16398000000.0,TSLA
2024-03-22,170.8300018310547,75580600,3173500000.0,4357000000.0,9573000000.0,16398000000.0,TSLA
2024-03-25,172.6300048828125,74228600,3173500000.0,4357000000.0,9573000000.0,16398000000.0,TSLA
2024-03-26,177.6699981689453,113186200,3173500000.0,4357000000.0,9573000000.0,16398000000.0,TSLA
2024-03-27,179.8300018310547,81804000,3173500000.0,4357000000.0,9573000000.0,16398000000.0,TSLA
2024-03-28,175.7899932861328,77654800,3173500000.0,4357000000.0,9573000000.0,16398000000.0,TSLA
2024-04-01,175.22000122070312,81562100,3173500000.0,4357000000.0,9573000000.0,16398000000.0,TSLA
2024-04-02,166.6300048828125,116650600,3173500000.0,4357000000.0,9573000000.0,16398000000.0,TSLA
2024-04-03,168.3800048828125,82950100,3173500000.0,4357000000.0,9573000000.0,16398000000.0,TSLA
2024-04-04,171.11000061035156,123162000,3173500000.0,4357000000.0,9573000000.0,16398000000.0,TSLA
2024-04-05,164.89999389648438,143157600,3173500000.0,4357000000.0,9573000000.0,16398000000.0,TSLA
2024-04-08,172.97999572753906,104423300,3173500000.0,4357000000.0,9573000000.0,16398000000.0,TSLA
2024-04-09,176.8800048828125,102951700,3173500000.0,4357000000.0,9573000000.0,16398000000.0,TSLA
2024-04-10,171.75999450683594,84532400,3173500000.0,4357000000.0,9573000000.0,16398000000.0,TSLA
2024-04-11,174.60000610351562,94516000,3173500000.0,4357000000.0,9573000000.0,16398000000.0,TSLA
2024-04-12,171.0500030517578,64722700,3173500000.0,4357000000.0,9573000000.0,16398000000.0,TSLA
2024-04-15,161.47999572753906,100245300,3173500000.0,4357000000.0,9573000000.0,16398000000.0,TSLA
2024-04-16,157.11000061035156,97000000,3173500000.0,4357000000.0,9573000000.0,16398000000.0,TSLA
2024-04-17,155.4499969482422,82439700,3173500000.0,4357000000.0,9573000000.0,16398000000.0,TSLA
2024-04-18,149.92999267578125,96098800,3173500000.0,4357000000.0,9573000000.0,16398000000.0,TSLA
2024-04-19,147.0500030517578,87074500,3173500000.0,4357000000.0,9573000000.0,16398000000.0,TSLA
2024-04-22,142.0500030517578,107097600,3173500000.0,4357000000.0,9573000000.0,16398000000.0,TSLA
2024-04-23,144.67999267578125,124545100,3173500000.0,4357000000.0,9573000000.0,16398000000.0,TSLA
2024-04-24,162.1300048828125,181178000,3173500000.0,4357000000.0,9573000000.0,16398000000.0,TSLA
2024-04-25,170.17999267578125,126427500,3173500000.0,4357000000.0,9573000000.0,16398000000.0,TSLA
2024-04-26,168.2899932861328,109815700,3173500000.0,4357000000.0,9573000000.0,16398000000.0,TSLA
2024-04-29,194.0500030517578,243869700,3173500000.0,4357000000.0,9573000000.0,16398000000.0,TSLA
2024-04-30,183.27999877929688,127031800,3173500000.0,4357000000.0,9573000000.0,16398000000.0,TSLA
2024-05-01,179.99000549316406,92829700,3173500000.0,4357000000.0,9573000000.0,16398000000.0,TSLA
2024-05-02,180.00999450683594,89148000,3173500000.0,4357000000.0,9573000000.0,16398000000.0,TSLA
2024-05-03,181.19000244140625,75491500,3173500000.0,4357000000.0,9573000000.0,16398000000.0,TSLA
2024-05-06,184.7599945068359,84390300,3173500000.0,4357000000.0,9573000000.0,16398000000.0,TSLA
2024-05-07,177.80999755859375,75045900,3173500000.0,4357000000.0,9573000000.0,16398000000.0,TSLA
2024-05-08,174.72000122070312,79969500,3173500000.0,4357000000.0,9573000000.0,16398000000.0,TSLA
2024-05-09,171.97000122070312,65950300,3173500000.0,4357000000.0,9573000000.0,16398000000.0,TSLA
2024-05-10,168.47000122070312,72627200,3173500000.0,4357000000.0,9573000000.0,16398000000.0,TSLA
2024-05-13,171.88999938964844,67018900,3173500000.0,4357000000.0,9573000000.0,16398000000.0,TSLA
2024-05-14,177.5500030517578,86407400,3173500000.0,4357000000.0,9573000000.0,16398000000.0,TSLA
2024-05-15,173.99000549316406,79663000,3173500000.0,4357000000.0,9573000000.0,16398000000.0,TSLA
2024-05-16,174.83999633789062,59812200,3173500000.0,4357000000.0,9573000000.0,16398000000.0,TSLA
2024-05-17,177.4600067138672,77445800,3173500000.0,4357000000.0,9573000000.0,16398000000.0,TSLA
2024-05-20,174.9499969482422,61727400,3173500000.0,4357000000.0,9573000000.0,16398000000.0,TSLA
2024-05-21,186.6000061035156,115266500,3173500000.0,4357000000.0,9573000000.0,16398000000.0,TSLA
2024-05-22,180.11000061035156,88313500,3173500000.0,4357000000.0,9573000000.0,16398000000.0,TSLA
2024-05-23,173.74000549316406,71975500,3173500000.0,4357000000.0,9573000000.0,16398000000.0,TSLA
2024-05-24,179.24000549316406,65584500,3173500000.0,4357000000.0,9573000000.0,16398000000.0,TSLA
2024-05-28,176.75,59736600,3173500000.0,4357000000.0,9573000000.0,16398000000.0,TSLA
2024-05-29,176.19000244140625,54782600,3173500000.0,4357000000.0,9573000000.0,16398000000.0,TSLA
2024-05-30,178.7899932861328,77618400,3173500000.0,4357000000.0,9573000000.0,16398000000.0,TSLA
2024-05-31,178.0800018310547,67314600,3173500000.0,4357000000.0,9573000000.0,16398000000.0,TSLA
2024-06-03,176.2899932861328,68568900,3173500000.0,4357000000.0,9573000000.0,16398000000.0,TSLA
2024-06-04,174.77000427246094,60056300,3173500000.0,4357000000.0,9573000000.0,16398000000.0,TSLA
2024-06-05,175.0,57953800,3173500000.0,4357000000.0,9573000000.0,16398000000.0,TSLA
2024-06-06,177.94000244140625,69887000,3173500000.0,4357000000.0,9573000000.0,16398000000.0,TSLA
2024-06-07,177.47999572753906,56244900,3173500000.0,4357000000.0,9573000000.0,16398000000.0,TSLA
2024-06-10,173.7899932861328,50774600,3173500000.0,4357000000.0,9573000000.0,16398000000.0,TSLA
2024-06-11,170.66000366210938,64761900,3173500000.0,4357000000.0,9573000000.0,16398000000.0,TSLA
2024-06-12,177.2899932861328,90389400,3173500000.0,4357000000.0,9573000000.0,16398000000.0,TSLA
2024-06-13,182.47000122070312,118984100,3173500000.0,4357000000.0,9573000000.0,16398000000.0,TSLA
2024-06-14,178.00999450683594,82038200,3173500000.0,4357000000.0,9573000000.0,16398000000.0,TSLA
2024-06-17,187.44000244140625,109786100,3173500000.0,4357000000.0,9573000000.0,16398000000.0,TSLA
2024-06-18,184.86000061035156,68982300,3173500000.0,4357000000.0,9573000000.0,16398000000.0,TSLA
2024-06-20,181.57000732421875,55893100,3173500000.0,4357000000.0,9573000000.0,16398000000.0,TSLA
2024-06-21,183.0099945068359,61937300,3173500000.0,4357000000.0,9573000000.0,16398000000.0,TSLA
2024-06-24,182.5800018310547,61992100,3173500000.0,4357000000.0,9573000000.0,16398000000.0,TSLA
2024-06-25,187.3500061035156,62905700,3173500000.0,4357000000.0,9573000000.0,16398000000.0,TSLA
2024-06-26,196.3699951171875,95737100,3173500000.0,4357000000.0,9573000000.0,16398000000.0,TSLA
2024-06-27,197.4199981689453,72746500,3173500000.0,4357000000.0,9573000000.0,16398000000.0,TSLA
2024-06-28,197.8800048828125,95438100,3173500000.0,4357000000.0,9573000000.0,16398000000.0,TSLA
2024-07-01,209.86000061035156,135691400,3173500000.0,4357000000.0,9573000000.0,16398000000.0,TSLA
2024-07-02,231.2599945068359,205047900,3173500000.0,4357000000.0,9573000000.0,16398000000.0,TSLA
2024-07-03,246.38999938964844,166561500,3173500000.0,4357000000.0,9573000000.0,16398000000.0,TSLA
2024-07-05,251.52000427246097,154501200,3173500000.0,4357000000.0,9573000000.0,16398000000.0,TSLA
2024-07-08,252.94000244140625,157219600,3173500000.0,4357000000.0,9573000000.0,16398000000.0,TSLA
2024-07-09,262.3299865722656,160210900,3173500000.0,4357000000.0,9573000000.0,16398000000.0,TSLA
2024-07-10,263.260009765625,128519400,3173500000.0,4357000000.0,9573000000.0,16398000000.0,TSLA
2024-07-11,241.02999877929688,221707300,3173500000.0,4357000000.0,9573000000.0,16398000000.0,TSLA
2024-07-12,248.22999572753903,155955800,3173500000.0,4357000000.0,9573000000.0,16398000000.0,TSLA
2024-07-15,252.63999938964844,146912900,3173500000.0,4357000000.0,9573000000.0,16398000000.0,TSLA
2024-07-16,256.55999755859375,126332500,3173500000.0,4357000000.0,9573000000.0,16398000000.0,TSLA
2024-07-17,248.5,115584800,3173500000.0,4357000000.0,9573000000.0,16398000000.0,TSLA
2024-07-18,249.22999572753903,110869000,3173500000.0,4357000000.0,9573000000.0,16398000000.0,TSLA
2024-07-19,239.1999969482422,87403900,3173500000.0,4357000000.0,9573000000.0,16398000000.0,TSLA
2024-07-22,251.5099945068359,101225400,3173500000.0,4357000000.0,9573000000.0,16398000000.0,TSLA
2024-07-23,246.3800048828125,111928200,3173500000.0,4357000000.0,9573000000.0,16398000000.0,TSLA
2024-07-24,215.9900054931641,167942900,3173500000.0,4357000000.0,9573000000.0,16398000000.0,TSLA
2024-07-25,220.25,100636500,3173500000.0,4357000000.0,9573000000.0,16398000000.0,TSLA
2024-07-26,219.8000030517578,94604100,3173500000.0,4357000000.0,9573000000.0,16398000000.0,TSLA
2024-07-29,232.1000061035156,129201800,3173500000.0,4357000000.0,9573000000.0,16398000000.0,TSLA
2024-07-30,222.6199951171875,100560300,3173500000.0,4357000000.0,9573000000.0,16398000000.0,TSLA
2024-07-31,232.07000732421875,67497000,3173500000.0,4357000000.0,9573000000.0,16398000000.0,TSLA
2024-08-01,216.86000061035156,83861900,3173500000.0,4357000000.0,9573000000.0,16398000000.0,TSLA
2024-08-02,207.6699981689453,82880100,3173500000.0,4357000000.0,9573000000.0,16398000000.0,TSLA
2024-08-05,198.8800048828125,100308800,3173500000.0,4357000000.0,9573000000.0,16398000000.0,TSLA
2024-08-06,200.63999938964844,73783900,3173500000.0,4357000000.0,9573000000.0,16398000000.0,TSLA
2024-08-07,191.7599945068359,71159800,3173500000.0,4357000000.0,9573000000.0,16398000000.0,TSLA
2024-08-08,198.83999633789065,65033900,3173500000.0,4357000000.0,9573000000.0,16398000000.0,TSLA
2024-08-09,200.0,58648300,3173500000.0,4357000000.0,9573000000.0,16398000000.0,TSLA
2024-08-12,197.4900054931641,64044900,3173500000.0,4357000000.0,9573000000.0,16398000000.0,TSLA
2024-08-13,207.8300018310547,76247400,3173500000.0,4357000000.0,9573000000.0,16398000000.0,TSLA
2024-08-14,201.3800048828125,70250000,3173500000.0,4357000000.0,9573000000.0,16398000000.0,TSLA
2024-08-15,214.13999938964844,89848500,3173500000.0,4357000000.0,9573000000.0,16398000000.0,TSLA
2024-08-16,216.1199951171875,88765100,3173500000.0,4357000000.0,9573000000.0,16398000000.0,TSLA
2024-08-19,222.72000122070312,76435200,3173500000.0,4357000000.0,9573000000.0,16398000000.0,TSLA
2024-08-20,221.1000061035156,74001200,3173500000.0,4357000000.0,9573000000.0,16398000000.0,TSLA
2024-08-21,223.27000427246097,70146000,3173500000.0,4357000000.0,9573000000.0,16398000000.0,TSLA
2024-08-22,210.66000366210935,79514500,3173500000.0,4357000000.0,9573000000.0,16398000000.0,TSLA
2024-08-23,220.32000732421875,81525200,3173500000.0,4357000000.0,9573000000.0,16398000000.0,TSLA
2024-08-26,213.2100067138672,59301200,3173500000.0,4357000000.0,9573000000.0,16398000000.0,TSLA
2024-08-27,209.2100067138672,62821400,3173500000.0,4357000000.0,9573000000.0,16398000000.0,TSLA
2024-08-28,205.75,64116400,3173500000.0,4357000000.0,9573000000.0,16398000000.0,TSLA
2024-08-29,206.27999877929688,62308800,3173500000.0,4357000000.0,9573000000.0,16398000000.0,TSLA
2024-08-30,214.11000061035156,63370600,3173500000.0,4357000000.0,9573000000.0,16398000000.0,TSLA
2024-09-03,210.6000061035156,76714200,3173500000.0,4357000000.0,9573000000.0,16398000000.0,TSLA
2024-09-04,219.41000366210935,80651800,3173500000.0,4357000000.0,9573000000.0,16398000000.0,TSLA
2024-09-05,230.1699981689453,119355000,3173500000.0,4357000000.0,9573000000.0,16398000000.0,TSLA
2024-09-06,210.72999572753903,112177000,3173500000.0,4357000000.0,9573000000.0,16398000000.0,TSLA
2024-09-09,216.27000427246097,67443500,3173500000.0,4357000000.0,9573000000.0,16398000000.0,TSLA
2024-09-10,226.1699981689453,78891100,3173500000.0,4357000000.0,9573000000.0,16398000000.0,TSLA
2024-09-11,228.1300048828125,83548600,3173500000.0,4357000000.0,9573000000.0,16398000000.0,TSLA
2024-09-12,229.80999755859375,71894900,3173500000.0,4357000000.0,9573000000.0,16398000000.0,TSLA
2024-09-13,230.2899932861328,59515100,3173500000.0,4357000000.0,9573000000.0,16398000000.0,TSLA
2024-09-16,226.77999877929688,54323000,3173500000.0,4357000000.0,9573000000.0,16398000000.0,TSLA
2024-09-17,227.8699951171875,66761600,3173500000.0,4357000000.0,9573000000.0,16398000000.0,TSLA
2024-09-18,227.1999969482422,78010200,3173500000.0,4357000000.0,9573000000.0,16398000000.0,TSLA
2024-09-19,243.9199981689453,102694600,3173500000.0,4357000000.0,9573000000.0,16398000000.0,TSLA
2024-09-20,238.25,99879100,3173500000.0,4357000000.0,9573000000.0,16398000000.0,TSLA
2024-09-23,250.0,86927200,3173500000.0,4357000000.0,9573000000.0,16398000000.0,TSLA
2024-09-24,254.27000427246097,88491000,3173500000.0,4357000000.0,9573000000.0,16398000000.0,TSLA
2024-09-25,257.0199890136719,65034300,3173500000.0,4357000000.0,9573000000.0,16398000000.0,TSLA
2024-09-26,254.22000122070312,67142200,3173500000.0,4357000000.0,9573000000.0,16398000000.0,TSLA
2024-09-27,260.4599914550781,70988100,3173500000.0,4357000000.0,9573000000.0,16398000000.0,TSLA
2024-09-30,261.6300048828125,80705700,3173500000.0,4357000000.0,9573000000.0,16398000000.0,TSLA
2024-10-01,258.0199890136719,87397600,3173500000.0,4357000000.0,9573000000.0,16398000000.0,TSLA
2024-10-02,249.02000427246097,93983900,3173500000.0,4357000000.0,9573000000.0,16398000000.0,TSLA
2024-10-03,240.66000366210935,80729200,3173500000.0,4357000000.0,9573000000.0,16398000000.0,TSLA
2024-10-04,250.0800018310547,86573200,3173500000.0,4357000000.0,9573000000.0,16398000000.0,TSLA
2024-10-07,240.8300018310547,68113300,3173500000.0,4357000000.0,9573000000.0,16398000000.0,TSLA
2024-10-08,244.5,56303200,3173500000.0,4357000000.0,9573000000.0,16398000000.0,TSLA
2024-10-09,241.0500030517578,66289500,3173500000.0,4357000000.0,9573000000.0,16398000000.0,TSLA
2024-10-10,238.77000427246097,83087100,3173500000.0,4357000000.0,9573000000.0,16398000000.0,TSLA
2024-10-11,217.8000030517578,142628900,3173500000.0,4357000000.0,9573000000.0,16398000000.0,TSLA
2024-10-14,219.16000366210935,86291900,3173500000.0,4357000000.0,9573000000.0,16398000000.0,TSLA
2024-10-15,219.57000732421875,62988800,3173500000.0,4357000000.0,9573000000.0,16398000000.0,TSLA
2024-10-16,221.3300018310547,49632800,3173500000.0,4357000000.0,9573000000.0,16398000000.0,TSLA
2024-10-17,220.88999938964844,50791800,3173500000.0,4357000000.0,9573000000.0,16398000000.0,TSLA
2024-10-18,220.6999969482422,49611900,3173500000.0,4357000000.0,9573000000.0,16398000000.0,TSLA
2024-10-21,218.8500061035156,47329000,3173500000.0,4357000000.0,9573000000.0,16398000000.0,TSLA
2024-10-22,217.97000122070312,43268700,3173500000.0,4357000000.0,9573000000.0,16398000000.0,TSLA
2024-10-23,213.6499938964844,80938900,3173500000.0,4357000000.0,9573000000.0,16398000000.0,TSLA
2024-10-24,260.4800109863281,204491900,3173500000.0,4357000000.0,9573000000.0,16398000000.0,TSLA
2024-10-25,269.19000244140625,161611900,3173500000.0,4357000000.0,9573000000.0,16398000000.0,TSLA
2024-10-28,262.510009765625,107653600,3173500000.0,4357000000.0,9573000000.0,16398000000.0,TSLA
2024-10-29,259.5199890136719,80521800,3173500000.0,4357000000.0,9573000000.0,16398000000.0,TSLA
2024-10-30,257.54998779296875,53993600,3173500000.0,4357000000.0,9573000000.0,16398000000.0,TSLA
2024-10-31,249.8500061035156,66575300,3173500000.0,4357000000.0,9573000000.0,16398000000.0,TSLA
2024-11-01,248.97999572753903,57544800,3173500000.0,4357000000.0,9573000000.0,16398000000.0,TSLA
2024-11-04,242.83999633789065,68802400,3173500000.0,4357000000.0,9573000000.0,16398000000.0,TSLA
2024-11-05,251.44000244140625,69282500,3173500000.0,4357000000.0,9573000000.0,16398000000.0,TSLA
2024-11-06,288.5299987792969,165228700,3173500000.0,4357000000.0,9573000000.0,16398000000.0,TSLA
2024-11-07,296.9100036621094,117309200,3173500000.0,4357000000.0,9573000000.0,16398000000.0,TSLA
2024-11-08,321.2200012207031,204782800,3173500000.0,4357000000.0,9573000000.0,16398000000.0,TSLA
2024-11-11,350.0,210521600,3173500000.0,4357000000.0,9573000000.0,16398000000.0,TSLA
2024-11-12,328.489990234375,155726000,3173500000.0,4357000000.0,9573000000.0,16398000000.0,TSLA
2024-11-13,330.239990234375,125405600,3173500000.0,4357000000.0,9573000000.0,16398000000.0,TSLA
2024-11-14,311.17999267578125,120726100,3173500000.0,4357000000.0,9573000000.0,16398000000.0,TSLA
2024-11-15,320.7200012207031,114440300,3173500000.0,4357000000.0,9573000000.0,16398000000.0,TSLA
2024-11-18,338.739990234375,126085600,3173500000.0,4357000000.0,9573000000.0,16398000000.0,TSLA
2024-11-19,346.0,88852500,3173500000.0,4357000000.0,9573000000.0,16398000000.0,TSLA
2024-11-20,342.0299987792969,66340700,3173500000.0,4357000000.0,9573000000.0,16398000000.0,TSLA
2024-11-21,339.6400146484375,58011700,3173500000.0,4357000000.0,9573000000.0,16398000000.0,TSLA
2024-11-22,352.55999755859375,89140700,3173500000.0,4357000000.0,9573000000.0,16398000000.0,TSLA
2024-11-25,338.5899963378906,95890900,3173500000.0,4357000000.0,9573000000.0,16398000000.0,TSLA
2024-11-26,338.2300109863281,62295900,3173500000.0,4357000000.0,9573000000.0,16398000000.0,TSLA
2024-11-27,332.8900146484375,57896400,3173500000.0,4357000000.0,9573000000.0,16398000000.0,TSLA
2024-11-29,345.1600036621094,37167600,3173500000.0,4357000000.0,9573000000.0,16398000000.0,TSLA
2024-12-02,357.0899963378906,77986500,3173500000.0,4357000000.0,9573000000.0,16398000000.0,TSLA
2024-12-03,351.4200134277344,58267200,3173500000.0,4357000000.0,9573000000.0,16398000000.0,TSLA
2024-12-04,357.92999267578125,50810900,3173500000.0,4357000000.0,9573000000.0,16398000000.0,TSLA
2024-12-05,369.489990234375,81403600,3173500000.0,4357000000.0,9573000000.0,16398000000.0,TSLA
2024-12-06,389.2200012207031,81455800,3173500000.0,4357000000.0,9573000000.0,16398000000.0,TSLA
2024-12-09,389.7900085449219,96359200,3173500000.0,4357000000.0,9573000000.0,16398000000.0,TSLA
2024-12-10,400.989990234375,97563600,3173500000.0,4357000000.0,9573000000.0,16398000000.0,TSLA
2024-12-11,424.7699890136719,104287600,3173500000.0,4357000000.0,9573000000.0,16398000000.0,TSLA
2024-12-12,418.1000061035156,87752200,3173500000.0,4357000000.0,9573000000.0,16398000000.0,TSLA
2024-12-13,436.2300109863281,89000200,3173500000.0,4357000000.0,9573000000.0,16398000000.0,TSLA
2024-12-16,463.0199890136719,114083800,3173500000.0,4357000000.0,9573000000.0,16398000000.0,TSLA
2024-12-17,479.8599853515625,131223000,3173500000.0,4357000000.0,9573000000.0,16398000000.0,TSLA
2024-12-18,440.1300048828125,149340800,3173500000.0,4357000000.0,9573000000.0,16398000000.0,TSLA
2024-12-19,436.1700134277344,118566100,3173500000.0,4357000000.0,9573000000.0,16398000000.0,TSLA
2024-12-20,421.05999755859375,132216200,3173500000.0,4357000000.0,9573000000.0,16398000000.0,TSLA
2024-12-23,430.6000061035156,72698100,3173500000.0,4357000000.0,9573000000.0,16398000000.0,TSLA
2024-12-24,462.2799987792969,59551800,3173500000.0,4357000000.0,9573000000.0,16398000000.0,TSLA
2024-12-26,454.1300048828125,76366400,3173500000.0,4357000000.0,9573000000.0,16398000000.0,TSLA
2024-12-27,431.6600036621094,82666800,3173500000.0,4357000000.0,9573000000.0,16398000000.0,TSLA
2024-12-30,417.4100036621094,64941000,3173500000.0,4357000000.0,9573000000.0,16398000000.0,TSLA
2024-12-31,403.8399963378906,76825100,3197000000.0,3581000000.0,13623000000.0,16139000000.0,TSLA
2025-01-02,379.2799987792969,109710700,3197000000.0,3581000000.0,13623000000.0,16139000000.0,TSLA
2025-01-03,410.44000244140625,95423300,3197000000.0,3581000000.0,13623000000.0,16139000000.0,TSLA
2025-01-06,411.0499877929687,85516500,3197000000.0,3581000000.0,13623000000.0,16139000000.0,TSLA
2025-01-07,394.3599853515625,75699500,3197000000.0,3581000000.0,13623000000.0,16139000000.0,TSLA
2025-01-08,394.94000244140625,73038800,3197000000.0,3581000000.0,13623000000.0,16139000000.0,TSLA
2025-01-10,394.739990234375,62287300,3197000000.0,3581000000.0,13623000000.0,16139000000.0,TSLA
2025-01-13,403.30999755859375,67580500,3197000000.0,3581000000.0,13623000000.0,16139000000.0,TSLA
2025-01-14,396.3599853515625,84565000,3197000000.0,3581000000.0,13623000000.0,16139000000.0,TSLA
2025-01-15,428.2200012207031,81375500,3197000000.0,3581000000.0,13623000000.0,16139000000.0,TSLA
2025-01-16,413.8200073242187,68335200,3197000000.0,3581000000.0,13623000000.0,16139000000.0,TSLA
2025-01-17,426.5,94991400,3197000000.0,3581000000.0,13623000000.0,16139000000.0,TSLA
2025-01-21,424.0700073242187,87320900,3197000000.0,3581000000.0,13623000000.0,16139000000.0,TSLA
2025-01-22,415.1099853515625,60963300,3197000000.0,3581000000.0,13623000000.0,16139000000.0,TSLA
2025-01-23,412.3800048828125,50690600,3197000000.0,3581000000.0,13623000000.0,16139000000.0,TSLA
2025-01-24,406.5799865722656,56427100,3197000000.0,3581000000.0,13623000000.0,16139000000.0,TSLA
2025-01-27,397.1499938964844,58125500,3197000000.0,3581000000.0,13623000000.0,16139000000.0,TSLA
2025-01-28,398.0899963378906,48910700,3197000000.0,3581000000.0,13623000000.0,16139000000.0,TSLA
2025-01-29,389.1000061035156,68033600,3197000000.0,3581000000.0,13623000000.0,16139000000.0,TSLA
2025-01-30,400.2799987792969,98092900,3197000000.0,3581000000.0,13623000000.0,16139000000.0,TSLA
2025-01-31,404.6000061035156,83283600,3197000000.0,3581000000.0,13623000000.0,16139000000.0,TSLA
2025-02-03,383.6799926757813,93732100,3197000000.0,3581000000.0,13623000000.0,16139000000.0,TSLA
2025-02-04,392.2099914550781,57072200,3197000000.0,3581000000.0,13623000000.0,16139000000.0,TSLA
2025-02-05,378.1700134277344,57223300,3197000000.0,3581000000.0,13623000000.0,16139000000.0,TSLA
2025-02-06,374.3200073242187,77918200,3197000000.0,3581000000.0,13623000000.0,16139000000.0,TSLA
2025-02-07,361.6199951171875,70298300,3197000000.0,3581000000.0,13623000000.0,16139000000.0,TSLA
2025-02-10,350.7300109863281,77514900,3197000000.0,3581000000.0,13623000000.0,16139000000.0,TSLA
2025-02-11,328.5,118543400,3197000000.0,3581000000.0,13623000000.0,16139000000.0,TSLA
2025-02-12,336.510009765625,105382700,3197000000.0,3581000000.0,13623000000.0,16139000000.0,TSLA
2025-02-13,355.94000244140625,89441500,3197000000.0,3581000000.0,13623000000.0,16139000000.0,TSLA
2025-02-14,355.8399963378906,68277300,3197000000.0,3581000000.0,13623000000.0,16139000000.0,TSLA
2025-02-18,354.1099853515625,51631700,3197000000.0,3581000000.0,13623000000.0,16139000000.0,TSLA
2025-02-19,360.55999755859375,67094400,3197000000.0,3581000000.0,13623000000.0,16139000000.0,TSLA
2025-02-20,354.3999938964844,45965400,3197000000.0,3581000000.0,13623000000.0,16139000000.0,TSLA
2025-02-21,337.79998779296875,74058600,3197000000.0,3581000000.0,13623000000.0,16139000000.0,TSLA
2025-02-24,330.5299987792969,76052300,3197000000.0,3581000000.0,13623000000.0,16139000000.0,TSLA
2025-02-25,302.79998779296875,134228800,3197000000.0,3581000000.0,13623000000.0,16139000000.0,TSLA
2025-02-26,290.79998779296875,100118300,3197000000.0,3581000000.0,13623000000.0,16139000000.0,TSLA
2025-02-27,281.95001220703125,101748200,3197000000.0,3581000000.0,13623000000.0,16139000000.0,TSLA
2025-02-28,292.9800109863281,115697000,3197000000.0,3581000000.0,13623000000.0,16139000000.0,TSLA
2025-03-03,284.6499938964844,115551400,3197000000.0,3581000000.0,13623000000.0,16139000000.0,TSLA
2025-03-04,272.0400085449219,126706600,3197000000.0,3581000000.0,13623000000.0,16139000000.0,TSLA
2025-03-05,279.1000061035156,94042900,3197000000.0,3581000000.0,13623000000.0,16139000000.0,TSLA
2025-03-06,263.45001220703125,98451600,3197000000.0,3581000000.0,13623000000.0,16139000000.0,TSLA
2025-03-07,262.6700134277344,102369600,3197000000.0,3581000000.0,13623000000.0,16139000000.0,TSLA
2025-03-10,222.1499938964844,189076900,3197000000.0,3581000000.0,13623000000.0,16139000000.0,TSLA
2025-03-11,230.5800018310547,174896400,3197000000.0,3581000000.0,13623000000.0,16139000000.0,TSLA
2025-03-12,248.08999633789065,142215700,3197000000.0,3581000000.0,13623000000.0,16139000000.0,TSLA
2025-03-13,240.67999267578125,114813500,3197000000.0,3581000000.0,13623000000.0,16139000000.0,TSLA
2025-03-14,249.97999572753903,100242300,3197000000.0,3581000000.0,13623000000.0,16139000000.0,TSLA
2025-03-17,238.0099945068359,111900600,3197000000.0,3581000000.0,13623000000.0,16139000000.0,TSLA
2025-03-18,225.30999755859375,111477600,3197000000.0,3581000000.0,13623000000.0,16139000000.0,TSLA
2025-03-19,235.86000061035156,111993800,3197000000.0,3581000000.0,13623000000.0,16139000000.0,TSLA
2025-03-20,236.2599945068359,99028300,3197000000.0,3581000000.0,13623000000.0,16139000000.0,TSLA
2025-03-21,248.7100067138672,132728700,3197000000.0,3581000000.0,13623000000.0,16139000000.0,TSLA
2025-03-24,278.3900146484375,169079900,3197000000.0,3581000000.0,13623000000.0,16139000000.0,TSLA
2025-03-25,288.1400146484375,150361500,3197000000.0,3581000000.0,13623000000.0,16139000000.0,TSLA
2025-03-26,272.05999755859375,153629800,3197000000.0,3581000000.0,13623000000.0,16139000000.0,TSLA
2025-03-27,273.1300048828125,162572100,3197000000.0,3581000000.0,13623000000.0,16139000000.0,TSLA
2025-03-28,263.54998779296875,123809400,3197000000.0,3581000000.0,13623000000.0,16139000000.0,TSLA
2025-03-31,259.1600036621094,134008900,3197000000.0,3581000000.0,13623000000.0,16139000000.0,TSLA
2025-04-01,268.4599914550781,146486900,3197000000.0,3581000000.0,13623000000.0,16139000000.0,TSLA
2025-04-02,282.760009765625,212787800,3197000000.0,3581000000.0,13623000000.0,16139000000.0,TSLA
2025-04-03,267.2799987792969,136174300,3197000000.0,3581000000.0,13623000000.0,16139000000.0,TSLA
2025-04-04,239.42999267578125,181229400,3197000000.0,3581000000.0,13623000000.0,16139000000.0,TSLA
2025-04-07,233.2899932861328,183453800,3197000000.0,3581000000.0,13623000000.0,16139000000.0,TSLA
2025-04-08,221.86000061035156,171603500,3197000000.0,3581000000.0,13623000000.0,16139000000.0,TSLA
2025-04-09,272.20001220703125,219433400,3197000000.0,3581000000.0,13623000000.0,16139000000.0,TSLA
2025-04-10,252.3999938964844,181722600,3197000000.0,3581000000.0,13623000000.0,16139000000.0,TSLA
2025-04-11,252.30999755859375,128948100,3197000000.0,3581000000.0,13623000000.0,16139000000.0,TSLA
2025-04-14,252.3500061035156,100135200,3197000000.0,3581000000.0,13623000000.0,16139000000.0,TSLA
2025-04-15,254.11000061035156,79594300,3197000000.0,3581000000.0,13623000000.0,16139000000.0,TSLA
2025-04-16,241.5500030517578,112378700,3197000000.0,3581000000.0,13623000000.0,16139000000.0,TSLA
2025-04-17,241.3699951171875,83404800,3197000000.0,3581000000.0,13623000000.0,16139000000.0,TSLA
2025-04-21,227.5,97768000,3197000000.0,3581000000.0,13623000000.0,16139000000.0,TSLA
2025-04-22,237.97000122070312,120858500,3197000000.0,3581000000.0,13623000000.0,16139000000.0,TSLA
2025-04-23,250.7400054931641,150381900,3197000000.0,3581000000.0,13623000000.0,16139000000.0,TSLA
2025-04-24,259.510009765625,94464200,3197000000.0,3581000000.0,13623000000.0,16139000000.0,TSLA
2025-04-25,284.95001220703125,167560700,3197000000.0,3581000000.0,13623000000.0,16139000000.0,TSLA
2025-04-28,285.8800048828125,151731800,3197000000.0,3581000000.0,13623000000.0,16139000000.0,TSLA
2025-04-29,292.0299987792969,108906600,3197000000.0,3581000000.0,13623000000.0,16139000000.0,TSLA
2025-04-30,282.1600036621094,128961100,3197000000.0,3581000000.0,13623000000.0,16139000000.0,TSLA
2025-05-01,280.5199890136719,99659000,3197000000.0,3581000000.0,13623000000.0,16139000000.0,TSLA
2025-05-02,287.2099914550781,114454700,3197000000.0,3581000000.0,13623000000.0,16139000000.0,TSLA
2025-05-05,280.260009765625,94618900,3197000000.0,3581000000.0,13623000000.0,16139000000.0,TSLA
2025-05-06,275.3500061035156,76715800,3197000000.0,3581000000.0,13623000000.0,16139000000.0,TSLA
2025-05-07,276.2200012207031,71592600,3197000000.0,3581000000.0,13623000000.0,16139000000.0,TSLA
2025-05-08,284.82000732421875,97539400,3197000000.0,3581000000.0,13623000000.0,16139000000.0,TSLA
2025-05-09,298.260009765625,132387800,3197000000.0,3581000000.0,13623000000.0,16139000000.0,TSLA
2025-05-12,318.3800048828125,112826700,3197000000.0,3581000000.0,13623000000.0,16139000000.0,TSLA
2025-05-13,334.07000732421875,136992600,3197000000.0,3581000000.0,13623000000.0,16139000000.0,TSLA
2025-05-14,347.67999267578125,136997300,3197000000.0,3581000000.0,13623000000.0,16139000000.0,TSLA
2025-05-15,342.82000732421875,97882600,3197000000.0,3581000000.0,13623000000.0,16139000000.0,TSLA
2025-05-16,349.9800109863281,95895700,3197000000.0,3581000000.0,13623000000.0,16139000000.0,TSLA
2025-05-19,342.0899963378906,88869900,3197000000.0,3581000000.0,13623000000.0,16139000000.0,TSLA
2025-05-20,343.82000732421875,131715500,3197000000.0,3581000000.0,13623000000.0,16139000000.0,TSLA
2025-05-21,334.6199951171875,102354800,3197000000.0,3581000000.0,13623000000.0,16139000000.0,TSLA
2025-05-22,341.0400085449219,97113400,3197000000.0,3581000000.0,13623000000.0,16139000000.0,TSLA
2025-05-23,339.3399963378906,84654800,3197000000.0,3581000000.0,13623000000.0,16139000000.0,TSLA
2025-05-27,362.8900146484375,120146400,3197000000.0,3581000000.0,13623000000.0,16139000000.0,TSLA
2025-05-28,356.8999938964844,91404300,3197000000.0,3581000000.0,13623000000.0,16139000000.0,TSLA
2025-05-29,358.42999267578125,88087800,3197000000.0,3581000000.0,13623000000.0,16139000000.0,TSLA
2025-05-30,346.4599914550781,123474900,3197000000.0,3581000000.0,13623000000.0,16139000000.0,TSLA
2025-06-02,342.69000244140625,81873800,3197000000.0,3581000000.0,13623000000.0,16139000000.0,TSLA
2025-06-03,344.2699890136719,99324500,3197000000.0,3581000000.0,13623000000.0,16139000000.0,TSLA
2025-06-04,332.04998779296875,98912100,3197000000.0,3581000000.0,13623000000.0,16139000000.0,TSLA
2025-06-05,284.70001220703125,287499800,3197000000.0,3581000000.0,13623000000.0,16139000000.0,TSLA
2025-06-06,295.1400146484375,164747700,3197000000.0,3581000000.0,13623000000.0,16139000000.0,TSLA
2025-06-09,308.5799865722656,140908900,3197000000.0,3581000000.0,13623000000.0,16139000000.0,TSLA
2025-06-10,326.0899963378906,151256500,3197000000.0,3581000000.0,13623000000.0,16139000000.0,TSLA
2025-06-11,326.42999267578125,122611400,3197000000.0,3581000000.0,13623000000.0,16139000000.0,TSLA
2025-06-12,319.1099853515625,105127500,3197000000.0,3581000000.0,13623000000.0,16139000000.0,TSLA
2025-06-13,325.30999755859375,128964300,3197000000.0,3581000000.0,13623000000.0,16139000000.0,TSLA
2025-06-16,329.1300048828125,83925900,3197000000.0,3581000000.0,13623000000.0,16139000000.0,TSLA
2025-06-17,316.3500061035156,88282700,3197000000.0,3581000000.0,13623000000.0,16139000000.0,TSLA
2025-06-18,322.04998779296875,95137700,3197000000.0,3581000000.0,13623000000.0,16139000000.0,TSLA
2025-06-20,322.1600036621094,108688000,3197000000.0,3581000000.0,13623000000.0,16139000000.0,TSLA
2025-06-23,348.67999267578125,190716800,3197000000.0,3581000000.0,13623000000.0,16139000000.0,TSLA
2025-06-24,340.4700012207031,114736200,3197000000.0,3581000000.0,13623000000.0,16139000000.0,TSLA
2025-06-25,327.54998779296875,119845100,3197000000.0,3581000000.0,13623000000.0,16139000000.0,TSLA
2025-06-26,325.7799987792969,80440900,3197000000.0,3581000000.0,13623000000.0,16139000000.0,TSLA
2025-06-27,323.6300048828125,89067000,3197000000.0,3581000000.0,13623000000.0,16139000000.0,TSLA
2025-06-30,317.6600036621094,76695100,3197000000.0,3581000000.0,13623000000.0,16139000000.0,TSLA
2025-07-01,300.7099914550781,145085700,3197000000.0,3581000000.0,13623000000.0,16139000000.0,TSLA
2025-07-02,315.6499938964844,119483700,3197000000.0,3581000000.0,13623000000.0,16139000000.0,TSLA
2025-07-03,315.3500061035156,58042300,3197000000.0,3581000000.0,13623000000.0,16139000000.0,TSLA
2025-07-07,293.94000244140625,131177900,3197000000.0,3581000000.0,13623000000.0,16139000000.0,TSLA
2025-07-08,297.80999755859375,103246700,3197000000.0,3581000000.0,13623000000.0,16139000000.0,TSLA
2025-07-09,295.8800048828125,75586800,3197000000.0,3581000000.0,13623000000.0,16139000000.0,TSLA
2025-07-10,309.8699951171875,104365300,3197000000.0,3581000000.0,13623000000.0,16139000000.0,TSLA
2025-07-11,313.510009765625,79236400,3197000000.0,3581000000.0,13623000000.0,16139000000.0,TSLA
2025-07-14,316.8999938964844,78043400,3197000000.0,3581000000.0,13623000000.0,16139000000.0,TSLA
2025-07-15,310.7799987792969,77556300,3197000000.0,3581000000.0,13623000000.0,16139000000.0,TSLA
2025-07-16,321.6700134277344,97284800,3197000000.0,3581000000.0,13623000000.0,16139000000.0,TSLA
2025-07-17,319.4100036621094,73922900,3197000000.0,3581000000.0,13623000000.0,16139000000.0,TSLA
2025-07-18,329.6499938964844,94255000,3197000000.0,3581000000.0,13623000000.0,16139000000.0,TSLA
2025-07-21,328.489990234375,75768800,3197000000.0,3581000000.0,13623000000.0,16139000000.0,TSLA
2025-07-22,332.1099853515625,77370400,3197000000.0,3581000000.0,13623000000.0,16139000000.0,TSLA
2025-07-23,332.55999755859375,92553800,3197000000.0,3581000000.0,13623000000.0,16139000000.0,TSLA
2025-07-24,305.29998779296875,156966000,3197000000.0,3581000000.0,13623000000.0,16139000000.0,TSLA
2025-07-25,316.05999755859375,148227000,3197000000.0,3581000000.0,13623000000.0,16139000000.0,TSLA
2025-07-28,325.5899963378906,112673800,3197000000.0,3581000000.0,13623000000.0,16139000000.0,TSLA
2025-07-29,321.20001220703125,87358900,3197000000.0,3581000000.0,13623000000.0,16139000000.0,TSLA
2025-07-30,319.0400085449219,83931900,3197000000.0,3581000000.0,13623000000.0,16139000000.0,TSLA
2025-07-31,308.2699890136719,85270900,3197000000.0,3581000000.0,13623000000.0,16139000000.0,TSLA
2025-08-01,302.6300048828125,89121400,3197000000.0,3581000000.0,13623000000.0,16139000000.0,TSLA
2025-08-04,309.260009765625,78683900,3197000000.0,3581000000.0,13623000000.0,16139000000.0,TSLA
2025-08-05,308.7200012207031,57961300,3197000000.0,3581000000.0,13623000000.0,16139000000.0,TSLA
2025-08-06,319.9100036621094,78523600,3197000000.0,3581000000.0,13623000000.0,16139000000.0,TSLA
2025-08-07,322.2699890136719,66658700,3197000000.0,3581000000.0,13623000000.0,16139000000.0,TSLA
2025-08-08,329.6499938964844,91200300,3197000000.0,3581000000.0,13623000000.0,16139000000.0,TSLA
2025-08-11,339.0299987792969,105320200,3197000000.0,3581000000.0,13623000000.0,16139000000.0,TSLA
2025-08-12,340.8399963378906,80522100,3197000000.0,3581000000.0,13623000000.0,16139000000.0,TSLA
2025-08-13,339.3800048828125,67838900,3197000000.0,3581000000.0,13623000000.0,16139000000.0,TSLA
2025-08-14,335.5799865722656,75000700,3197000000.0,3581000000.0,13623000000.0,16139000000.0,TSLA
2025-08-15,330.55999755859375,74319800,3197000000.0,3581000000.0,13623000000.0,16139000000.0,TSLA
2025-08-18,335.1600036621094,56956600,3197000000.0,3581000000.0,13623000000.0,16139000000.0,TSLA
2025-08-19,329.30999755859375,75956000,3197000000.0,3581000000.0,13623000000.0,16139000000.0,TSLA
2025-08-20,323.8999938964844,77481800,3197000000.0,3581000000.0,13623000000.0,16139000000.0,TSLA
2025-08-21,320.1099853515625,55744400,3197000000.0,3581000000.0,13623000000.0,16139000000.0,TSLA
2025-08-22,340.010009765625,94016300,3197000000.0,3581000000.0,13623000000.0,16139000000.0,TSLA
2025-08-25,346.6000061035156,86670000,3197000000.0,3581000000.0,13623000000.0,16139000000.0,TSLA
2025-08-26,351.6700134277344,76651600,3197000000.0,3581000000.0,13623000000.0,16139000000.0,TSLA
2025-08-27,349.6000061035156,65519000,3197000000.0,3581000000.0,13623000000.0,16139000000.0,TSLA
2025-08-28,345.9800109863281,67903200,3197000000.0,3581000000.0,13623000000.0,16139000000.0,TSLA
2025-08-29,333.8699951171875,81145700,3197000000.0,3581000000.0,13623000000.0,16139000000.0,TSLA
2025-09-02,329.3599853515625,58392000,3197000000.0,3581000000.0,13623000000.0,16139000000.0,TSLA
2025-09-03,334.0899963378906,88733300,3197000000.0,3581000000.0,13623000000.0,16139000000.0,TSLA
2025-09-04,338.5299987792969,60711000,3197000000.0,3581000000.0,13623000000.0,16139000000.0,TSLA
2025-09-05,350.8399963378906,108989800,3197000000.0,3581000000.0,13623000000.0,16139000000.0,TSLA
2025-09-08,346.3999938964844,75208300,3197000000.0,3581000000.0,13623000000.0,16139000000.0,TSLA
2025-09-09,346.9700012207031,53816000,3197000000.0,3581000000.0,13623000000.0,16139000000.0,TSLA
2025-09-10,347.7900085449219,72121700,3197000000.0,3581000000.0,13623000000.0,16139000000.0,TSLA
2025-09-11,368.80999755859375,103756000,3197000000.0,3581000000.0,13623000000.0,16139000000.0,TSLA
2025-09-12,395.94000244140625,168156400,3197000000.0,3581000000.0,13623000000.0,16139000000.0,TSLA
2025-09-15,410.0400085449219,163823700,3197000000.0,3581000000.0,13623000000.0,16139000000.0,TSLA
2025-09-16,421.6199951171875,104285700,3197000000.0,3581000000.0,13623000000.0,16139000000.0,TSLA
2025-09-17,425.8599853515625,106133500,3197000000.0,3581000000.0,13623000000.0,16139000000.0,TSLA
2025-09-18,416.8500061035156,90454500,3197000000.0,3581000000.0,13623000000.0,16139000000.0,TSLA
2025-09-19,426.0700073242187,93131000,3197000000.0,3581000000.0,13623000000.0,16139000000.0,TSLA
2025-09-22,434.2099914550781,97108800,3197000000.0,3581000000.0,13623000000.0,16139000000.0,TSLA
2025-09-23,425.8500061035156,83422700,3197000000.0,3581000000.0,13623000000.0,16139000000.0,TSLA
2025-09-24,442.7900085449219,93133600,3197000000.0,3581000000.0,13623000000.0,16139000000.0,TSLA
2025-09-25,423.3900146484375,96746400,3197000000.0,3581000000.0,13623000000.0,16139000000.0,TSLA
2025-09-26,440.3999938964844,101628200,3197000000.0,3581000000.0,13623000000.0,16139000000.0,TSLA
2025-09-29,443.2099914550781,79491500,3197000000.0,3581000000.0,13623000000.0,16139000000.0,TSLA
2025-09-30,444.7200012207031,74358000,3197000000.0,3581000000.0,13623000000.0,16139000000.0,TSLA
2025-10-01,459.4599914550781,98122300,3197000000.0,3581000000.0,13623000000.0,16139000000.0,TSLA
2025-10-02,436.0,137009000,3197000000.0,3581000000.0,13623000000.0,16139000000.0,TSLA
2025-10-03,429.8299865722656,133188200,3197000000.0,3581000000.0,13623000000.0,16139000000.0,TSLA
2025-10-06,453.25,85324900,3197000000.0,3581000000.0,13623000000.0,16139000000.0,TSLA
2025-10-07,433.0899963378906,102296100,3197000000.0,3581000000.0,13623000000.0,16139000000.0,TSLA
2025-10-08,438.69000244140625,71192100,3197000000.0,3581000000.0,13623000000.0,16139000000.0,TSLA
2025-10-09,435.5400085449219,69339900,3197000000.0,3581000000.0,13623000000.0,16139000000.0,TSLA
2025-10-10,413.489990234375,112107900,3197000000.0,3581000000.0,13623000000.0,16139000000.0,TSLA
2025-10-13,435.8999938964844,79552800,3197000000.0,3581000000.0,13623000000.0,16139000000.0,TSLA
2025-10-14,429.239990234375,72669400,3197000000.0,3581000000.0,13623000000.0,16139000000.0,TSLA
2025-10-15,435.1499938964844,71558200,3197000000.0,3581000000.0,13623000000.0,16139000000.0,TSLA
2025-10-16,428.75,77189900,3197000000.0,3581000000.0,13623000000.0,16139000000.0,TSLA
2025-10-17,439.30999755859375,89331600,3197000000.0,3581000000.0,13623000000.0,16139000000.0,TSLA
2025-10-20,447.4299926757813,63719000,3197000000.0,3581000000.0,13623000000.0,16139000000.0,TSLA
2025-10-21,442.6000061035156,54412200,3197000000.0,3581000000.0,13623000000.0,16139000000.0,TSLA
2025-10-22,438.9700012207031,84023500,3197000000.0,3581000000.0,13623000000.0,16139000000.0,TSLA
2025-10-23,448.9800109863281,126709800,3197000000.0,3581000000.0,13623000000.0,16139000000.0,TSLA
2025-10-24,433.7200012207031,94727800,3197000000.0,3581000000.0,13623000000.0,16139000000.0,TSLA
2025-10-27,452.4200134277344,105867500,3197000000.0,3581000000.0,13623000000.0,16139000000.0,TSLA
2025-10-28,460.5499877929687,80185700,3197000000.0,3581000000.0,13623000000.0,16139000000.0,TSLA
2025-10-29,461.510009765625,67983500,3197000000.0,3581000000.0,13623000000.0,16139000000.0,TSLA
2025-10-30,440.1000061035156,72447900,3197000000.0,3581000000.0,13623000000.0,16139000000.0,TSLA
2025-10-31,456.55999755859375,83135800,3197000000.0,3581000000.0,13623000000.0,16139000000.0,TSLA
2025-11-03,468.3699951171875,84595200,3197000000.0,3581000000.0,13623000000.0,16139000000.0,TSLA
2025-11-04,444.260009765625,87756600,3197000000.0,3581000000.0,13623000000.0,16139000000.0,TSLA
2025-11-05,462.0700073242187,85573000,3197000000.0,3581000000.0,13623000000.0,16139000000.0,TSLA
2025-11-06,445.9100036621094,109622900,3197000000.0,3581000000.0,13623000000.0,16139000000.0,TSLA
2025-11-07,429.5199890136719,103471500,3197000000.0,3581000000.0,13623000000.0,16139000000.0,TSLA
2025-11-10,445.2300109863281,76515900,3197000000.0,3581000000.0,13623000000.0,16139000000.0,TSLA
2025-11-11,439.6199951171875,60533200,3197000000.0,3581000000.0,13623000000.0,16139000000.0,TSLA
2025-11-12,430.6000061035156,58513500,3197000000.0,3581000000.0,13623000000.0,16139000000.0,TSLA
2025-11-13,401.989990234375,118948000,3197000000.0,3581000000.0,13623000000.0,16139000000.0,TSLA
2025-11-14,404.3500061035156,105506700,3197000000.0,3581000000.0,13623000000.0,16139000000.0,TSLA
2025-11-17,408.9200134277344,102214300,3197000000.0,3581000000.0,13623000000.0,16139000000.0,TSLA
2025-11-18,401.25,80688600,3197000000.0,3581000000.0,13623000000.0,16139000000.0,TSLA
2025-11-19,403.989990234375,72047700,3197000000.0,3581000000.0,13623000000.0,16139000000.0,TSLA
2025-11-20,395.2300109863281,113548800,3197000000.0,3581000000.0,13623000000.0,16139000000.0,TSLA
2025-11-21,391.0899963378906,100460600,3197000000.0,3581000000.0,13623000000.0,16139000000.0,TSLA
2025-11-24,417.7799987792969,96806400,3197000000.0,3581000000.0,13623000000.0,16139000000.0,TSLA
2025-11-25,419.3999938964844,71915600,3197000000.0,3581000000.0,13623000000.0,16139000000.0,TSLA
2025-11-26,426.5799865722656,63463000,3197000000.0,3581000000.0,13623000000.0,16139000000.0,TSLA
2025-11-28,430.1700134277344,36252900,3197000000.0,3581000000.0,13623000000.0,16139000000.0,TSLA
2025-12-01,430.1400146484375,57463600,3197000000.0,3581000000.0,13623000000.0,16139000000.0,TSLA
2025-12-02,429.239990234375,69336600,3197000000.0,3581000000.0,13623000000.0,16139000000.0,TSLA
2025-12-03,446.739990234375,87483000,3197000000.0,3581000000.0,13623000000.0,16139000000.0,TSLA
2025-12-04,454.5299987792969,71906500,3197000000.0,3581000000.0,13623000000.0,16139000000.0,TSLA
2025-12-05,455.0,56427500,3197000000.0,3581000000.0,13623000000.0,16139000000.0,TSLA
2025-12-08,439.5799865722656,69165800,3197000000.0,3581000000.0,13623000000.0,16139000000.0,TSLA
2025-12-09,445.1700134277344,62367400,3197000000.0,3581000000.0,13623000000.0,16139000000.0,TSLA
2025-12-10,451.4500122070313,63257500,3197000000.0,3581000000.0,13623000000.0,16139000000.0,TSLA
2025-12-11,446.8900146484375,55979500,3197000000.0,3581000000.0,13623000000.0,16139000000.0,TSLA
2025-12-12,458.9599914550781,95656700,3197000000.0,3581000000.0,13623000000.0,16139000000.0,TSLA
2025-12-15,475.30999755859375,114542200,3197000000.0,3581000000.0,13623000000.0,16139000000.0,TSLA
2025-12-16,489.8800048828125,107608100,3197000000.0,3581000000.0,13623000000.0,16139000000.0,TSLA
2025-12-17,467.260009765625,106490400,3197000000.0,3581000000.0,13623000000.0,16139000000.0,TSLA
2025-12-18,483.3699951171875,95168400,3197000000.0,3581000000.0,13623000000.0,16139000000.0,TSLA
2025-12-19,481.2000122070313,103305400,3197000000.0,3581000000.0,13623000000.0,16139000000.0,TSLA
2025-12-22,488.7300109863281,86916100,3197000000.0,3581000000.0,13623000000.0,16139000000.0,TSLA
2025-12-23,485.55999755859375,58223600,3197000000.0,3581000000.0,13623000000.0,16139000000.0,TSLA
2025-12-24,485.3999938964844,41285400,3197000000.0,3581000000.0,13623000000.0,16139000000.0,TSLA
2025-12-26,475.19000244140625,58780700,3197000000.0,3581000000.0,13623000000.0,16139000000.0,TSLA
2025-12-29,459.6400146484375,66263000,3197000000.0,3581000000.0,13623000000.0,16139000000.0,TSLA
2025-12-30,454.4299926757813,59238500,3197000000.0,3581000000.0,13623000000.0,16139000000.0,TSLA
2025-12-31,449.7200012207031,49078000,3225000000.0,6220000000.0,8376000000.0,16513000000.0,TSLA
2026-01-02,438.0700073242187,85535400,3225000000.0,6220000000.0,8376000000.0,16513000000.0,TSLA
2026-01-05,451.6700134277344,67940800,3225000000.0,6220000000.0,8376000000.0,16513000000.0,TSLA
2026-01-06,432.9599914550781,89093800,3225000000.0,6220000000.0,8376000000.0,16513000000.0,TSLA
2026-01-07,431.4100036621094,59828800,3225000000.0,6220000000.0,8376000000.0,16513000000.0,TSLA
2026-01-08,435.7999877929687,57041100,3225000000.0,6220000000.0,8376000000.0,16513000000.0,TSLA
2026-01-09,445.010009765625,67331500,3225000000.0,6220000000.0,8376000000.0,16513000000.0,TSLA
2026-01-12,448.9599914550781,61649600,3225000000.0,6220000000.0,8376000000.0,16513000000.0,TSLA
2026-01-13,447.2000122070313,53719200,3225000000.0,6220000000.0,8376000000.0,16513000000.0,TSLA
2026-01-14,439.2000122070313,57259500,3225000000.0,6220000000.0,8376000000.0,16513000000.0,TSLA
2026-01-15,438.5700073242187,49465800,3225000000.0,6220000000.0,8376000000.0,16513000000.0,TSLA
2026-01-16,437.5,60220600,3225000000.0,6220000000.0,8376000000.0,16513000000.0,TSLA
2026-01-20,419.25,63187300,3225000000.0,6220000000.0,8376000000.0,16513000000.0,TSLA
2026-01-21,431.44000244140625,68124000,3225000000.0,6220000000.0,8376000000.0,16513000000.0,TSLA
2026-01-22,449.3599853515625,71546700,3225000000.0,6220000000.0,8376000000.0,16513000000.0,TSLA
2026-01-23,449.05999755859375,56771400,3225000000.0,6220000000.0,8376000000.0,16513000000.0,TSLA
2026-01-26,435.2000122070313,49397400,3225000000.0,6220000000.0,8376000000.0,16513000000.0,TSLA
2026-01-27,430.8999938964844,37733100,3225000000.0,6220000000.0,8376000000.0,16513000000.0,TSLA
2026-01-28,431.4599914550781,54857400,3225000000.0,6220000000.0,8376000000.0,16513000000.0,TSLA
2026-01-29,416.55999755859375,81686100,3225000000.0,6220000000.0,8376000000.0,16513000000.0,TSLA
2026-01-30,430.4100036621094,82626100,3225000000.0,6220000000.0,8376000000.0,16513000000.0,TSLA
2026-02-02,421.80999755859375,58739500,3225000000.0,6220000000.0,8376000000.0,16513000000.0,TSLA
2026-02-03,421.9599914550781,56886500,3225000000.0,6220000000.0,8376000000.0,16513000000.0,TSLA
2026-02-04,406.010009765625,74606900,3225000000.0,6220000000.0,8376000000.0,16513000000.0,TSLA
2026-02-05,397.2099914550781,72819800,3225000000.0,6220000000.0,8376000000.0,16513000000.0,TSLA
2026-02-06,411.1099853515625,62677100,3225000000.0,6220000000.0,8376000000.0,16513000000.0,TSLA
2026-02-09,417.3200073242187,54484300,3225000000.0,6220000000.0,8376000000.0,16513000000.0,TSLA
2026-02-10,425.2099914550781,64450200,3225000000.0,6220000000.0,8376000000.0,16513000000.0,TSLA
2026-02-11,428.2699890136719,57362000,3225000000.0,6220000000.0,8376000000.0,16513000000.0,TSLA
2026-02-12,417.0700073242187,61933400,3225000000.0,6220000000.0,8376000000.0,16513000000.0,TSLA
2026-02-13,417.44000244140625,51434100,3225000000.0,6220000000.0,8376000000.0,16513000000.0,TSLA
2026-02-17,410.6300048828125,59678800,3225000000.0,6220000000.0,8376000000.0,16513000000.0,TSLA
2026-02-18,411.3200073242187,45921400,3225000000.0,6220000000.0,8376000000.0,16513000000.0,TSLA
2026-02-19,411.7099914550781,51019600,3225000000.0,6220000000.0,8376000000.0,16513000000.0,TSLA
2026-02-20,411.8200073242187,57912200,3225000000.0,6220000000.0,8376000000.0,16513000000.0,TSLA
2026-02-23,399.8299865722656,69680000,3225000000.0,6220000000.0,8376000000.0,16513000000.0,TSLA
2026-02-24,409.3800048828125,58579500,3225000000.0,6220000000.0,8376000000.0,16513000000.0,TSLA
2026-02-25,417.3999938964844,54809700,3225000000.0,6220000000.0,8376000000.0,16513000000.0,TSLA
2026-02-26,408.5799865722656,53602500,3225000000.0,6220000000.0,8376000000.0,16513000000.0,TSLA
2026-02-27,402.510009765625,56890100,3225000000.0,6220000000.0,8376000000.0,16513000000.0,TSLA
2026-03-02,403.3200073242187,55088300,3225000000.0,6220000000.0,8376000000.0,16513000000.0,TSLA
2026-03-03,392.4299926757813,62617300,3225000000.0,6220000000.0,8376000000.0,16513000000.0,TSLA
2026-03-04,405.94000244140625,68305500,3225000000.0,6220000000.0,8376000000.0,16513000000.0,TSLA
2026-03-05,405.5499877929687,51925900,3225000000.0,6220000000.0,8376000000.0,16513000000.0,TSLA
2026-03-06,396.7300109863281,64054600,3225000000.0,6220000000.0,8376000000.0,16513000000.0,TSLA
2026-03-09,398.6799926757813,67018900,3225000000.0,6220000000.0,8376000000.0,16513000000.0,TSLA
2026-03-10,399.239990234375,59258700,3225000000.0,6220000000.0,8376000000.0,16513000000.0,TSLA
2026-03-11,407.8200073242187,62559900,3225000000.0,6220000000.0,8376000000.0,16513000000.0,TSLA
2026-03-12,395.010009765625,60973800,3225000000.0,6220000000.0,8376000000.0,16513000000.0,TSLA
2026-03-13,391.2000122070313,58504100,3225000000.0,6220000000.0,8376000000.0,16513000000.0,TSLA
2026-03-16,395.55999755859375,58068300,3225000000.0,6220000000.0,8376000000.0,16513000000.0,TSLA
2026-03-17,399.2699890136719,46890500,3225000000.0,6220000000.0,8376000000.0,16513000000.0,TSLA
2026-03-18,392.7799987792969,50853100,3225000000.0,6220000000.0,8376000000.0,16513000000.0,TSLA
2026-03-19,380.2999877929687,67078300,3225000000.0,6220000000.0,8376000000.0,16513000000.0,TSLA
2026-03-20,367.9599914550781,78628600,3225000000.0,6220000000.0,8376000000.0,16513000000.0,TSLA
2026-03-23,380.8500061035156,74606000,3225000000.0,6220000000.0,8376000000.0,16513000000.0,TSLA
2026-03-24,383.0299987792969,60004900,3225000000.0,6220000000.0,8376000000.0,16513000000.0,TSLA
2026-03-25,385.9500122070313,55157300,3225000000.0,6220000000.0,8376000000.0,16513000000.0,TSLA
2026-03-26,372.1099853515625,55522900,3225000000.0,6220000000.0,8376000000.0,16513000000.0,TSLA
2026-03-27,361.8299865722656,62065700,3225000000.0,6220000000.0,8376000000.0,16513000000.0,TSLA
2026-03-30,355.2799987792969,67954400,3225000000.0,6220000000.0,8376000000.0,16513000000.0,TSLA
2026-03-31,371.75,75534900,3225000000.0,6220000000.0,8376000000.0,16513000000.0,TSLA
2026-04-01,381.260009765625,58683800,3225000000.0,6220000000.0,8376000000.0,16513000000.0,TSLA
2026-04-02,360.5899963378906,83031200,3225000000.0,6220000000.0,8376000000.0,16513000000.0,TSLA
2026-04-06,352.82000732421875,77697600,3225000000.0,6220000000.0,8376000000.0,16513000000.0,TSLA
2026-04-07,346.6499938964844,74515400,3225000000.0,6220000000.0,8376000000.0,16513000000.0,TSLA
2026-04-08,343.25,78838600,3225000000.0,6220000000.0,8376000000.0,16513000000.0,TSLA
2026-04-09,345.6199951171875,62164000,3225000000.0,6220000000.0,8376000000.0,16513000000.0,TSLA
2026-04-10,348.95001220703125,51336000,3225000000.0,6220000000.0,8376000000.0,16513000000.0,TSLA
2026-04-13,352.4200134277344,53617500,3225000000.0,6220000000.0,8376000000.0,16513000000.0,TSLA
2026-04-14,364.2000122070313,59979600,3225000000.0,6220000000.0,8376000000.0,16513000000.0,TSLA
2026-04-15,391.9500122070313,113810400,3225000000.0,6220000000.0,8376000000.0,16513000000.0,TSLA
2026-04-16,388.8999938964844,63515100,3225000000.0,6220000000.0,8376000000.0,16513000000.0,TSLA
2026-04-17,400.6199951171875,90640000,3225000000.0,6220000000.0,8376000000.0,16513000000.0,TSLA
2026-04-20,392.5,64603900,3225000000.0,6220000000.0,8376000000.0,16513000000.0,TSLA
2026-04-21,386.4200134277344,50530600,3225000000.0,6220000000.0,8376000000.0,16513000000.0,TSLA
2026-04-22,387.510009765625,62362800,3225000000.0,6220000000.0,8376000000.0,16513000000.0,TSLA
2026-04-23,373.7200012207031,93969500,3225000000.0,6220000000.0,8376000000.0,16513000000.0,TSLA
2026-04-24,376.2999877929687,62893300,3225000000.0,6220000000.0,8376000000.0,16513000000.0,TSLA
2026-04-27,378.6700134277344,66735800,3225000000.0,6220000000.0,8376000000.0,16513000000.0,TSLA
2026-04-28,376.0199890136719,50864400,3225000000.0,6220000000.0,8376000000.0,16513000000.0,TSLA
2026-04-29,372.7999877929687,45384800,3225000000.0,6220000000.0,8376000000.0,16513000000.0,TSLA
2026-04-30,381.6300048828125,51076000,3225000000.0,6220000000.0,8376000000.0,16513000000.0,TSLA
2026-05-01,390.8200073242187,65338300,3225000000.0,6220000000.0,8376000000.0,16513000000.0,TSLA
2026-05-04,392.510009765625,48765100,3225000000.0,6220000000.0,8376000000.0,16513000000.0,TSLA
2026-05-05,389.3699951171875,47780600,3225000000.0,6220000000.0,8376000000.0,16513000000.0,TSLA
2026-05-06,398.7300109863281,53465400,3225000000.0,6220000000.0,8376000000.0,16513000000.0,TSLA
2026-05-07,411.7900085449219,64294200,3225000000.0,6220000000.0,8376000000.0,16513000000.0,TSLA
2026-05-08,428.3500061035156,65050000,3225000000.0,6220000000.0,8376000000.0,16513000000.0,TSLA
2026-05-11,445.0,78376100,3225000000.0,6220000000.0,8376000000.0,16513000000.0,TSLA
2026-05-12,433.4500122070313,60569300,3225000000.0,6220000000.0,8376000000.0,16513000000.0,TSLA
2026-05-13,445.2699890136719,68283200,3225000000.0,6220000000.0,8376000000.0,16513000000.0,TSLA
2026-05-14,443.2999877929687,46070400,3225000000.0,6220000000.0,8376000000.0,16513000000.0,TSLA
2026-05-15,422.239990234375,52688700,3225000000.0,6220000000.0,8376000000.0,16513000000.0,TSLA
2026-05-18,409.989990234375,52474200,3225000000.0,6220000000.0,8376000000.0,16513000000.0,TSLA
2026-05-19,404.1099853515625,46500600,3225000000.0,6220000000.0,8376000000.0,16513000000.0,TSLA
2026-05-20,417.260009765625,45294700,3225000000.0,6220000000.0,8376000000.0,16513000000.0,TSLA
2026-05-21,417.8500061035156,42636900,3225000000.0,6220000000.0,8376000000.0,16513000000.0,TSLA
2026-05-22,426.010009765625,46104700,3225000000.0,6220000000.0,8376000000.0,16513000000.0,TSLA
2026-05-26,433.5899963378906,45658900,3225000000.0,6220000000.0,8376000000.0,16513000000.0,TSLA
2026-05-27,440.3599853515625,44656500,3225000000.0,6220000000.0,8376000000.0,16513000000.0,TSLA
2026-05-28,442.1000061035156,32435000,3225000000.0,6220000000.0,8376000000.0,16513000000.0,TSLA
2026-05-29,435.7900085449219,45176800,3225000000.0,6220000000.0,8376000000.0,16513000000.0,TSLA
2026-06-01,415.8800048828125,44937900,3225000000.0,6220000000.0,8376000000.0,16513000000.0,TSLA
2026-06-02,423.739990234375,37596000,3225000000.0,6220000000.0,8376000000.0,16513000000.0,TSLA
2026-06-03,423.7000122070313,44500700,3225000000.0,6220000000.0,8376000000.0,16513000000.0,TSLA
2026-06-04,418.4500122070313,35323300,3225000000.0,6220000000.0,8376000000.0,16513000000.0,TSLA
2026-06-05,391.0,63420200,3225000000.0,6220000000.0,8376000000.0,16513000000.0,TSLA
2026-06-08,408.9500122070313,50328800,3225000000.0,6220000000.0,8376000000.0,16513000000.0,TSLA
2026-06-09,396.6799926757813,59940200,3225000000.0,6220000000.0,8376000000.0,16513000000.0,TSLA
2026-06-10,381.5899963378906,49695600,3225000000.0,6220000000.0,8376000000.0,16513000000.0,TSLA
2026-06-11,399.1499938964844,45324300,3225000000.0,6220000000.0,8376000000.0,16513000000.0,TSLA
2026-06-12,406.4299926757813,63514500,3225000000.0,6220000000.0,8376000000.0,16513000000.0,TSLA
2026-06-15,411.1499938964844,45620500,3225000000.0,6220000000.0,8376000000.0,16513000000.0,TSLA
2026-06-16,404.6600036621094,40255500,3225000000.0,6220000000.0,8376000000.0,16513000000.0,TSLA
2026-06-17,396.3800048828125,43534300,3225000000.0,6220000000.0,8376000000.0,16513000000.0,TSLA
2026-06-18,400.489990234375,58384700,3225000000.0,6220000000.0,8376000000.0,16513000000.0,TSLA
2026-06-22,405.0499877929687,47819500,3225000000.0,6220000000.0,8376000000.0,16513000000.0,TSLA
2026-06-23,381.6099853515625,50420200,3225000000.0,6220000000.0,8376000000.0,16513000000.0,TSLA
2026-06-24,375.5299987792969,37081400,3225000000.0,6220000000.0,8376000000.0,16513000000.0,TSLA
2026-06-25,375.1199951171875,30138800,3225000000.0,6220000000.0,8376000000.0,16513000000.0,TSLA
2026-06-26,379.7099914550781,53434100,3225000000.0,6220000000.0,8376000000.0,16513000000.0,TSLA
2026-06-29,411.8399963378906,57645800,3225000000.0,6220000000.0,8376000000.0,16513000000.0,TSLA
2026-06-30,420.6000061035156,43385600,3225000000.0,6220000000.0,8376000000.0,16513000000.0,TSLA
2026-07-01,425.2999877929687,40127900,3225000000.0,6220000000.0,8376000000.0,16513000000.0,TSLA
2026-07-02,393.4500122070313,73717700,3225000000.0,6220000000.0,8376000000.0,16513000000.0,TSLA
2026-07-06,419.7699890136719,54727900,3225000000.0,6220000000.0,8376000000.0,16513000000.0,TSLA
2026-07-07,402.8999938964844,38149900,3225000000.0,6220000000.0,8376000000.0,16513000000.0,TSLA
2026-07-08,394.05999755859375,33844900,3225000000.0,6220000000.0,8376000000.0,16513000000.0,TSLA
2026-07-09,406.5499877929687,37835000,3225000000.0,6220000000.0,8376000000.0,16513000000.0,TSLA
2026-07-10,407.760009765625,33410000,3225000000.0,6220000000.0,8376000000.0,16513000000.0,TSLA
2026-07-13,394.760009765625,32809200,3225000000.0,6220000000.0,8376000000.0,16513000000.0,TSLA
2026-07-14,396.1799926757813,23385000,3225000000.0,6220000000.0,8376000000.0,16513000000.0,TSLA
2026-07-15,394.4599914550781,31549800,3225000000.0,6220000000.0,8376000000.0,16513000000.0,TSLA
2026-07-16,391.05999755859375,29269100,3225000000.0,6220000000.0,8376000000.0,16513000000.0,TSLA
2026-07-17,380.8399963378906,31394600,3225000000.0,6220000000.0,8376000000.0,16513000000.0,TSLA
2026-07-20,369.5700073242187,33901500,3225000000.0,6220000000.0,8376000000.0,16513000000.0,TSLA
2026-07-21,378.9299926757813,32735300,3225000000.0,6220000000.0,8376000000.0,16513000000.0,TSLA
2026-07-22,374.010009765625,30646100,3225000000.0,6220000000.0,8376000000.0,16513000000.0,TSLA
2026-07-23,319.69000244140625,115606400,3225000000.0,6220000000.0,8376000000.0,16513000000.0,TSLA
2026-07-24,313.0299987792969,62760000,3225000000.0,6220000000.0,8376000000.0,16513000000.0,TSLA
2026-07-27,309.2200012207031,44919400,3225000000.0,6220000000.0,8376000000.0,16513000000.0,TSLA
2026-07-28,307.44000244140625,39802400,3225000000.0,6220000000.0,8376000000.0,16513000000.0,TSLA
2026-07-29,298.32000732421875,39478000,3225000000.0,6220000000.0,8376000000.0,16513000000.0,TSLA
2026-07-30,308.8500061035156,38005400,3225000000.0,6220000000.0,8376000000.0,16513000000.0,TSLA
2026-07-31,311.2099914550781,36630600,3225000000.0,6220000000.0,8376000000.0,16513000000.0,TSLA
2026-08-03,322.0799865722656,38281400,3225000000.0,6220000000.0,8376000000.0,16513000000.0,TSLA
2026-08-04,327.3500061035156,33318300,3225000000.0,6220000000.0,8376000000.0,16513000000.0,TSLA
2026-08-05,321.54998779296875,27820800,3225000000.0,6220000000.0,8376000000.0,16513000000.0,TSLA
2026-08-06,319.5299987792969,26033800,3225000000.0,6220000000.0,8376000000.0,16513000000.0,TSLA
2026-08-07,328.5799865722656,39492300,3225000000.0,6220000000.0,8376000000.0,16513000000.0,TSLA
2026-08-10,330.8800048828125,25003800,3225000000.0,6220000000.0,8376000000.0,16513000000.0,TSLA
2026-08-11,332.80999755859375,23345200,3225000000.0,6220000000.0,8376000000.0,16513000000.0,TSLA
2026-08-12,327.510009765625,28698900,3225000000.0,6220000000.0,8376000000.0,16513000000.0,TSLA
2026-08-13,339.9599914550781,34708300,3225000000.0,6220000000.0,8376000000.0,16513000000.0,TSLA
2026-08-14,342.2699890136719,45437100,3225000000.0,6220000000.0,8376000000.0,16513000000.0,TSLA
2026-08-17,339.29998779296875,26037100,3225000000.0,6220000000.0,8376000000.0,16513000000.0,TSLA
2026-08-18,336.8699951171875,27994500,3225000000.0,6220000000.0,8376000000.0,16513000000.0,TSLA
2026-08-19,351.1199951171875,36735400,3225000000.0,6220000000.0,8376000000.0,16513000000.0,TSLA
2026-08-20,345.1300048828125,30766400,3225000000.0,6220000000.0,8376000000.0,16513000000.0,TSLA
2026-08-21,362.8599853515625,59224000,3225000000.0,6220000000.0,8376000000.0,16513000000.0,TSLA
2026-08-24,348.95001220703125,39190500,3225000000.0,6220000000.0,8376000000.0,16513000000.0,TSLA
2026-08-25,350.25,29816700,3225000000.0,6220000000.0,8376000000.0,16513000000.0,TSLA
2026-08-26,345.82000732421875,28573000,3225000000.0,6220000000.0,8376000000.0,16513000000.0,TSLA
2026-08-27,354.80999755859375,30136200,3225000000.0,6220000000.0,8376000000.0,16513000000.0,TSLA
2026-08-28,348.75,32972200,3225000000.0,6220000000.0,8376000000.0,16513000000.0,TSLA
2026-08-31,367.9500122070313,61732300,3225000000.0,6220000000.0,8376000000.0,16513000000.0,TSLA
2026-09-01,356.0899963378906,36193900,3225000000.0,6220000000.0,8376000000.0,16513000000.0,TSLA
2026-09-02,357.010009765625,33848000,3225000000.0,6220000000.0,8376000000.0,16513000000.0,TSLA
